OP State,Accelerator Core,Input Shapes,Input Data Types,Input Formats,Output Shapes,Output Data Types,Output Formats,Average Duration(us),Op Type,Batch,Seq Len,Num Heads,Num KV Heads,Head Size
dynamic,AI_CORE,"128,8,128;128,8,128;128,8,128",DT_BF16;DT_BF16;DT_BF16,ND;ND;ND,"128,8,128",DT_BF16,ND,300.39,attention_context,1,128,8,0,128
dynamic,AI_CORE,"128,8,128;128,1,128;128,1,128",DT_BF16;DT_BF16;DT_BF16,ND;ND;ND,"128,8,128",DT_BF16,ND,295.36,attention_context,1,128,8,1,128
dynamic,AI_CORE,"128,8,128;128,4,128;128,4,128",DT_BF16;DT_BF16;DT_BF16,ND;ND;ND,"128,8,128",DT_BF16,ND,290.63,attention_context,1,128,8,4,128
dynamic,AI_CORE,"128,8,128;128,8,128;128,8,128",DT_BF16;DT_BF16;DT_BF16,ND;ND;ND,"128,8,128",DT_BF16,ND,290.88,attention_context,1,128,8,8,128
dynamic,AI_CORE,"128,16,128;128,16,128;128,16,128",DT_BF16;DT_BF16;DT_BF16,ND;ND;ND,"128,16,128",DT_BF16,ND,232.95,attention_context,1,128,16,0,128
dynamic,AI_CORE,"128,16,128;128,1,128;128,1,128",DT_BF16;DT_BF16;DT_BF16,ND;ND;ND,"128,16,128",DT_BF16,ND,236.30,attention_context,1,128,16,1,128
dynamic,AI_CORE,"128,16,128;128,4,128;128,4,128",DT_BF16;DT_BF16;DT_BF16,ND;ND;ND,"128,16,128",DT_BF16,ND,236.13,attention_context,1,128,16,4,128
dynamic,AI_CORE,"128,16,128;128,8,128;128,8,128",DT_BF16;DT_BF16;DT_BF16,ND;ND;ND,"128,16,128",DT_BF16,ND,236.40,attention_context,1,128,16,8,128
dynamic,AI_CORE,"128,32,128;128,32,128;128,32,128",DT_BF16;DT_BF16;DT_BF16,ND;ND;ND,"128,32,128",DT_BF16,ND,237.25,attention_context,1,128,32,0,128
dynamic,AI_CORE,"128,32,128;128,1,128;128,1,128",DT_BF16;DT_BF16;DT_BF16,ND;ND;ND,"128,32,128",DT_BF16,ND,235.69,attention_context,1,128,32,1,128
dynamic,AI_CORE,"128,32,128;128,4,128;128,4,128",DT_BF16;DT_BF16;DT_BF16,ND;ND;ND,"128,32,128",DT_BF16,ND,234.48,attention_context,1,128,32,4,128
dynamic,AI_CORE,"128,32,128;128,8,128;128,8,128",DT_BF16;DT_BF16;DT_BF16,ND;ND;ND,"128,32,128",DT_BF16,ND,235.08,attention_context,1,128,32,8,128
dynamic,AI_CORE,"128,40,128;128,40,128;128,40,128",DT_BF16;DT_BF16;DT_BF16,ND;ND;ND,"128,40,128",DT_BF16,ND,237.06,attention_context,1,128,40,0,128
dynamic,AI_CORE,"128,40,128;128,1,128;128,1,128",DT_BF16;DT_BF16;DT_BF16,ND;ND;ND,"128,40,128",DT_BF16,ND,231.38,attention_context,1,128,40,1,128
dynamic,AI_CORE,"128,40,128;128,4,128;128,4,128",DT_BF16;DT_BF16;DT_BF16,ND;ND;ND,"128,40,128",DT_BF16,ND,232.88,attention_context,1,128,40,4,128
dynamic,AI_CORE,"128,40,128;128,8,128;128,8,128",DT_BF16;DT_BF16;DT_BF16,ND;ND;ND,"128,40,128",DT_BF16,ND,268.81,attention_context,1,128,40,8,128
dynamic,AI_CORE,"128,64,128;128,64,128;128,64,128",DT_BF16;DT_BF16;DT_BF16,ND;ND;ND,"128,64,128",DT_BF16,ND,240.26,attention_context,1,128,64,0,128
dynamic,AI_CORE,"128,64,128;128,1,128;128,1,128",DT_BF16;DT_BF16;DT_BF16,ND;ND;ND,"128,64,128",DT_BF16,ND,236.74,attention_context,1,128,64,1,128
dynamic,AI_CORE,"128,64,128;128,4,128;128,4,128",DT_BF16;DT_BF16;DT_BF16,ND;ND;ND,"128,64,128",DT_BF16,ND,239.73,attention_context,1,128,64,4,128
dynamic,AI_CORE,"128,64,128;128,8,128;128,8,128",DT_BF16;DT_BF16;DT_BF16,ND;ND;ND,"128,64,128",DT_BF16,ND,246.59,attention_context,1,128,64,8,128
dynamic,AI_CORE,"256,8,128;256,8,128;256,8,128",DT_BF16;DT_BF16;DT_BF16,ND;ND;ND,"256,8,128",DT_BF16,ND,271.30,attention_context,1,256,8,0,128
dynamic,AI_CORE,"256,8,128;256,1,128;256,1,128",DT_BF16;DT_BF16;DT_BF16,ND;ND;ND,"256,8,128",DT_BF16,ND,262.66,attention_context,1,256,8,1,128
dynamic,AI_CORE,"256,8,128;256,4,128;256,4,128",DT_BF16;DT_BF16;DT_BF16,ND;ND;ND,"256,8,128",DT_BF16,ND,261.00,attention_context,1,256,8,4,128
dynamic,AI_CORE,"256,8,128;256,8,128;256,8,128",DT_BF16;DT_BF16;DT_BF16,ND;ND;ND,"256,8,128",DT_BF16,ND,254.35,attention_context,1,256,8,8,128
dynamic,AI_CORE,"256,16,128;256,16,128;256,16,128",DT_BF16;DT_BF16;DT_BF16,ND;ND;ND,"256,16,128",DT_BF16,ND,247.91,attention_context,1,256,16,0,128
dynamic,AI_CORE,"256,16,128;256,1,128;256,1,128",DT_BF16;DT_BF16;DT_BF16,ND;ND;ND,"256,16,128",DT_BF16,ND,246.30,attention_context,1,256,16,1,128
dynamic,AI_CORE,"256,16,128;256,4,128;256,4,128",DT_BF16;DT_BF16;DT_BF16,ND;ND;ND,"256,16,128",DT_BF16,ND,238.90,attention_context,1,256,16,4,128
dynamic,AI_CORE,"256,16,128;256,8,128;256,8,128",DT_BF16;DT_BF16;DT_BF16,ND;ND;ND,"256,16,128",DT_BF16,ND,240.58,attention_context,1,256,16,8,128
dynamic,AI_CORE,"256,32,128;256,32,128;256,32,128",DT_BF16;DT_BF16;DT_BF16,ND;ND;ND,"256,32,128",DT_BF16,ND,228.89,attention_context,1,256,32,0,128
dynamic,AI_CORE,"256,32,128;256,1,128;256,1,128",DT_BF16;DT_BF16;DT_BF16,ND;ND;ND,"256,32,128",DT_BF16,ND,251.47,attention_context,1,256,32,1,128
dynamic,AI_CORE,"256,32,128;256,4,128;256,4,128",DT_BF16;DT_BF16;DT_BF16,ND;ND;ND,"256,32,128",DT_BF16,ND,247.85,attention_context,1,256,32,4,128
dynamic,AI_CORE,"256,32,128;256,8,128;256,8,128",DT_BF16;DT_BF16;DT_BF16,ND;ND;ND,"256,32,128",DT_BF16,ND,242.99,attention_context,1,256,32,8,128
dynamic,AI_CORE,"256,40,128;256,40,128;256,40,128",DT_BF16;DT_BF16;DT_BF16,ND;ND;ND,"256,40,128",DT_BF16,ND,276.77,attention_context,1,256,40,0,128
dynamic,AI_CORE,"256,40,128;256,1,128;256,1,128",DT_BF16;DT_BF16;DT_BF16,ND;ND;ND,"256,40,128",DT_BF16,ND,274.34,attention_context,1,256,40,1,128
dynamic,AI_CORE,"256,40,128;256,4,128;256,4,128",DT_BF16;DT_BF16;DT_BF16,ND;ND;ND,"256,40,128",DT_BF16,ND,260.61,attention_context,1,256,40,4,128
dynamic,AI_CORE,"256,40,128;256,8,128;256,8,128",DT_BF16;DT_BF16;DT_BF16,ND;ND;ND,"256,40,128",DT_BF16,ND,255.69,attention_context,1,256,40,8,128
dynamic,AI_CORE,"256,64,128;256,64,128;256,64,128",DT_BF16;DT_BF16;DT_BF16,ND;ND;ND,"256,64,128",DT_BF16,ND,251.62,attention_context,1,256,64,0,128
dynamic,AI_CORE,"256,64,128;256,1,128;256,1,128",DT_BF16;DT_BF16;DT_BF16,ND;ND;ND,"256,64,128",DT_BF16,ND,251.64,attention_context,1,256,64,1,128
dynamic,AI_CORE,"256,64,128;256,4,128;256,4,128",DT_BF16;DT_BF16;DT_BF16,ND;ND;ND,"256,64,128",DT_BF16,ND,250.63,attention_context,1,256,64,4,128
dynamic,AI_CORE,"256,64,128;256,8,128;256,8,128",DT_BF16;DT_BF16;DT_BF16,ND;ND;ND,"256,64,128",DT_BF16,ND,269.52,attention_context,1,256,64,8,128
dynamic,AI_CORE,"512,8,128;512,8,128;512,8,128",DT_BF16;DT_BF16;DT_BF16,ND;ND;ND,"512,8,128",DT_BF16,ND,263.38,attention_context,1,512,8,0,128
dynamic,AI_CORE,"512,8,128;512,1,128;512,1,128",DT_BF16;DT_BF16;DT_BF16,ND;ND;ND,"512,8,128",DT_BF16,ND,247.04,attention_context,1,512,8,1,128
dynamic,AI_CORE,"512,8,128;512,4,128;512,4,128",DT_BF16;DT_BF16;DT_BF16,ND;ND;ND,"512,8,128",DT_BF16,ND,247.60,attention_context,1,512,8,4,128
dynamic,AI_CORE,"512,8,128;512,8,128;512,8,128",DT_BF16;DT_BF16;DT_BF16,ND;ND;ND,"512,8,128",DT_BF16,ND,241.99,attention_context,1,512,8,8,128
dynamic,AI_CORE,"512,16,128;512,16,128;512,16,128",DT_BF16;DT_BF16;DT_BF16,ND;ND;ND,"512,16,128",DT_BF16,ND,272.26,attention_context,1,512,16,0,128
dynamic,AI_CORE,"512,16,128;512,1,128;512,1,128",DT_BF16;DT_BF16;DT_BF16,ND;ND;ND,"512,16,128",DT_BF16,ND,262.56,attention_context,1,512,16,1,128
dynamic,AI_CORE,"512,16,128;512,4,128;512,4,128",DT_BF16;DT_BF16;DT_BF16,ND;ND;ND,"512,16,128",DT_BF16,ND,252.05,attention_context,1,512,16,4,128
dynamic,AI_CORE,"512,16,128;512,8,128;512,8,128",DT_BF16;DT_BF16;DT_BF16,ND;ND;ND,"512,16,128",DT_BF16,ND,261.09,attention_context,1,512,16,8,128
dynamic,AI_CORE,"512,32,128;512,32,128;512,32,128",DT_BF16;DT_BF16;DT_BF16,ND;ND;ND,"512,32,128",DT_BF16,ND,234.69,attention_context,1,512,32,0,128
dynamic,AI_CORE,"512,32,128;512,1,128;512,1,128",DT_BF16;DT_BF16;DT_BF16,ND;ND;ND,"512,32,128",DT_BF16,ND,233.55,attention_context,1,512,32,1,128
dynamic,AI_CORE,"512,32,128;512,4,128;512,4,128",DT_BF16;DT_BF16;DT_BF16,ND;ND;ND,"512,32,128",DT_BF16,ND,230.18,attention_context,1,512,32,4,128
dynamic,AI_CORE,"512,32,128;512,8,128;512,8,128",DT_BF16;DT_BF16;DT_BF16,ND;ND;ND,"512,32,128",DT_BF16,ND,231.15,attention_context,1,512,32,8,128
dynamic,AI_CORE,"512,40,128;512,40,128;512,40,128",DT_BF16;DT_BF16;DT_BF16,ND;ND;ND,"512,40,128",DT_BF16,ND,234.07,attention_context,1,512,40,0,128
dynamic,AI_CORE,"512,40,128;512,1,128;512,1,128",DT_BF16;DT_BF16;DT_BF16,ND;ND;ND,"512,40,128",DT_BF16,ND,233.63,attention_context,1,512,40,1,128
dynamic,AI_CORE,"512,40,128;512,4,128;512,4,128",DT_BF16;DT_BF16;DT_BF16,ND;ND;ND,"512,40,128",DT_BF16,ND,265.78,attention_context,1,512,40,4,128
dynamic,AI_CORE,"512,40,128;512,8,128;512,8,128",DT_BF16;DT_BF16;DT_BF16,ND;ND;ND,"512,40,128",DT_BF16,ND,249.22,attention_context,1,512,40,8,128
dynamic,AI_CORE,"512,64,128;512,64,128;512,64,128",DT_BF16;DT_BF16;DT_BF16,ND;ND;ND,"512,64,128",DT_BF16,ND,249.20,attention_context,1,512,64,0,128
dynamic,AI_CORE,"512,64,128;512,1,128;512,1,128",DT_BF16;DT_BF16;DT_BF16,ND;ND;ND,"512,64,128",DT_BF16,ND,245.97,attention_context,1,512,64,1,128
dynamic,AI_CORE,"512,64,128;512,4,128;512,4,128",DT_BF16;DT_BF16;DT_BF16,ND;ND;ND,"512,64,128",DT_BF16,ND,244.34,attention_context,1,512,64,4,128
dynamic,AI_CORE,"512,64,128;512,8,128;512,8,128",DT_BF16;DT_BF16;DT_BF16,ND;ND;ND,"512,64,128",DT_BF16,ND,236.90,attention_context,1,512,64,8,128
dynamic,AI_CORE,"1024,8,128;1024,8,128;1024,8,128",DT_BF16;DT_BF16;DT_BF16,ND;ND;ND,"1024,8,128",DT_BF16,ND,231.04,attention_context,1,1024,8,0,128
dynamic,AI_CORE,"1024,8,128;1024,1,128;1024,1,128",DT_BF16;DT_BF16;DT_BF16,ND;ND;ND,"1024,8,128",DT_BF16,ND,227.71,attention_context,1,1024,8,1,128
dynamic,AI_CORE,"1024,8,128;1024,4,128;1024,4,128",DT_BF16;DT_BF16;DT_BF16,ND;ND;ND,"1024,8,128",DT_BF16,ND,227.26,attention_context,1,1024,8,4,128
dynamic,AI_CORE,"1024,8,128;1024,8,128;1024,8,128",DT_BF16;DT_BF16;DT_BF16,ND;ND;ND,"1024,8,128",DT_BF16,ND,249.81,attention_context,1,1024,8,8,128
dynamic,AI_CORE,"1024,16,128;1024,16,128;1024,16,128",DT_BF16;DT_BF16;DT_BF16,ND;ND;ND,"1024,16,128",DT_BF16,ND,243.70,attention_context,1,1024,16,0,128
dynamic,AI_CORE,"1024,16,128;1024,1,128;1024,1,128",DT_BF16;DT_BF16;DT_BF16,ND;ND;ND,"1024,16,128",DT_BF16,ND,234.08,attention_context,1,1024,16,1,128
dynamic,AI_CORE,"1024,16,128;1024,4,128;1024,4,128",DT_BF16;DT_BF16;DT_BF16,ND;ND;ND,"1024,16,128",DT_BF16,ND,231.62,attention_context,1,1024,16,4,128
dynamic,AI_CORE,"1024,16,128;1024,8,128;1024,8,128",DT_BF16;DT_BF16;DT_BF16,ND;ND;ND,"1024,16,128",DT_BF16,ND,231.35,attention_context,1,1024,16,8,128
dynamic,AI_CORE,"1024,32,128;1024,32,128;1024,32,128",DT_BF16;DT_BF16;DT_BF16,ND;ND;ND,"1024,32,128",DT_BF16,ND,232.81,attention_context,1,1024,32,0,128
dynamic,AI_CORE,"1024,32,128;1024,1,128;1024,1,128",DT_BF16;DT_BF16;DT_BF16,ND;ND;ND,"1024,32,128",DT_BF16,ND,228.74,attention_context,1,1024,32,1,128
dynamic,AI_CORE,"1024,32,128;1024,4,128;1024,4,128",DT_BF16;DT_BF16;DT_BF16,ND;ND;ND,"1024,32,128",DT_BF16,ND,229.55,attention_context,1,1024,32,4,128
dynamic,AI_CORE,"1024,32,128;1024,8,128;1024,8,128",DT_BF16;DT_BF16;DT_BF16,ND;ND;ND,"1024,32,128",DT_BF16,ND,229.62,attention_context,1,1024,32,8,128
dynamic,AI_CORE,"1024,40,128;1024,40,128;1024,40,128",DT_BF16;DT_BF16;DT_BF16,ND;ND;ND,"1024,40,128",DT_BF16,ND,230.02,attention_context,1,1024,40,0,128
dynamic,AI_CORE,"1024,40,128;1024,1,128;1024,1,128",DT_BF16;DT_BF16;DT_BF16,ND;ND;ND,"1024,40,128",DT_BF16,ND,236.71,attention_context,1,1024,40,1,128
dynamic,AI_CORE,"1024,40,128;1024,4,128;1024,4,128",DT_BF16;DT_BF16;DT_BF16,ND;ND;ND,"1024,40,128",DT_BF16,ND,233.25,attention_context,1,1024,40,4,128
dynamic,AI_CORE,"1024,40,128;1024,8,128;1024,8,128",DT_BF16;DT_BF16;DT_BF16,ND;ND;ND,"1024,40,128",DT_BF16,ND,232.79,attention_context,1,1024,40,8,128
dynamic,AI_CORE,"1024,64,128;1024,64,128;1024,64,128",DT_BF16;DT_BF16;DT_BF16,ND;ND;ND,"1024,64,128",DT_BF16,ND,268.45,attention_context,1,1024,64,0,128
dynamic,AI_CORE,"1024,64,128;1024,1,128;1024,1,128",DT_BF16;DT_BF16;DT_BF16,ND;ND;ND,"1024,64,128",DT_BF16,ND,299.85,attention_context,1,1024,64,1,128
dynamic,AI_CORE,"1024,64,128;1024,4,128;1024,4,128",DT_BF16;DT_BF16;DT_BF16,ND;ND;ND,"1024,64,128",DT_BF16,ND,296.74,attention_context,1,1024,64,4,128
dynamic,AI_CORE,"1024,64,128;1024,8,128;1024,8,128",DT_BF16;DT_BF16;DT_BF16,ND;ND;ND,"1024,64,128",DT_BF16,ND,300.86,attention_context,1,1024,64,8,128
dynamic,AI_CORE,"2048,8,128;2048,8,128;2048,8,128",DT_BF16;DT_BF16;DT_BF16,ND;ND;ND,"2048,8,128",DT_BF16,ND,233.62,attention_context,1,2048,8,0,128
dynamic,AI_CORE,"2048,8,128;2048,1,128;2048,1,128",DT_BF16;DT_BF16;DT_BF16,ND;ND;ND,"2048,8,128",DT_BF16,ND,232.89,attention_context,1,2048,8,1,128
dynamic,AI_CORE,"2048,8,128;2048,4,128;2048,4,128",DT_BF16;DT_BF16;DT_BF16,ND;ND;ND,"2048,8,128",DT_BF16,ND,230.78,attention_context,1,2048,8,4,128
dynamic,AI_CORE,"2048,8,128;2048,8,128;2048,8,128",DT_BF16;DT_BF16;DT_BF16,ND;ND;ND,"2048,8,128",DT_BF16,ND,230.78,attention_context,1,2048,8,8,128
dynamic,AI_CORE,"2048,16,128;2048,16,128;2048,16,128",DT_BF16;DT_BF16;DT_BF16,ND;ND;ND,"2048,16,128",DT_BF16,ND,238.54,attention_context,1,2048,16,0,128
dynamic,AI_CORE,"2048,16,128;2048,1,128;2048,1,128",DT_BF16;DT_BF16;DT_BF16,ND;ND;ND,"2048,16,128",DT_BF16,ND,235.99,attention_context,1,2048,16,1,128
dynamic,AI_CORE,"2048,16,128;2048,4,128;2048,4,128",DT_BF16;DT_BF16;DT_BF16,ND;ND;ND,"2048,16,128",DT_BF16,ND,236.16,attention_context,1,2048,16,4,128
dynamic,AI_CORE,"2048,16,128;2048,8,128;2048,8,128",DT_BF16;DT_BF16;DT_BF16,ND;ND;ND,"2048,16,128",DT_BF16,ND,235.73,attention_context,1,2048,16,8,128
dynamic,AI_CORE,"2048,32,128;2048,32,128;2048,32,128",DT_BF16;DT_BF16;DT_BF16,ND;ND;ND,"2048,32,128",DT_BF16,ND,381.17,attention_context,1,2048,32,0,128
dynamic,AI_CORE,"2048,32,128;2048,1,128;2048,1,128",DT_BF16;DT_BF16;DT_BF16,ND;ND;ND,"2048,32,128",DT_BF16,ND,381.88,attention_context,1,2048,32,1,128
dynamic,AI_CORE,"2048,32,128;2048,4,128;2048,4,128",DT_BF16;DT_BF16;DT_BF16,ND;ND;ND,"2048,32,128",DT_BF16,ND,386.18,attention_context,1,2048,32,4,128
dynamic,AI_CORE,"2048,32,128;2048,8,128;2048,8,128",DT_BF16;DT_BF16;DT_BF16,ND;ND;ND,"2048,32,128",DT_BF16,ND,388.27,attention_context,1,2048,32,8,128
dynamic,AI_CORE,"2048,40,128;2048,40,128;2048,40,128",DT_BF16;DT_BF16;DT_BF16,ND;ND;ND,"2048,40,128",DT_BF16,ND,453.95,attention_context,1,2048,40,0,128
dynamic,AI_CORE,"2048,40,128;2048,1,128;2048,1,128",DT_BF16;DT_BF16;DT_BF16,ND;ND;ND,"2048,40,128",DT_BF16,ND,472.34,attention_context,1,2048,40,1,128
dynamic,AI_CORE,"2048,40,128;2048,4,128;2048,4,128",DT_BF16;DT_BF16;DT_BF16,ND;ND;ND,"2048,40,128",DT_BF16,ND,475.29,attention_context,1,2048,40,4,128
dynamic,AI_CORE,"2048,40,128;2048,8,128;2048,8,128",DT_BF16;DT_BF16;DT_BF16,ND;ND;ND,"2048,40,128",DT_BF16,ND,476.64,attention_context,1,2048,40,8,128
dynamic,AI_CORE,"2048,64,128;2048,64,128;2048,64,128",DT_BF16;DT_BF16;DT_BF16,ND;ND;ND,"2048,64,128",DT_BF16,ND,691.56,attention_context,1,2048,64,0,128
dynamic,AI_CORE,"2048,64,128;2048,1,128;2048,1,128",DT_BF16;DT_BF16;DT_BF16,ND;ND;ND,"2048,64,128",DT_BF16,ND,717.78,attention_context,1,2048,64,1,128
dynamic,AI_CORE,"2048,64,128;2048,4,128;2048,4,128",DT_BF16;DT_BF16;DT_BF16,ND;ND;ND,"2048,64,128",DT_BF16,ND,723.41,attention_context,1,2048,64,4,128
dynamic,AI_CORE,"2048,64,128;2048,8,128;2048,8,128",DT_BF16;DT_BF16;DT_BF16,ND;ND;ND,"2048,64,128",DT_BF16,ND,722.57,attention_context,1,2048,64,8,128
dynamic,AI_CORE,"4096,8,128;4096,8,128;4096,8,128",DT_BF16;DT_BF16;DT_BF16,ND;ND;ND,"4096,8,128",DT_BF16,ND,335.13,attention_context,1,4096,8,0,128
dynamic,AI_CORE,"4096,8,128;4096,1,128;4096,1,128",DT_BF16;DT_BF16;DT_BF16,ND;ND;ND,"4096,8,128",DT_BF16,ND,319.44,attention_context,1,4096,8,1,128
dynamic,AI_CORE,"4096,8,128;4096,4,128;4096,4,128",DT_BF16;DT_BF16;DT_BF16,ND;ND;ND,"4096,8,128",DT_BF16,ND,308.80,attention_context,1,4096,8,4,128
dynamic,AI_CORE,"4096,8,128;4096,8,128;4096,8,128",DT_BF16;DT_BF16;DT_BF16,ND;ND;ND,"4096,8,128",DT_BF16,ND,336.78,attention_context,1,4096,8,8,128
dynamic,AI_CORE,"4096,16,128;4096,16,128;4096,16,128",DT_BF16;DT_BF16;DT_BF16,ND;ND;ND,"4096,16,128",DT_BF16,ND,574.48,attention_context,1,4096,16,0,128
dynamic,AI_CORE,"4096,16,128;4096,1,128;4096,1,128",DT_BF16;DT_BF16;DT_BF16,ND;ND;ND,"4096,16,128",DT_BF16,ND,543.55,attention_context,1,4096,16,1,128
dynamic,AI_CORE,"4096,16,128;4096,4,128;4096,4,128",DT_BF16;DT_BF16;DT_BF16,ND;ND;ND,"4096,16,128",DT_BF16,ND,572.88,attention_context,1,4096,16,4,128
dynamic,AI_CORE,"4096,16,128;4096,8,128;4096,8,128",DT_BF16;DT_BF16;DT_BF16,ND;ND;ND,"4096,16,128",DT_BF16,ND,571.51,attention_context,1,4096,16,8,128
dynamic,AI_CORE,"4096,32,128;4096,32,128;4096,32,128",DT_BF16;DT_BF16;DT_BF16,ND;ND;ND,"4096,32,128",DT_BF16,ND,1147.21,attention_context,1,4096,32,0,128
dynamic,AI_CORE,"4096,32,128;4096,1,128;4096,1,128",DT_BF16;DT_BF16;DT_BF16,ND;ND;ND,"4096,32,128",DT_BF16,ND,1067.96,attention_context,1,4096,32,1,128
dynamic,AI_CORE,"4096,32,128;4096,4,128;4096,4,128",DT_BF16;DT_BF16;DT_BF16,ND;ND;ND,"4096,32,128",DT_BF16,ND,1091.64,attention_context,1,4096,32,4,128
dynamic,AI_CORE,"4096,32,128;4096,8,128;4096,8,128",DT_BF16;DT_BF16;DT_BF16,ND;ND;ND,"4096,32,128",DT_BF16,ND,1093.69,attention_context,1,4096,32,8,128
dynamic,AI_CORE,"4096,40,128;4096,40,128;4096,40,128",DT_BF16;DT_BF16;DT_BF16,ND;ND;ND,"4096,40,128",DT_BF16,ND,1563.23,attention_context,1,4096,40,0,128
dynamic,AI_CORE,"4096,40,128;4096,1,128;4096,1,128",DT_BF16;DT_BF16;DT_BF16,ND;ND;ND,"4096,40,128",DT_BF16,ND,1366.54,attention_context,1,4096,40,1,128
dynamic,AI_CORE,"4096,40,128;4096,4,128;4096,4,128",DT_BF16;DT_BF16;DT_BF16,ND;ND;ND,"4096,40,128",DT_BF16,ND,1391.43,attention_context,1,4096,40,4,128
dynamic,AI_CORE,"4096,40,128;4096,8,128;4096,8,128",DT_BF16;DT_BF16;DT_BF16,ND;ND;ND,"4096,40,128",DT_BF16,ND,1388.12,attention_context,1,4096,40,8,128
dynamic,AI_CORE,"4096,64,128;4096,64,128;4096,64,128",DT_BF16;DT_BF16;DT_BF16,ND;ND;ND,"4096,64,128",DT_BF16,ND,2574.15,attention_context,1,4096,64,0,128
dynamic,AI_CORE,"4096,64,128;4096,1,128;4096,1,128",DT_BF16;DT_BF16;DT_BF16,ND;ND;ND,"4096,64,128",DT_BF16,ND,2271.55,attention_context,1,4096,64,1,128
dynamic,AI_CORE,"4096,64,128;4096,4,128;4096,4,128",DT_BF16;DT_BF16;DT_BF16,ND;ND;ND,"4096,64,128",DT_BF16,ND,2294.41,attention_context,1,4096,64,4,128
dynamic,AI_CORE,"4096,64,128;4096,8,128;4096,8,128",DT_BF16;DT_BF16;DT_BF16,ND;ND;ND,"4096,64,128",DT_BF16,ND,2290.37,attention_context,1,4096,64,8,128
dynamic,AI_CORE,"8192,8,128;8192,8,128;8192,8,128",DT_BF16;DT_BF16;DT_BF16,ND;ND;ND,"8192,8,128",DT_BF16,ND,1042.38,attention_context,1,8192,8,0,128
dynamic,AI_CORE,"8192,8,128;8192,1,128;8192,1,128",DT_BF16;DT_BF16;DT_BF16,ND;ND;ND,"8192,8,128",DT_BF16,ND,991.36,attention_context,1,8192,8,1,128
dynamic,AI_CORE,"8192,8,128;8192,4,128;8192,4,128",DT_BF16;DT_BF16;DT_BF16,ND;ND;ND,"8192,8,128",DT_BF16,ND,1003.00,attention_context,1,8192,8,4,128
dynamic,AI_CORE,"8192,8,128;8192,8,128;8192,8,128",DT_BF16;DT_BF16;DT_BF16,ND;ND;ND,"8192,8,128",DT_BF16,ND,1083.49,attention_context,1,8192,8,8,128
dynamic,AI_CORE,"8192,16,128;8192,16,128;8192,16,128",DT_BF16;DT_BF16;DT_BF16,ND;ND;ND,"8192,16,128",DT_BF16,ND,2245.71,attention_context,1,8192,16,0,128
dynamic,AI_CORE,"8192,16,128;8192,1,128;8192,1,128",DT_BF16;DT_BF16;DT_BF16,ND;ND;ND,"8192,16,128",DT_BF16,ND,2022.95,attention_context,1,8192,16,1,128
dynamic,AI_CORE,"8192,16,128;8192,4,128;8192,4,128",DT_BF16;DT_BF16;DT_BF16,ND;ND;ND,"8192,16,128",DT_BF16,ND,2046.26,attention_context,1,8192,16,4,128
dynamic,AI_CORE,"8192,16,128;8192,8,128;8192,8,128",DT_BF16;DT_BF16;DT_BF16,ND;ND;ND,"8192,16,128",DT_BF16,ND,2080.61,attention_context,1,8192,16,8,128
dynamic,AI_CORE,"8192,32,128;8192,32,128;8192,32,128",DT_BF16;DT_BF16;DT_BF16,ND;ND;ND,"8192,32,128",DT_BF16,ND,4725.57,attention_context,1,8192,32,0,128
dynamic,AI_CORE,"8192,32,128;8192,1,128;8192,1,128",DT_BF16;DT_BF16;DT_BF16,ND;ND;ND,"8192,32,128",DT_BF16,ND,4158.89,attention_context,1,8192,32,1,128
dynamic,AI_CORE,"8192,32,128;8192,4,128;8192,4,128",DT_BF16;DT_BF16;DT_BF16,ND;ND;ND,"8192,32,128",DT_BF16,ND,4268.60,attention_context,1,8192,32,4,128
dynamic,AI_CORE,"8192,32,128;8192,8,128;8192,8,128",DT_BF16;DT_BF16;DT_BF16,ND;ND;ND,"8192,32,128",DT_BF16,ND,4274.10,attention_context,1,8192,32,8,128
dynamic,AI_CORE,"8192,40,128;8192,40,128;8192,40,128",DT_BF16;DT_BF16;DT_BF16,ND;ND;ND,"8192,40,128",DT_BF16,ND,6017.13,attention_context,1,8192,40,0,128
dynamic,AI_CORE,"8192,40,128;8192,1,128;8192,1,128",DT_BF16;DT_BF16;DT_BF16,ND;ND;ND,"8192,40,128",DT_BF16,ND,5324.96,attention_context,1,8192,40,1,128
dynamic,AI_CORE,"8192,40,128;8192,4,128;8192,4,128",DT_BF16;DT_BF16;DT_BF16,ND;ND;ND,"8192,40,128",DT_BF16,ND,5344.59,attention_context,1,8192,40,4,128
dynamic,AI_CORE,"8192,40,128;8192,8,128;8192,8,128",DT_BF16;DT_BF16;DT_BF16,ND;ND;ND,"8192,40,128",DT_BF16,ND,5359.41,attention_context,1,8192,40,8,128
dynamic,AI_CORE,"8192,64,128;8192,64,128;8192,64,128",DT_BF16;DT_BF16;DT_BF16,ND;ND;ND,"8192,64,128",DT_BF16,ND,9975.94,attention_context,1,8192,64,0,128
dynamic,AI_CORE,"8192,64,128;8192,1,128;8192,1,128",DT_BF16;DT_BF16;DT_BF16,ND;ND;ND,"8192,64,128",DT_BF16,ND,8539.31,attention_context,1,8192,64,1,128
dynamic,AI_CORE,"8192,64,128;8192,4,128;8192,4,128",DT_BF16;DT_BF16;DT_BF16,ND;ND;ND,"8192,64,128",DT_BF16,ND,8687.81,attention_context,1,8192,64,4,128
dynamic,AI_CORE,"8192,64,128;8192,8,128;8192,8,128",DT_BF16;DT_BF16;DT_BF16,ND;ND;ND,"8192,64,128",DT_BF16,ND,8690.90,attention_context,1,8192,64,8,128
dynamic,AI_CORE,"256,8,128;256,8,128;256,8,128",DT_BF16;DT_BF16;DT_BF16,ND;ND;ND,"256,8,128",DT_BF16,ND,227.68,attention_context,2,128,8,0,128
dynamic,AI_CORE,"256,8,128;256,1,128;256,1,128",DT_BF16;DT_BF16;DT_BF16,ND;ND;ND,"256,8,128",DT_BF16,ND,227.29,attention_context,2,128,8,1,128
dynamic,AI_CORE,"256,8,128;256,4,128;256,4,128",DT_BF16;DT_BF16;DT_BF16,ND;ND;ND,"256,8,128",DT_BF16,ND,224.85,attention_context,2,128,8,4,128
dynamic,AI_CORE,"256,8,128;256,8,128;256,8,128",DT_BF16;DT_BF16;DT_BF16,ND;ND;ND,"256,8,128",DT_BF16,ND,223.72,attention_context,2,128,8,8,128
dynamic,AI_CORE,"256,16,128;256,16,128;256,16,128",DT_BF16;DT_BF16;DT_BF16,ND;ND;ND,"256,16,128",DT_BF16,ND,225.32,attention_context,2,128,16,0,128
dynamic,AI_CORE,"256,16,128;256,1,128;256,1,128",DT_BF16;DT_BF16;DT_BF16,ND;ND;ND,"256,16,128",DT_BF16,ND,224.87,attention_context,2,128,16,1,128
dynamic,AI_CORE,"256,16,128;256,4,128;256,4,128",DT_BF16;DT_BF16;DT_BF16,ND;ND;ND,"256,16,128",DT_BF16,ND,226.78,attention_context,2,128,16,4,128
dynamic,AI_CORE,"256,16,128;256,8,128;256,8,128",DT_BF16;DT_BF16;DT_BF16,ND;ND;ND,"256,16,128",DT_BF16,ND,235.38,attention_context,2,128,16,8,128
dynamic,AI_CORE,"256,32,128;256,32,128;256,32,128",DT_BF16;DT_BF16;DT_BF16,ND;ND;ND,"256,32,128",DT_BF16,ND,228.61,attention_context,2,128,32,0,128
dynamic,AI_CORE,"256,32,128;256,1,128;256,1,128",DT_BF16;DT_BF16;DT_BF16,ND;ND;ND,"256,32,128",DT_BF16,ND,226.26,attention_context,2,128,32,1,128
dynamic,AI_CORE,"256,32,128;256,4,128;256,4,128",DT_BF16;DT_BF16;DT_BF16,ND;ND;ND,"256,32,128",DT_BF16,ND,223.74,attention_context,2,128,32,4,128
dynamic,AI_CORE,"256,32,128;256,8,128;256,8,128",DT_BF16;DT_BF16;DT_BF16,ND;ND;ND,"256,32,128",DT_BF16,ND,224.94,attention_context,2,128,32,8,128
dynamic,AI_CORE,"256,40,128;256,40,128;256,40,128",DT_BF16;DT_BF16;DT_BF16,ND;ND;ND,"256,40,128",DT_BF16,ND,222.49,attention_context,2,128,40,0,128
dynamic,AI_CORE,"256,40,128;256,1,128;256,1,128",DT_BF16;DT_BF16;DT_BF16,ND;ND;ND,"256,40,128",DT_BF16,ND,225.59,attention_context,2,128,40,1,128
dynamic,AI_CORE,"256,40,128;256,4,128;256,4,128",DT_BF16;DT_BF16;DT_BF16,ND;ND;ND,"256,40,128",DT_BF16,ND,224.05,attention_context,2,128,40,4,128
dynamic,AI_CORE,"256,40,128;256,8,128;256,8,128",DT_BF16;DT_BF16;DT_BF16,ND;ND;ND,"256,40,128",DT_BF16,ND,224.49,attention_context,2,128,40,8,128
dynamic,AI_CORE,"256,64,128;256,64,128;256,64,128",DT_BF16;DT_BF16;DT_BF16,ND;ND;ND,"256,64,128",DT_BF16,ND,223.88,attention_context,2,128,64,0,128
dynamic,AI_CORE,"256,64,128;256,1,128;256,1,128",DT_BF16;DT_BF16;DT_BF16,ND;ND;ND,"256,64,128",DT_BF16,ND,377.23,attention_context,2,128,64,1,128
dynamic,AI_CORE,"256,64,128;256,4,128;256,4,128",DT_BF16;DT_BF16;DT_BF16,ND;ND;ND,"256,64,128",DT_BF16,ND,232.51,attention_context,2,128,64,4,128
dynamic,AI_CORE,"256,64,128;256,8,128;256,8,128",DT_BF16;DT_BF16;DT_BF16,ND;ND;ND,"256,64,128",DT_BF16,ND,264.34,attention_context,2,128,64,8,128
dynamic,AI_CORE,"512,8,128;512,8,128;512,8,128",DT_BF16;DT_BF16;DT_BF16,ND;ND;ND,"512,8,128",DT_BF16,ND,238.03,attention_context,2,256,8,0,128
dynamic,AI_CORE,"512,8,128;512,1,128;512,1,128",DT_BF16;DT_BF16;DT_BF16,ND;ND;ND,"512,8,128",DT_BF16,ND,245.70,attention_context,2,256,8,1,128
dynamic,AI_CORE,"512,8,128;512,4,128;512,4,128",DT_BF16;DT_BF16;DT_BF16,ND;ND;ND,"512,8,128",DT_BF16,ND,251.28,attention_context,2,256,8,4,128
dynamic,AI_CORE,"512,8,128;512,8,128;512,8,128",DT_BF16;DT_BF16;DT_BF16,ND;ND;ND,"512,8,128",DT_BF16,ND,232.44,attention_context,2,256,8,8,128
dynamic,AI_CORE,"512,16,128;512,16,128;512,16,128",DT_BF16;DT_BF16;DT_BF16,ND;ND;ND,"512,16,128",DT_BF16,ND,235.79,attention_context,2,256,16,0,128
dynamic,AI_CORE,"512,16,128;512,1,128;512,1,128",DT_BF16;DT_BF16;DT_BF16,ND;ND;ND,"512,16,128",DT_BF16,ND,254.96,attention_context,2,256,16,1,128
dynamic,AI_CORE,"512,16,128;512,4,128;512,4,128",DT_BF16;DT_BF16;DT_BF16,ND;ND;ND,"512,16,128",DT_BF16,ND,268.13,attention_context,2,256,16,4,128
dynamic,AI_CORE,"512,16,128;512,8,128;512,8,128",DT_BF16;DT_BF16;DT_BF16,ND;ND;ND,"512,16,128",DT_BF16,ND,249.17,attention_context,2,256,16,8,128
dynamic,AI_CORE,"512,32,128;512,32,128;512,32,128",DT_BF16;DT_BF16;DT_BF16,ND;ND;ND,"512,32,128",DT_BF16,ND,238.75,attention_context,2,256,32,0,128
dynamic,AI_CORE,"512,32,128;512,1,128;512,1,128",DT_BF16;DT_BF16;DT_BF16,ND;ND;ND,"512,32,128",DT_BF16,ND,236.20,attention_context,2,256,32,1,128
dynamic,AI_CORE,"512,32,128;512,4,128;512,4,128",DT_BF16;DT_BF16;DT_BF16,ND;ND;ND,"512,32,128",DT_BF16,ND,240.52,attention_context,2,256,32,4,128
dynamic,AI_CORE,"512,32,128;512,8,128;512,8,128",DT_BF16;DT_BF16;DT_BF16,ND;ND;ND,"512,32,128",DT_BF16,ND,266.69,attention_context,2,256,32,8,128
dynamic,AI_CORE,"512,40,128;512,40,128;512,40,128",DT_BF16;DT_BF16;DT_BF16,ND;ND;ND,"512,40,128",DT_BF16,ND,262.03,attention_context,2,256,40,0,128
dynamic,AI_CORE,"512,40,128;512,1,128;512,1,128",DT_BF16;DT_BF16;DT_BF16,ND;ND;ND,"512,40,128",DT_BF16,ND,230.66,attention_context,2,256,40,1,128
dynamic,AI_CORE,"512,40,128;512,4,128;512,4,128",DT_BF16;DT_BF16;DT_BF16,ND;ND;ND,"512,40,128",DT_BF16,ND,231.34,attention_context,2,256,40,4,128
dynamic,AI_CORE,"512,40,128;512,8,128;512,8,128",DT_BF16;DT_BF16;DT_BF16,ND;ND;ND,"512,40,128",DT_BF16,ND,232.97,attention_context,2,256,40,8,128
dynamic,AI_CORE,"512,64,128;512,64,128;512,64,128",DT_BF16;DT_BF16;DT_BF16,ND;ND;ND,"512,64,128",DT_BF16,ND,232.25,attention_context,2,256,64,0,128
dynamic,AI_CORE,"512,64,128;512,1,128;512,1,128",DT_BF16;DT_BF16;DT_BF16,ND;ND;ND,"512,64,128",DT_BF16,ND,234.43,attention_context,2,256,64,1,128
dynamic,AI_CORE,"512,64,128;512,4,128;512,4,128",DT_BF16;DT_BF16;DT_BF16,ND;ND;ND,"512,64,128",DT_BF16,ND,228.48,attention_context,2,256,64,4,128
dynamic,AI_CORE,"512,64,128;512,8,128;512,8,128",DT_BF16;DT_BF16;DT_BF16,ND;ND;ND,"512,64,128",DT_BF16,ND,231.64,attention_context,2,256,64,8,128
dynamic,AI_CORE,"1024,8,128;1024,8,128;1024,8,128",DT_BF16;DT_BF16;DT_BF16,ND;ND;ND,"1024,8,128",DT_BF16,ND,231.43,attention_context,2,512,8,0,128
dynamic,AI_CORE,"1024,8,128;1024,1,128;1024,1,128",DT_BF16;DT_BF16;DT_BF16,ND;ND;ND,"1024,8,128",DT_BF16,ND,259.38,attention_context,2,512,8,1,128
dynamic,AI_CORE,"1024,8,128;1024,4,128;1024,4,128",DT_BF16;DT_BF16;DT_BF16,ND;ND;ND,"1024,8,128",DT_BF16,ND,242.55,attention_context,2,512,8,4,128
dynamic,AI_CORE,"1024,8,128;1024,8,128;1024,8,128",DT_BF16;DT_BF16;DT_BF16,ND;ND;ND,"1024,8,128",DT_BF16,ND,267.21,attention_context,2,512,8,8,128
dynamic,AI_CORE,"1024,16,128;1024,16,128;1024,16,128",DT_BF16;DT_BF16;DT_BF16,ND;ND;ND,"1024,16,128",DT_BF16,ND,264.41,attention_context,2,512,16,0,128
dynamic,AI_CORE,"1024,16,128;1024,1,128;1024,1,128",DT_BF16;DT_BF16;DT_BF16,ND;ND;ND,"1024,16,128",DT_BF16,ND,261.87,attention_context,2,512,16,1,128
dynamic,AI_CORE,"1024,16,128;1024,4,128;1024,4,128",DT_BF16;DT_BF16;DT_BF16,ND;ND;ND,"1024,16,128",DT_BF16,ND,257.41,attention_context,2,512,16,4,128
dynamic,AI_CORE,"1024,16,128;1024,8,128;1024,8,128",DT_BF16;DT_BF16;DT_BF16,ND;ND;ND,"1024,16,128",DT_BF16,ND,255.07,attention_context,2,512,16,8,128
dynamic,AI_CORE,"1024,32,128;1024,32,128;1024,32,128",DT_BF16;DT_BF16;DT_BF16,ND;ND;ND,"1024,32,128",DT_BF16,ND,254.49,attention_context,2,512,32,0,128
dynamic,AI_CORE,"1024,32,128;1024,1,128;1024,1,128",DT_BF16;DT_BF16;DT_BF16,ND;ND;ND,"1024,32,128",DT_BF16,ND,253.42,attention_context,2,512,32,1,128
dynamic,AI_CORE,"1024,32,128;1024,4,128;1024,4,128",DT_BF16;DT_BF16;DT_BF16,ND;ND;ND,"1024,32,128",DT_BF16,ND,249.53,attention_context,2,512,32,4,128
dynamic,AI_CORE,"1024,32,128;1024,8,128;1024,8,128",DT_BF16;DT_BF16;DT_BF16,ND;ND;ND,"1024,32,128",DT_BF16,ND,240.72,attention_context,2,512,32,8,128
dynamic,AI_CORE,"1024,40,128;1024,40,128;1024,40,128",DT_BF16;DT_BF16;DT_BF16,ND;ND;ND,"1024,40,128",DT_BF16,ND,243.46,attention_context,2,512,40,0,128
dynamic,AI_CORE,"1024,40,128;1024,1,128;1024,1,128",DT_BF16;DT_BF16;DT_BF16,ND;ND;ND,"1024,40,128",DT_BF16,ND,237.01,attention_context,2,512,40,1,128
dynamic,AI_CORE,"1024,40,128;1024,4,128;1024,4,128",DT_BF16;DT_BF16;DT_BF16,ND;ND;ND,"1024,40,128",DT_BF16,ND,239.68,attention_context,2,512,40,4,128
dynamic,AI_CORE,"1024,40,128;1024,8,128;1024,8,128",DT_BF16;DT_BF16;DT_BF16,ND;ND;ND,"1024,40,128",DT_BF16,ND,236.23,attention_context,2,512,40,8,128
dynamic,AI_CORE,"1024,64,128;1024,64,128;1024,64,128",DT_BF16;DT_BF16;DT_BF16,ND;ND;ND,"1024,64,128",DT_BF16,ND,238.20,attention_context,2,512,64,0,128
dynamic,AI_CORE,"1024,64,128;1024,1,128;1024,1,128",DT_BF16;DT_BF16;DT_BF16,ND;ND;ND,"1024,64,128",DT_BF16,ND,238.99,attention_context,2,512,64,1,128
dynamic,AI_CORE,"1024,64,128;1024,4,128;1024,4,128",DT_BF16;DT_BF16;DT_BF16,ND;ND;ND,"1024,64,128",DT_BF16,ND,236.79,attention_context,2,512,64,4,128
dynamic,AI_CORE,"1024,64,128;1024,8,128;1024,8,128",DT_BF16;DT_BF16;DT_BF16,ND;ND;ND,"1024,64,128",DT_BF16,ND,240.47,attention_context,2,512,64,8,128
dynamic,AI_CORE,"2048,8,128;2048,8,128;2048,8,128",DT_BF16;DT_BF16;DT_BF16,ND;ND;ND,"2048,8,128",DT_BF16,ND,263.82,attention_context,2,1024,8,0,128
dynamic,AI_CORE,"2048,8,128;2048,1,128;2048,1,128",DT_BF16;DT_BF16;DT_BF16,ND;ND;ND,"2048,8,128",DT_BF16,ND,242.57,attention_context,2,1024,8,1,128
dynamic,AI_CORE,"2048,8,128;2048,4,128;2048,4,128",DT_BF16;DT_BF16;DT_BF16,ND;ND;ND,"2048,8,128",DT_BF16,ND,239.20,attention_context,2,1024,8,4,128
dynamic,AI_CORE,"2048,8,128;2048,8,128;2048,8,128",DT_BF16;DT_BF16;DT_BF16,ND;ND;ND,"2048,8,128",DT_BF16,ND,237.91,attention_context,2,1024,8,8,128
dynamic,AI_CORE,"2048,16,128;2048,16,128;2048,16,128",DT_BF16;DT_BF16;DT_BF16,ND;ND;ND,"2048,16,128",DT_BF16,ND,240.15,attention_context,2,1024,16,0,128
dynamic,AI_CORE,"2048,16,128;2048,1,128;2048,1,128",DT_BF16;DT_BF16;DT_BF16,ND;ND;ND,"2048,16,128",DT_BF16,ND,239.57,attention_context,2,1024,16,1,128
dynamic,AI_CORE,"2048,16,128;2048,4,128;2048,4,128",DT_BF16;DT_BF16;DT_BF16,ND;ND;ND,"2048,16,128",DT_BF16,ND,239.21,attention_context,2,1024,16,4,128
dynamic,AI_CORE,"2048,16,128;2048,8,128;2048,8,128",DT_BF16;DT_BF16;DT_BF16,ND;ND;ND,"2048,16,128",DT_BF16,ND,244.15,attention_context,2,1024,16,8,128
dynamic,AI_CORE,"2048,32,128;2048,32,128;2048,32,128",DT_BF16;DT_BF16;DT_BF16,ND;ND;ND,"2048,32,128",DT_BF16,ND,267.42,attention_context,2,1024,32,0,128
dynamic,AI_CORE,"2048,32,128;2048,1,128;2048,1,128",DT_BF16;DT_BF16;DT_BF16,ND;ND;ND,"2048,32,128",DT_BF16,ND,300.83,attention_context,2,1024,32,1,128
dynamic,AI_CORE,"2048,32,128;2048,4,128;2048,4,128",DT_BF16;DT_BF16;DT_BF16,ND;ND;ND,"2048,32,128",DT_BF16,ND,303.43,attention_context,2,1024,32,4,128
dynamic,AI_CORE,"2048,32,128;2048,8,128;2048,8,128",DT_BF16;DT_BF16;DT_BF16,ND;ND;ND,"2048,32,128",DT_BF16,ND,305.45,attention_context,2,1024,32,8,128
dynamic,AI_CORE,"2048,40,128;2048,40,128;2048,40,128",DT_BF16;DT_BF16;DT_BF16,ND;ND;ND,"2048,40,128",DT_BF16,ND,315.15,attention_context,2,1024,40,0,128
dynamic,AI_CORE,"2048,40,128;2048,1,128;2048,1,128",DT_BF16;DT_BF16;DT_BF16,ND;ND;ND,"2048,40,128",DT_BF16,ND,363.05,attention_context,2,1024,40,1,128
dynamic,AI_CORE,"2048,40,128;2048,4,128;2048,4,128",DT_BF16;DT_BF16;DT_BF16,ND;ND;ND,"2048,40,128",DT_BF16,ND,364.93,attention_context,2,1024,40,4,128
dynamic,AI_CORE,"2048,40,128;2048,8,128;2048,8,128",DT_BF16;DT_BF16;DT_BF16,ND;ND;ND,"2048,40,128",DT_BF16,ND,364.97,attention_context,2,1024,40,8,128
dynamic,AI_CORE,"2048,64,128;2048,64,128;2048,64,128",DT_BF16;DT_BF16;DT_BF16,ND;ND;ND,"2048,64,128",DT_BF16,ND,472.55,attention_context,2,1024,64,0,128
dynamic,AI_CORE,"2048,64,128;2048,1,128;2048,1,128",DT_BF16;DT_BF16;DT_BF16,ND;ND;ND,"2048,64,128",DT_BF16,ND,553.17,attention_context,2,1024,64,1,128
dynamic,AI_CORE,"2048,64,128;2048,4,128;2048,4,128",DT_BF16;DT_BF16;DT_BF16,ND;ND;ND,"2048,64,128",DT_BF16,ND,558.03,attention_context,2,1024,64,4,128
dynamic,AI_CORE,"2048,64,128;2048,8,128;2048,8,128",DT_BF16;DT_BF16;DT_BF16,ND;ND;ND,"2048,64,128",DT_BF16,ND,557.63,attention_context,2,1024,64,8,128
dynamic,AI_CORE,"4096,8,128;4096,8,128;4096,8,128",DT_BF16;DT_BF16;DT_BF16,ND;ND;ND,"4096,8,128",DT_BF16,ND,235.67,attention_context,2,2048,8,0,128
dynamic,AI_CORE,"4096,8,128;4096,1,128;4096,1,128",DT_BF16;DT_BF16;DT_BF16,ND;ND;ND,"4096,8,128",DT_BF16,ND,231.08,attention_context,2,2048,8,1,128
dynamic,AI_CORE,"4096,8,128;4096,4,128;4096,4,128",DT_BF16;DT_BF16;DT_BF16,ND;ND;ND,"4096,8,128",DT_BF16,ND,228.25,attention_context,2,2048,8,4,128
dynamic,AI_CORE,"4096,8,128;4096,8,128;4096,8,128",DT_BF16;DT_BF16;DT_BF16,ND;ND;ND,"4096,8,128",DT_BF16,ND,233.49,attention_context,2,2048,8,8,128
dynamic,AI_CORE,"4096,16,128;4096,16,128;4096,16,128",DT_BF16;DT_BF16;DT_BF16,ND;ND;ND,"4096,16,128",DT_BF16,ND,379.75,attention_context,2,2048,16,0,128
dynamic,AI_CORE,"4096,16,128;4096,1,128;4096,1,128",DT_BF16;DT_BF16;DT_BF16,ND;ND;ND,"4096,16,128",DT_BF16,ND,381.08,attention_context,2,2048,16,1,128
dynamic,AI_CORE,"4096,16,128;4096,4,128;4096,4,128",DT_BF16;DT_BF16;DT_BF16,ND;ND;ND,"4096,16,128",DT_BF16,ND,386.03,attention_context,2,2048,16,4,128
dynamic,AI_CORE,"4096,16,128;4096,8,128;4096,8,128",DT_BF16;DT_BF16;DT_BF16,ND;ND;ND,"4096,16,128",DT_BF16,ND,403.63,attention_context,2,2048,16,8,128
dynamic,AI_CORE,"4096,32,128;4096,32,128;4096,32,128",DT_BF16;DT_BF16;DT_BF16,ND;ND;ND,"4096,32,128",DT_BF16,ND,686.16,attention_context,2,2048,32,0,128
dynamic,AI_CORE,"4096,32,128;4096,1,128;4096,1,128",DT_BF16;DT_BF16;DT_BF16,ND;ND;ND,"4096,32,128",DT_BF16,ND,754.24,attention_context,2,2048,32,1,128
dynamic,AI_CORE,"4096,32,128;4096,4,128;4096,4,128",DT_BF16;DT_BF16;DT_BF16,ND;ND;ND,"4096,32,128",DT_BF16,ND,724.19,attention_context,2,2048,32,4,128
dynamic,AI_CORE,"4096,32,128;4096,8,128;4096,8,128",DT_BF16;DT_BF16;DT_BF16,ND;ND;ND,"4096,32,128",DT_BF16,ND,725.12,attention_context,2,2048,32,8,128
dynamic,AI_CORE,"4096,40,128;4096,40,128;4096,40,128",DT_BF16;DT_BF16;DT_BF16,ND;ND;ND,"4096,40,128",DT_BF16,ND,871.43,attention_context,2,2048,40,0,128
dynamic,AI_CORE,"4096,40,128;4096,1,128;4096,1,128",DT_BF16;DT_BF16;DT_BF16,ND;ND;ND,"4096,40,128",DT_BF16,ND,888.67,attention_context,2,2048,40,1,128
dynamic,AI_CORE,"4096,40,128;4096,4,128;4096,4,128",DT_BF16;DT_BF16;DT_BF16,ND;ND;ND,"4096,40,128",DT_BF16,ND,897.79,attention_context,2,2048,40,4,128
dynamic,AI_CORE,"4096,40,128;4096,8,128;4096,8,128",DT_BF16;DT_BF16;DT_BF16,ND;ND;ND,"4096,40,128",DT_BF16,ND,895.39,attention_context,2,2048,40,8,128
dynamic,AI_CORE,"4096,64,128;4096,64,128;4096,64,128",DT_BF16;DT_BF16;DT_BF16,ND;ND;ND,"4096,64,128",DT_BF16,ND,1466.00,attention_context,2,2048,64,0,128
dynamic,AI_CORE,"4096,64,128;4096,1,128;4096,1,128",DT_BF16;DT_BF16;DT_BF16,ND;ND;ND,"4096,64,128",DT_BF16,ND,1399.20,attention_context,2,2048,64,1,128
dynamic,AI_CORE,"4096,64,128;4096,4,128;4096,4,128",DT_BF16;DT_BF16;DT_BF16,ND;ND;ND,"4096,64,128",DT_BF16,ND,1415.45,attention_context,2,2048,64,4,128
dynamic,AI_CORE,"4096,64,128;4096,8,128;4096,8,128",DT_BF16;DT_BF16;DT_BF16,ND;ND;ND,"4096,64,128",DT_BF16,ND,1421.83,attention_context,2,2048,64,8,128
dynamic,AI_CORE,"8192,8,128;8192,8,128;8192,8,128",DT_BF16;DT_BF16;DT_BF16,ND;ND;ND,"8192,8,128",DT_BF16,ND,576.03,attention_context,2,4096,8,0,128
dynamic,AI_CORE,"8192,8,128;8192,1,128;8192,1,128",DT_BF16;DT_BF16;DT_BF16,ND;ND;ND,"8192,8,128",DT_BF16,ND,550.92,attention_context,2,4096,8,1,128
dynamic,AI_CORE,"8192,8,128;8192,4,128;8192,4,128",DT_BF16;DT_BF16;DT_BF16,ND;ND;ND,"8192,8,128",DT_BF16,ND,581.36,attention_context,2,4096,8,4,128
dynamic,AI_CORE,"8192,8,128;8192,8,128;8192,8,128",DT_BF16;DT_BF16;DT_BF16,ND;ND;ND,"8192,8,128",DT_BF16,ND,574.39,attention_context,2,4096,8,8,128
dynamic,AI_CORE,"8192,16,128;8192,16,128;8192,16,128",DT_BF16;DT_BF16;DT_BF16,ND;ND;ND,"8192,16,128",DT_BF16,ND,1161.99,attention_context,2,4096,16,0,128
dynamic,AI_CORE,"8192,16,128;8192,1,128;8192,1,128",DT_BF16;DT_BF16;DT_BF16,ND;ND;ND,"8192,16,128",DT_BF16,ND,1067.14,attention_context,2,4096,16,1,128
dynamic,AI_CORE,"8192,16,128;8192,4,128;8192,4,128",DT_BF16;DT_BF16;DT_BF16,ND;ND;ND,"8192,16,128",DT_BF16,ND,1105.86,attention_context,2,4096,16,4,128
dynamic,AI_CORE,"8192,16,128;8192,8,128;8192,8,128",DT_BF16;DT_BF16;DT_BF16,ND;ND;ND,"8192,16,128",DT_BF16,ND,1107.70,attention_context,2,4096,16,8,128
dynamic,AI_CORE,"8192,32,128;8192,32,128;8192,32,128",DT_BF16;DT_BF16;DT_BF16,ND;ND;ND,"8192,32,128",DT_BF16,ND,2590.55,attention_context,2,4096,32,0,128
dynamic,AI_CORE,"8192,32,128;8192,1,128;8192,1,128",DT_BF16;DT_BF16;DT_BF16,ND;ND;ND,"8192,32,128",DT_BF16,ND,2254.27,attention_context,2,4096,32,1,128
dynamic,AI_CORE,"8192,32,128;8192,4,128;8192,4,128",DT_BF16;DT_BF16;DT_BF16,ND;ND;ND,"8192,32,128",DT_BF16,ND,2312.55,attention_context,2,4096,32,4,128
dynamic,AI_CORE,"8192,32,128;8192,8,128;8192,8,128",DT_BF16;DT_BF16;DT_BF16,ND;ND;ND,"8192,32,128",DT_BF16,ND,2329.09,attention_context,2,4096,32,8,128
dynamic,AI_CORE,"8192,40,128;8192,40,128;8192,40,128",DT_BF16;DT_BF16;DT_BF16,ND;ND;ND,"8192,40,128",DT_BF16,ND,3340.57,attention_context,2,4096,40,0,128
dynamic,AI_CORE,"8192,40,128;8192,1,128;8192,1,128",DT_BF16;DT_BF16;DT_BF16,ND;ND;ND,"8192,40,128",DT_BF16,ND,2921.48,attention_context,2,4096,40,1,128
dynamic,AI_CORE,"8192,40,128;8192,4,128;8192,4,128",DT_BF16;DT_BF16;DT_BF16,ND;ND;ND,"8192,40,128",DT_BF16,ND,2931.27,attention_context,2,4096,40,4,128
dynamic,AI_CORE,"8192,40,128;8192,8,128;8192,8,128",DT_BF16;DT_BF16;DT_BF16,ND;ND;ND,"8192,40,128",DT_BF16,ND,2929.38,attention_context,2,4096,40,8,128
dynamic,AI_CORE,"8192,64,128;8192,64,128;8192,64,128",DT_BF16;DT_BF16;DT_BF16,ND;ND;ND,"8192,64,128",DT_BF16,ND,5360.72,attention_context,2,4096,64,0,128
dynamic,AI_CORE,"8192,64,128;8192,1,128;8192,1,128",DT_BF16;DT_BF16;DT_BF16,ND;ND;ND,"8192,64,128",DT_BF16,ND,4757.59,attention_context,2,4096,64,1,128
dynamic,AI_CORE,"8192,64,128;8192,4,128;8192,4,128",DT_BF16;DT_BF16;DT_BF16,ND;ND;ND,"8192,64,128",DT_BF16,ND,4793.87,attention_context,2,4096,64,4,128
dynamic,AI_CORE,"8192,64,128;8192,8,128;8192,8,128",DT_BF16;DT_BF16;DT_BF16,ND;ND;ND,"8192,64,128",DT_BF16,ND,4793.12,attention_context,2,4096,64,8,128
dynamic,AI_CORE,"16384,8,128;16384,8,128;16384,8,128",DT_BF16;DT_BF16;DT_BF16,ND;ND;ND,"16384,8,128",DT_BF16,ND,2292.48,attention_context,2,8192,8,0,128
dynamic,AI_CORE,"16384,8,128;16384,1,128;16384,1,128",DT_BF16;DT_BF16;DT_BF16,ND;ND;ND,"16384,8,128",DT_BF16,ND,2051.56,attention_context,2,8192,8,1,128
dynamic,AI_CORE,"16384,8,128;16384,4,128;16384,4,128",DT_BF16;DT_BF16;DT_BF16,ND;ND;ND,"16384,8,128",DT_BF16,ND,2120.15,attention_context,2,8192,8,4,128
dynamic,AI_CORE,"16384,8,128;16384,8,128;16384,8,128",DT_BF16;DT_BF16;DT_BF16,ND;ND;ND,"16384,8,128",DT_BF16,ND,2306.99,attention_context,2,8192,8,8,128
dynamic,AI_CORE,"16384,16,128;16384,16,128;16384,16,128",DT_BF16;DT_BF16;DT_BF16,ND;ND;ND,"16384,16,128",DT_BF16,ND,4774.55,attention_context,2,8192,16,0,128
dynamic,AI_CORE,"16384,16,128;16384,1,128;16384,1,128",DT_BF16;DT_BF16;DT_BF16,ND;ND;ND,"16384,16,128",DT_BF16,ND,4263.56,attention_context,2,8192,16,1,128
dynamic,AI_CORE,"16384,16,128;16384,4,128;16384,4,128",DT_BF16;DT_BF16;DT_BF16,ND;ND;ND,"16384,16,128",DT_BF16,ND,4330.76,attention_context,2,8192,16,4,128
dynamic,AI_CORE,"16384,16,128;16384,8,128;16384,8,128",DT_BF16;DT_BF16;DT_BF16,ND;ND;ND,"16384,16,128",DT_BF16,ND,4354.38,attention_context,2,8192,16,8,128
dynamic,AI_CORE,"16384,32,128;16384,32,128;16384,32,128",DT_BF16;DT_BF16;DT_BF16,ND;ND;ND,"16384,32,128",DT_BF16,ND,10027.85,attention_context,2,8192,32,0,128
dynamic,AI_CORE,"16384,32,128;16384,1,128;16384,1,128",DT_BF16;DT_BF16;DT_BF16,ND;ND;ND,"16384,32,128",DT_BF16,ND,8686.03,attention_context,2,8192,32,1,128
dynamic,AI_CORE,"16384,32,128;16384,4,128;16384,4,128",DT_BF16;DT_BF16;DT_BF16,ND;ND;ND,"16384,32,128",DT_BF16,ND,8716.24,attention_context,2,8192,32,4,128
dynamic,AI_CORE,"16384,32,128;16384,8,128;16384,8,128",DT_BF16;DT_BF16;DT_BF16,ND;ND;ND,"16384,32,128",DT_BF16,ND,8747.36,attention_context,2,8192,32,8,128
dynamic,AI_CORE,"16384,40,128;16384,40,128;16384,40,128",DT_BF16;DT_BF16;DT_BF16,ND;ND;ND,"16384,40,128",DT_BF16,ND,12386.66,attention_context,2,8192,40,0,128
dynamic,AI_CORE,"16384,40,128;16384,1,128;16384,1,128",DT_BF16;DT_BF16;DT_BF16,ND;ND;ND,"16384,40,128",DT_BF16,ND,10926.90,attention_context,2,8192,40,1,128
dynamic,AI_CORE,"16384,40,128;16384,4,128;16384,4,128",DT_BF16;DT_BF16;DT_BF16,ND;ND;ND,"16384,40,128",DT_BF16,ND,11011.84,attention_context,2,8192,40,4,128
dynamic,AI_CORE,"16384,40,128;16384,8,128;16384,8,128",DT_BF16;DT_BF16;DT_BF16,ND;ND;ND,"16384,40,128",DT_BF16,ND,11028.24,attention_context,2,8192,40,8,128
dynamic,AI_CORE,"16384,64,128;16384,64,128;16384,64,128",DT_BF16;DT_BF16;DT_BF16,ND;ND;ND,"16384,64,128",DT_BF16,ND,20121.64,attention_context,2,8192,64,0,128
dynamic,AI_CORE,"16384,64,128;16384,1,128;16384,1,128",DT_BF16;DT_BF16;DT_BF16,ND;ND;ND,"16384,64,128",DT_BF16,ND,17651.62,attention_context,2,8192,64,1,128
dynamic,AI_CORE,"16384,64,128;16384,4,128;16384,4,128",DT_BF16;DT_BF16;DT_BF16,ND;ND;ND,"16384,64,128",DT_BF16,ND,17847.44,attention_context,2,8192,64,4,128
dynamic,AI_CORE,"16384,64,128;16384,8,128;16384,8,128",DT_BF16;DT_BF16;DT_BF16,ND;ND;ND,"16384,64,128",DT_BF16,ND,17928.92,attention_context,2,8192,64,8,128
dynamic,AI_CORE,"512,8,128;512,8,128;512,8,128",DT_BF16;DT_BF16;DT_BF16,ND;ND;ND,"512,8,128",DT_BF16,ND,229.79,attention_context,4,128,8,0,128
dynamic,AI_CORE,"512,8,128;512,1,128;512,1,128",DT_BF16;DT_BF16;DT_BF16,ND;ND;ND,"512,8,128",DT_BF16,ND,230.22,attention_context,4,128,8,1,128
dynamic,AI_CORE,"512,8,128;512,4,128;512,4,128",DT_BF16;DT_BF16;DT_BF16,ND;ND;ND,"512,8,128",DT_BF16,ND,233.33,attention_context,4,128,8,4,128
dynamic,AI_CORE,"512,8,128;512,8,128;512,8,128",DT_BF16;DT_BF16;DT_BF16,ND;ND;ND,"512,8,128",DT_BF16,ND,231.95,attention_context,4,128,8,8,128
dynamic,AI_CORE,"512,16,128;512,16,128;512,16,128",DT_BF16;DT_BF16;DT_BF16,ND;ND;ND,"512,16,128",DT_BF16,ND,234.05,attention_context,4,128,16,0,128
dynamic,AI_CORE,"512,16,128;512,1,128;512,1,128",DT_BF16;DT_BF16;DT_BF16,ND;ND;ND,"512,16,128",DT_BF16,ND,237.09,attention_context,4,128,16,1,128
dynamic,AI_CORE,"512,16,128;512,4,128;512,4,128",DT_BF16;DT_BF16;DT_BF16,ND;ND;ND,"512,16,128",DT_BF16,ND,236.79,attention_context,4,128,16,4,128
dynamic,AI_CORE,"512,16,128;512,8,128;512,8,128",DT_BF16;DT_BF16;DT_BF16,ND;ND;ND,"512,16,128",DT_BF16,ND,235.37,attention_context,4,128,16,8,128
dynamic,AI_CORE,"512,32,128;512,32,128;512,32,128",DT_BF16;DT_BF16;DT_BF16,ND;ND;ND,"512,32,128",DT_BF16,ND,236.96,attention_context,4,128,32,0,128
dynamic,AI_CORE,"512,32,128;512,1,128;512,1,128",DT_BF16;DT_BF16;DT_BF16,ND;ND;ND,"512,32,128",DT_BF16,ND,240.48,attention_context,4,128,32,1,128
dynamic,AI_CORE,"512,32,128;512,4,128;512,4,128",DT_BF16;DT_BF16;DT_BF16,ND;ND;ND,"512,32,128",DT_BF16,ND,237.27,attention_context,4,128,32,4,128
dynamic,AI_CORE,"512,32,128;512,8,128;512,8,128",DT_BF16;DT_BF16;DT_BF16,ND;ND;ND,"512,32,128",DT_BF16,ND,237.62,attention_context,4,128,32,8,128
dynamic,AI_CORE,"512,40,128;512,40,128;512,40,128",DT_BF16;DT_BF16;DT_BF16,ND;ND;ND,"512,40,128",DT_BF16,ND,238.54,attention_context,4,128,40,0,128
dynamic,AI_CORE,"512,40,128;512,1,128;512,1,128",DT_BF16;DT_BF16;DT_BF16,ND;ND;ND,"512,40,128",DT_BF16,ND,237.96,attention_context,4,128,40,1,128
dynamic,AI_CORE,"512,40,128;512,4,128;512,4,128",DT_BF16;DT_BF16;DT_BF16,ND;ND;ND,"512,40,128",DT_BF16,ND,236.66,attention_context,4,128,40,4,128
dynamic,AI_CORE,"512,40,128;512,8,128;512,8,128",DT_BF16;DT_BF16;DT_BF16,ND;ND;ND,"512,40,128",DT_BF16,ND,238.49,attention_context,4,128,40,8,128
dynamic,AI_CORE,"512,64,128;512,64,128;512,64,128",DT_BF16;DT_BF16;DT_BF16,ND;ND;ND,"512,64,128",DT_BF16,ND,239.03,attention_context,4,128,64,0,128
dynamic,AI_CORE,"512,64,128;512,1,128;512,1,128",DT_BF16;DT_BF16;DT_BF16,ND;ND;ND,"512,64,128",DT_BF16,ND,240.33,attention_context,4,128,64,1,128
dynamic,AI_CORE,"512,64,128;512,4,128;512,4,128",DT_BF16;DT_BF16;DT_BF16,ND;ND;ND,"512,64,128",DT_BF16,ND,245.09,attention_context,4,128,64,4,128
dynamic,AI_CORE,"512,64,128;512,8,128;512,8,128",DT_BF16;DT_BF16;DT_BF16,ND;ND;ND,"512,64,128",DT_BF16,ND,241.34,attention_context,4,128,64,8,128
dynamic,AI_CORE,"1024,8,128;1024,8,128;1024,8,128",DT_BF16;DT_BF16;DT_BF16,ND;ND;ND,"1024,8,128",DT_BF16,ND,240.71,attention_context,4,256,8,0,128
dynamic,AI_CORE,"1024,8,128;1024,1,128;1024,1,128",DT_BF16;DT_BF16;DT_BF16,ND;ND;ND,"1024,8,128",DT_BF16,ND,259.48,attention_context,4,256,8,1,128
dynamic,AI_CORE,"1024,8,128;1024,4,128;1024,4,128",DT_BF16;DT_BF16;DT_BF16,ND;ND;ND,"1024,8,128",DT_BF16,ND,255.55,attention_context,4,256,8,4,128
dynamic,AI_CORE,"1024,8,128;1024,8,128;1024,8,128",DT_BF16;DT_BF16;DT_BF16,ND;ND;ND,"1024,8,128",DT_BF16,ND,253.19,attention_context,4,256,8,8,128
dynamic,AI_CORE,"1024,16,128;1024,16,128;1024,16,128",DT_BF16;DT_BF16;DT_BF16,ND;ND;ND,"1024,16,128",DT_BF16,ND,251.41,attention_context,4,256,16,0,128
dynamic,AI_CORE,"1024,16,128;1024,1,128;1024,1,128",DT_BF16;DT_BF16;DT_BF16,ND;ND;ND,"1024,16,128",DT_BF16,ND,255.13,attention_context,4,256,16,1,128
dynamic,AI_CORE,"1024,16,128;1024,4,128;1024,4,128",DT_BF16;DT_BF16;DT_BF16,ND;ND;ND,"1024,16,128",DT_BF16,ND,254.12,attention_context,4,256,16,4,128
dynamic,AI_CORE,"1024,16,128;1024,8,128;1024,8,128",DT_BF16;DT_BF16;DT_BF16,ND;ND;ND,"1024,16,128",DT_BF16,ND,238.79,attention_context,4,256,16,8,128
dynamic,AI_CORE,"1024,32,128;1024,32,128;1024,32,128",DT_BF16;DT_BF16;DT_BF16,ND;ND;ND,"1024,32,128",DT_BF16,ND,238.67,attention_context,4,256,32,0,128
dynamic,AI_CORE,"1024,32,128;1024,1,128;1024,1,128",DT_BF16;DT_BF16;DT_BF16,ND;ND;ND,"1024,32,128",DT_BF16,ND,239.22,attention_context,4,256,32,1,128
dynamic,AI_CORE,"1024,32,128;1024,4,128;1024,4,128",DT_BF16;DT_BF16;DT_BF16,ND;ND;ND,"1024,32,128",DT_BF16,ND,318.46,attention_context,4,256,32,4,128
dynamic,AI_CORE,"1024,32,128;1024,8,128;1024,8,128",DT_BF16;DT_BF16;DT_BF16,ND;ND;ND,"1024,32,128",DT_BF16,ND,241.42,attention_context,4,256,32,8,128
dynamic,AI_CORE,"1024,40,128;1024,40,128;1024,40,128",DT_BF16;DT_BF16;DT_BF16,ND;ND;ND,"1024,40,128",DT_BF16,ND,231.49,attention_context,4,256,40,0,128
dynamic,AI_CORE,"1024,40,128;1024,1,128;1024,1,128",DT_BF16;DT_BF16;DT_BF16,ND;ND;ND,"1024,40,128",DT_BF16,ND,236.74,attention_context,4,256,40,1,128
dynamic,AI_CORE,"1024,40,128;1024,4,128;1024,4,128",DT_BF16;DT_BF16;DT_BF16,ND;ND;ND,"1024,40,128",DT_BF16,ND,240.16,attention_context,4,256,40,4,128
dynamic,AI_CORE,"1024,40,128;1024,8,128;1024,8,128",DT_BF16;DT_BF16;DT_BF16,ND;ND;ND,"1024,40,128",DT_BF16,ND,237.32,attention_context,4,256,40,8,128
dynamic,AI_CORE,"1024,64,128;1024,64,128;1024,64,128",DT_BF16;DT_BF16;DT_BF16,ND;ND;ND,"1024,64,128",DT_BF16,ND,238.27,attention_context,4,256,64,0,128
dynamic,AI_CORE,"1024,64,128;1024,1,128;1024,1,128",DT_BF16;DT_BF16;DT_BF16,ND;ND;ND,"1024,64,128",DT_BF16,ND,240.65,attention_context,4,256,64,1,128
dynamic,AI_CORE,"1024,64,128;1024,4,128;1024,4,128",DT_BF16;DT_BF16;DT_BF16,ND;ND;ND,"1024,64,128",DT_BF16,ND,241.56,attention_context,4,256,64,4,128
dynamic,AI_CORE,"1024,64,128;1024,8,128;1024,8,128",DT_BF16;DT_BF16;DT_BF16,ND;ND;ND,"1024,64,128",DT_BF16,ND,234.73,attention_context,4,256,64,8,128
dynamic,AI_CORE,"2048,8,128;2048,8,128;2048,8,128",DT_BF16;DT_BF16;DT_BF16,ND;ND;ND,"2048,8,128",DT_BF16,ND,236.25,attention_context,4,512,8,0,128
dynamic,AI_CORE,"2048,8,128;2048,1,128;2048,1,128",DT_BF16;DT_BF16;DT_BF16,ND;ND;ND,"2048,8,128",DT_BF16,ND,227.81,attention_context,4,512,8,1,128
dynamic,AI_CORE,"2048,8,128;2048,4,128;2048,4,128",DT_BF16;DT_BF16;DT_BF16,ND;ND;ND,"2048,8,128",DT_BF16,ND,232.76,attention_context,4,512,8,4,128
dynamic,AI_CORE,"2048,8,128;2048,8,128;2048,8,128",DT_BF16;DT_BF16;DT_BF16,ND;ND;ND,"2048,8,128",DT_BF16,ND,235.15,attention_context,4,512,8,8,128
dynamic,AI_CORE,"2048,16,128;2048,16,128;2048,16,128",DT_BF16;DT_BF16;DT_BF16,ND;ND;ND,"2048,16,128",DT_BF16,ND,234.75,attention_context,4,512,16,0,128
dynamic,AI_CORE,"2048,16,128;2048,1,128;2048,1,128",DT_BF16;DT_BF16;DT_BF16,ND;ND;ND,"2048,16,128",DT_BF16,ND,235.06,attention_context,4,512,16,1,128
dynamic,AI_CORE,"2048,16,128;2048,4,128;2048,4,128",DT_BF16;DT_BF16;DT_BF16,ND;ND;ND,"2048,16,128",DT_BF16,ND,235.19,attention_context,4,512,16,4,128
dynamic,AI_CORE,"2048,16,128;2048,8,128;2048,8,128",DT_BF16;DT_BF16;DT_BF16,ND;ND;ND,"2048,16,128",DT_BF16,ND,234.95,attention_context,4,512,16,8,128
dynamic,AI_CORE,"2048,32,128;2048,32,128;2048,32,128",DT_BF16;DT_BF16;DT_BF16,ND;ND;ND,"2048,32,128",DT_BF16,ND,237.62,attention_context,4,512,32,0,128
dynamic,AI_CORE,"2048,32,128;2048,1,128;2048,1,128",DT_BF16;DT_BF16;DT_BF16,ND;ND;ND,"2048,32,128",DT_BF16,ND,239.24,attention_context,4,512,32,1,128
dynamic,AI_CORE,"2048,32,128;2048,4,128;2048,4,128",DT_BF16;DT_BF16;DT_BF16,ND;ND;ND,"2048,32,128",DT_BF16,ND,239.00,attention_context,4,512,32,4,128
dynamic,AI_CORE,"2048,32,128;2048,8,128;2048,8,128",DT_BF16;DT_BF16;DT_BF16,ND;ND;ND,"2048,32,128",DT_BF16,ND,239.58,attention_context,4,512,32,8,128
dynamic,AI_CORE,"2048,40,128;2048,40,128;2048,40,128",DT_BF16;DT_BF16;DT_BF16,ND;ND;ND,"2048,40,128",DT_BF16,ND,250.49,attention_context,4,512,40,0,128
dynamic,AI_CORE,"2048,40,128;2048,1,128;2048,1,128",DT_BF16;DT_BF16;DT_BF16,ND;ND;ND,"2048,40,128",DT_BF16,ND,285.59,attention_context,4,512,40,1,128
dynamic,AI_CORE,"2048,40,128;2048,4,128;2048,4,128",DT_BF16;DT_BF16;DT_BF16,ND;ND;ND,"2048,40,128",DT_BF16,ND,288.02,attention_context,4,512,40,4,128
dynamic,AI_CORE,"2048,40,128;2048,8,128;2048,8,128",DT_BF16;DT_BF16;DT_BF16,ND;ND;ND,"2048,40,128",DT_BF16,ND,286.82,attention_context,4,512,40,8,128
dynamic,AI_CORE,"2048,64,128;2048,64,128;2048,64,128",DT_BF16;DT_BF16;DT_BF16,ND;ND;ND,"2048,64,128",DT_BF16,ND,347.78,attention_context,4,512,64,0,128
dynamic,AI_CORE,"2048,64,128;2048,1,128;2048,1,128",DT_BF16;DT_BF16;DT_BF16,ND;ND;ND,"2048,64,128",DT_BF16,ND,428.28,attention_context,4,512,64,1,128
dynamic,AI_CORE,"2048,64,128;2048,4,128;2048,4,128",DT_BF16;DT_BF16;DT_BF16,ND;ND;ND,"2048,64,128",DT_BF16,ND,431.03,attention_context,4,512,64,4,128
dynamic,AI_CORE,"2048,64,128;2048,8,128;2048,8,128",DT_BF16;DT_BF16;DT_BF16,ND;ND;ND,"2048,64,128",DT_BF16,ND,432.61,attention_context,4,512,64,8,128
dynamic,AI_CORE,"4096,8,128;4096,8,128;4096,8,128",DT_BF16;DT_BF16;DT_BF16,ND;ND;ND,"4096,8,128",DT_BF16,ND,235.95,attention_context,4,1024,8,0,128
dynamic,AI_CORE,"4096,8,128;4096,1,128;4096,1,128",DT_BF16;DT_BF16;DT_BF16,ND;ND;ND,"4096,8,128",DT_BF16,ND,235.15,attention_context,4,1024,8,1,128
dynamic,AI_CORE,"4096,8,128;4096,4,128;4096,4,128",DT_BF16;DT_BF16;DT_BF16,ND;ND;ND,"4096,8,128",DT_BF16,ND,235.96,attention_context,4,1024,8,4,128
dynamic,AI_CORE,"4096,8,128;4096,8,128;4096,8,128",DT_BF16;DT_BF16;DT_BF16,ND;ND;ND,"4096,8,128",DT_BF16,ND,258.41,attention_context,4,1024,8,8,128
dynamic,AI_CORE,"4096,16,128;4096,16,128;4096,16,128",DT_BF16;DT_BF16;DT_BF16,ND;ND;ND,"4096,16,128",DT_BF16,ND,267.25,attention_context,4,1024,16,0,128
dynamic,AI_CORE,"4096,16,128;4096,1,128;4096,1,128",DT_BF16;DT_BF16;DT_BF16,ND;ND;ND,"4096,16,128",DT_BF16,ND,297.35,attention_context,4,1024,16,1,128
dynamic,AI_CORE,"4096,16,128;4096,4,128;4096,4,128",DT_BF16;DT_BF16;DT_BF16,ND;ND;ND,"4096,16,128",DT_BF16,ND,299.27,attention_context,4,1024,16,4,128
dynamic,AI_CORE,"4096,16,128;4096,8,128;4096,8,128",DT_BF16;DT_BF16;DT_BF16,ND;ND;ND,"4096,16,128",DT_BF16,ND,302.29,attention_context,4,1024,16,8,128
dynamic,AI_CORE,"4096,32,128;4096,32,128;4096,32,128",DT_BF16;DT_BF16;DT_BF16,ND;ND;ND,"4096,32,128",DT_BF16,ND,466.56,attention_context,4,1024,32,0,128
dynamic,AI_CORE,"4096,32,128;4096,1,128;4096,1,128",DT_BF16;DT_BF16;DT_BF16,ND;ND;ND,"4096,32,128",DT_BF16,ND,554.24,attention_context,4,1024,32,1,128
dynamic,AI_CORE,"4096,32,128;4096,4,128;4096,4,128",DT_BF16;DT_BF16;DT_BF16,ND;ND;ND,"4096,32,128",DT_BF16,ND,561.61,attention_context,4,1024,32,4,128
dynamic,AI_CORE,"4096,32,128;4096,8,128;4096,8,128",DT_BF16;DT_BF16;DT_BF16,ND;ND;ND,"4096,32,128",DT_BF16,ND,558.94,attention_context,4,1024,32,8,128
dynamic,AI_CORE,"4096,40,128;4096,40,128;4096,40,128",DT_BF16;DT_BF16;DT_BF16,ND;ND;ND,"4096,40,128",DT_BF16,ND,592.57,attention_context,4,1024,40,0,128
dynamic,AI_CORE,"4096,40,128;4096,1,128;4096,1,128",DT_BF16;DT_BF16;DT_BF16,ND;ND;ND,"4096,40,128",DT_BF16,ND,676.78,attention_context,4,1024,40,1,128
dynamic,AI_CORE,"4096,40,128;4096,4,128;4096,4,128",DT_BF16;DT_BF16;DT_BF16,ND;ND;ND,"4096,40,128",DT_BF16,ND,683.57,attention_context,4,1024,40,4,128
dynamic,AI_CORE,"4096,40,128;4096,8,128;4096,8,128",DT_BF16;DT_BF16;DT_BF16,ND;ND;ND,"4096,40,128",DT_BF16,ND,682.12,attention_context,4,1024,40,8,128
dynamic,AI_CORE,"4096,64,128;4096,64,128;4096,64,128",DT_BF16;DT_BF16;DT_BF16,ND;ND;ND,"4096,64,128",DT_BF16,ND,958.61,attention_context,4,1024,64,0,128
dynamic,AI_CORE,"4096,64,128;4096,1,128;4096,1,128",DT_BF16;DT_BF16;DT_BF16,ND;ND;ND,"4096,64,128",DT_BF16,ND,1077.26,attention_context,4,1024,64,1,128
dynamic,AI_CORE,"4096,64,128;4096,4,128;4096,4,128",DT_BF16;DT_BF16;DT_BF16,ND;ND;ND,"4096,64,128",DT_BF16,ND,1084.70,attention_context,4,1024,64,4,128
dynamic,AI_CORE,"4096,64,128;4096,8,128;4096,8,128",DT_BF16;DT_BF16;DT_BF16,ND;ND;ND,"4096,64,128",DT_BF16,ND,1079.11,attention_context,4,1024,64,8,128
dynamic,AI_CORE,"8192,8,128;8192,8,128;8192,8,128",DT_BF16;DT_BF16;DT_BF16,ND;ND;ND,"8192,8,128",DT_BF16,ND,379.55,attention_context,4,2048,8,0,128
dynamic,AI_CORE,"8192,8,128;8192,1,128;8192,1,128",DT_BF16;DT_BF16;DT_BF16,ND;ND;ND,"8192,8,128",DT_BF16,ND,383.93,attention_context,4,2048,8,1,128
dynamic,AI_CORE,"8192,8,128;8192,4,128;8192,4,128",DT_BF16;DT_BF16;DT_BF16,ND;ND;ND,"8192,8,128",DT_BF16,ND,387.54,attention_context,4,2048,8,4,128
dynamic,AI_CORE,"8192,8,128;8192,8,128;8192,8,128",DT_BF16;DT_BF16;DT_BF16,ND;ND;ND,"8192,8,128",DT_BF16,ND,381.95,attention_context,4,2048,8,8,128
dynamic,AI_CORE,"8192,16,128;8192,16,128;8192,16,128",DT_BF16;DT_BF16;DT_BF16,ND;ND;ND,"8192,16,128",DT_BF16,ND,686.81,attention_context,4,2048,16,0,128
dynamic,AI_CORE,"8192,16,128;8192,1,128;8192,1,128",DT_BF16;DT_BF16;DT_BF16,ND;ND;ND,"8192,16,128",DT_BF16,ND,723.15,attention_context,4,2048,16,1,128
dynamic,AI_CORE,"8192,16,128;8192,4,128;8192,4,128",DT_BF16;DT_BF16;DT_BF16,ND;ND;ND,"8192,16,128",DT_BF16,ND,728.51,attention_context,4,2048,16,4,128
dynamic,AI_CORE,"8192,16,128;8192,8,128;8192,8,128",DT_BF16;DT_BF16;DT_BF16,ND;ND;ND,"8192,16,128",DT_BF16,ND,727.79,attention_context,4,2048,16,8,128
dynamic,AI_CORE,"8192,32,128;8192,32,128;8192,32,128",DT_BF16;DT_BF16;DT_BF16,ND;ND;ND,"8192,32,128",DT_BF16,ND,1463.77,attention_context,4,2048,32,0,128
dynamic,AI_CORE,"8192,32,128;8192,1,128;8192,1,128",DT_BF16;DT_BF16;DT_BF16,ND;ND;ND,"8192,32,128",DT_BF16,ND,1403.01,attention_context,4,2048,32,1,128
dynamic,AI_CORE,"8192,32,128;8192,4,128;8192,4,128",DT_BF16;DT_BF16;DT_BF16,ND;ND;ND,"8192,32,128",DT_BF16,ND,1416.32,attention_context,4,2048,32,4,128
dynamic,AI_CORE,"8192,32,128;8192,8,128;8192,8,128",DT_BF16;DT_BF16;DT_BF16,ND;ND;ND,"8192,32,128",DT_BF16,ND,1422.73,attention_context,4,2048,32,8,128
dynamic,AI_CORE,"8192,40,128;8192,40,128;8192,40,128",DT_BF16;DT_BF16;DT_BF16,ND;ND;ND,"8192,40,128",DT_BF16,ND,1872.32,attention_context,4,2048,40,0,128
dynamic,AI_CORE,"8192,40,128;8192,1,128;8192,1,128",DT_BF16;DT_BF16;DT_BF16,ND;ND;ND,"8192,40,128",DT_BF16,ND,1754.61,attention_context,4,2048,40,1,128
dynamic,AI_CORE,"8192,40,128;8192,4,128;8192,4,128",DT_BF16;DT_BF16;DT_BF16,ND;ND;ND,"8192,40,128",DT_BF16,ND,1782.36,attention_context,4,2048,40,4,128
dynamic,AI_CORE,"8192,40,128;8192,8,128;8192,8,128",DT_BF16;DT_BF16;DT_BF16,ND;ND;ND,"8192,40,128",DT_BF16,ND,1772.96,attention_context,4,2048,40,8,128
dynamic,AI_CORE,"8192,64,128;8192,64,128;8192,64,128",DT_BF16;DT_BF16;DT_BF16,ND;ND;ND,"8192,64,128",DT_BF16,ND,3192.81,attention_context,4,2048,64,0,128
dynamic,AI_CORE,"8192,64,128;8192,1,128;8192,1,128",DT_BF16;DT_BF16;DT_BF16,ND;ND;ND,"8192,64,128",DT_BF16,ND,2900.83,attention_context,4,2048,64,1,128
dynamic,AI_CORE,"8192,64,128;8192,4,128;8192,4,128",DT_BF16;DT_BF16;DT_BF16,ND;ND;ND,"8192,64,128",DT_BF16,ND,2929.67,attention_context,4,2048,64,4,128
dynamic,AI_CORE,"8192,64,128;8192,8,128;8192,8,128",DT_BF16;DT_BF16;DT_BF16,ND;ND;ND,"8192,64,128",DT_BF16,ND,2912.56,attention_context,4,2048,64,8,128
dynamic,AI_CORE,"16384,8,128;16384,8,128;16384,8,128",DT_BF16;DT_BF16;DT_BF16,ND;ND;ND,"16384,8,128",DT_BF16,ND,1205.74,attention_context,4,4096,8,0,128
dynamic,AI_CORE,"16384,8,128;16384,1,128;16384,1,128",DT_BF16;DT_BF16;DT_BF16,ND;ND;ND,"16384,8,128",DT_BF16,ND,1112.36,attention_context,4,4096,8,1,128
dynamic,AI_CORE,"16384,8,128;16384,4,128;16384,4,128",DT_BF16;DT_BF16;DT_BF16,ND;ND;ND,"16384,8,128",DT_BF16,ND,1110.08,attention_context,4,4096,8,4,128
dynamic,AI_CORE,"16384,8,128;16384,8,128;16384,8,128",DT_BF16;DT_BF16;DT_BF16,ND;ND;ND,"16384,8,128",DT_BF16,ND,1220.10,attention_context,4,4096,8,8,128
dynamic,AI_CORE,"16384,16,128;16384,16,128;16384,16,128",DT_BF16;DT_BF16;DT_BF16,ND;ND;ND,"16384,16,128",DT_BF16,ND,2654.18,attention_context,4,4096,16,0,128
dynamic,AI_CORE,"16384,16,128;16384,1,128;16384,1,128",DT_BF16;DT_BF16;DT_BF16,ND;ND;ND,"16384,16,128",DT_BF16,ND,2311.93,attention_context,4,4096,16,1,128
dynamic,AI_CORE,"16384,16,128;16384,4,128;16384,4,128",DT_BF16;DT_BF16;DT_BF16,ND;ND;ND,"16384,16,128",DT_BF16,ND,2335.98,attention_context,4,4096,16,4,128
dynamic,AI_CORE,"16384,16,128;16384,8,128;16384,8,128",DT_BF16;DT_BF16;DT_BF16,ND;ND;ND,"16384,16,128",DT_BF16,ND,2338.85,attention_context,4,4096,16,8,128
dynamic,AI_CORE,"16384,32,128;16384,32,128;16384,32,128",DT_BF16;DT_BF16;DT_BF16,ND;ND;ND,"16384,32,128",DT_BF16,ND,5402.63,attention_context,4,4096,32,0,128
dynamic,AI_CORE,"16384,32,128;16384,1,128;16384,1,128",DT_BF16;DT_BF16;DT_BF16,ND;ND;ND,"16384,32,128",DT_BF16,ND,4805.99,attention_context,4,4096,32,1,128
dynamic,AI_CORE,"16384,32,128;16384,4,128;16384,4,128",DT_BF16;DT_BF16;DT_BF16,ND;ND;ND,"16384,32,128",DT_BF16,ND,4833.50,attention_context,4,4096,32,4,128
dynamic,AI_CORE,"16384,32,128;16384,8,128;16384,8,128",DT_BF16;DT_BF16;DT_BF16,ND;ND;ND,"16384,32,128",DT_BF16,ND,4864.26,attention_context,4,4096,32,8,128
dynamic,AI_CORE,"16384,40,128;16384,40,128;16384,40,128",DT_BF16;DT_BF16;DT_BF16,ND;ND;ND,"16384,40,128",DT_BF16,ND,6778.65,attention_context,4,4096,40,0,128
dynamic,AI_CORE,"16384,40,128;16384,1,128;16384,1,128",DT_BF16;DT_BF16;DT_BF16,ND;ND;ND,"16384,40,128",DT_BF16,ND,5999.08,attention_context,4,4096,40,1,128
dynamic,AI_CORE,"16384,40,128;16384,4,128;16384,4,128",DT_BF16;DT_BF16;DT_BF16,ND;ND;ND,"16384,40,128",DT_BF16,ND,6047.81,attention_context,4,4096,40,4,128
dynamic,AI_CORE,"16384,40,128;16384,8,128;16384,8,128",DT_BF16;DT_BF16;DT_BF16,ND;ND;ND,"16384,40,128",DT_BF16,ND,6021.54,attention_context,4,4096,40,8,128
dynamic,AI_CORE,"16384,64,128;16384,64,128;16384,64,128",DT_BF16;DT_BF16;DT_BF16,ND;ND;ND,"16384,64,128",DT_BF16,ND,11178.80,attention_context,4,4096,64,0,128
dynamic,AI_CORE,"16384,64,128;16384,1,128;16384,1,128",DT_BF16;DT_BF16;DT_BF16,ND;ND;ND,"16384,64,128",DT_BF16,ND,9939.30,attention_context,4,4096,64,1,128
dynamic,AI_CORE,"16384,64,128;16384,4,128;16384,4,128",DT_BF16;DT_BF16;DT_BF16,ND;ND;ND,"16384,64,128",DT_BF16,ND,9966.72,attention_context,4,4096,64,4,128
dynamic,AI_CORE,"16384,64,128;16384,8,128;16384,8,128",DT_BF16;DT_BF16;DT_BF16,ND;ND;ND,"16384,64,128",DT_BF16,ND,9950.26,attention_context,4,4096,64,8,128
dynamic,AI_CORE,"32768,8,128;32768,8,128;32768,8,128",DT_BF16;DT_BF16;DT_BF16,ND;ND;ND,"32768,8,128",DT_BF16,ND,4888.91,attention_context,4,8192,8,0,128
dynamic,AI_CORE,"32768,8,128;32768,1,128;32768,1,128",DT_BF16;DT_BF16;DT_BF16,ND;ND;ND,"32768,8,128",DT_BF16,ND,4387.15,attention_context,4,8192,8,1,128
dynamic,AI_CORE,"32768,8,128;32768,4,128;32768,4,128",DT_BF16;DT_BF16;DT_BF16,ND;ND;ND,"32768,8,128",DT_BF16,ND,4429.94,attention_context,4,8192,8,4,128
dynamic,AI_CORE,"32768,8,128;32768,8,128;32768,8,128",DT_BF16;DT_BF16;DT_BF16,ND;ND;ND,"32768,8,128",DT_BF16,ND,4880.19,attention_context,4,8192,8,8,128
dynamic,AI_CORE,"32768,16,128;32768,16,128;32768,16,128",DT_BF16;DT_BF16;DT_BF16,ND;ND;ND,"32768,16,128",DT_BF16,ND,10088.72,attention_context,4,8192,16,0,128
dynamic,AI_CORE,"32768,16,128;32768,1,128;32768,1,128",DT_BF16;DT_BF16;DT_BF16,ND;ND;ND,"32768,16,128",DT_BF16,ND,8829.38,attention_context,4,8192,16,1,128
dynamic,AI_CORE,"32768,16,128;32768,4,128;32768,4,128",DT_BF16;DT_BF16;DT_BF16,ND;ND;ND,"32768,16,128",DT_BF16,ND,8827.00,attention_context,4,8192,16,4,128
dynamic,AI_CORE,"32768,16,128;32768,8,128;32768,8,128",DT_BF16;DT_BF16;DT_BF16,ND;ND;ND,"32768,16,128",DT_BF16,ND,8880.75,attention_context,4,8192,16,8,128
dynamic,AI_CORE,"32768,32,128;32768,32,128;32768,32,128",DT_BF16;DT_BF16;DT_BF16,ND;ND;ND,"32768,32,128",DT_BF16,ND,20544.99,attention_context,4,8192,32,0,128
dynamic,AI_CORE,"32768,32,128;32768,1,128;32768,1,128",DT_BF16;DT_BF16;DT_BF16,ND;ND;ND,"32768,32,128",DT_BF16,ND,17890.51,attention_context,4,8192,32,1,128
dynamic,AI_CORE,"32768,32,128;32768,4,128;32768,4,128",DT_BF16;DT_BF16;DT_BF16,ND;ND;ND,"32768,32,128",DT_BF16,ND,17988.54,attention_context,4,8192,32,4,128
dynamic,AI_CORE,"32768,32,128;32768,8,128;32768,8,128",DT_BF16;DT_BF16;DT_BF16,ND;ND;ND,"32768,32,128",DT_BF16,ND,17989.12,attention_context,4,8192,32,8,128
dynamic,AI_CORE,"32768,40,128;32768,40,128;32768,40,128",DT_BF16;DT_BF16;DT_BF16,ND;ND;ND,"32768,40,128",DT_BF16,ND,25854.34,attention_context,4,8192,40,0,128
dynamic,AI_CORE,"32768,40,128;32768,1,128;32768,1,128",DT_BF16;DT_BF16;DT_BF16,ND;ND;ND,"32768,40,128",DT_BF16,ND,22185.19,attention_context,4,8192,40,1,128
dynamic,AI_CORE,"32768,40,128;32768,4,128;32768,4,128",DT_BF16;DT_BF16;DT_BF16,ND;ND;ND,"32768,40,128",DT_BF16,ND,22396.72,attention_context,4,8192,40,4,128
dynamic,AI_CORE,"32768,40,128;32768,8,128;32768,8,128",DT_BF16;DT_BF16;DT_BF16,ND;ND;ND,"32768,40,128",DT_BF16,ND,22431.13,attention_context,4,8192,40,8,128
dynamic,AI_CORE,"32768,64,128;32768,64,128;32768,64,128",DT_BF16;DT_BF16;DT_BF16,ND;ND;ND,"32768,64,128",DT_BF16,ND,41986.27,attention_context,4,8192,64,0,128
dynamic,AI_CORE,"32768,64,128;32768,1,128;32768,1,128",DT_BF16;DT_BF16;DT_BF16,ND;ND;ND,"32768,64,128",DT_BF16,ND,35986.87,attention_context,4,8192,64,1,128
dynamic,AI_CORE,"32768,64,128;32768,4,128;32768,4,128",DT_BF16;DT_BF16;DT_BF16,ND;ND;ND,"32768,64,128",DT_BF16,ND,36004.81,attention_context,4,8192,64,4,128
dynamic,AI_CORE,"32768,64,128;32768,8,128;32768,8,128",DT_BF16;DT_BF16;DT_BF16,ND;ND;ND,"32768,64,128",DT_BF16,ND,36000.11,attention_context,4,8192,64,8,128
dynamic,AI_CORE,"1024,8,128;1024,8,128;1024,8,128",DT_BF16;DT_BF16;DT_BF16,ND;ND;ND,"1024,8,128",DT_BF16,ND,233.15,attention_context,8,128,8,0,128
dynamic,AI_CORE,"1024,8,128;1024,1,128;1024,1,128",DT_BF16;DT_BF16;DT_BF16,ND;ND;ND,"1024,8,128",DT_BF16,ND,233.41,attention_context,8,128,8,1,128
dynamic,AI_CORE,"1024,8,128;1024,4,128;1024,4,128",DT_BF16;DT_BF16;DT_BF16,ND;ND;ND,"1024,8,128",DT_BF16,ND,236.45,attention_context,8,128,8,4,128
dynamic,AI_CORE,"1024,8,128;1024,8,128;1024,8,128",DT_BF16;DT_BF16;DT_BF16,ND;ND;ND,"1024,8,128",DT_BF16,ND,239.44,attention_context,8,128,8,8,128
dynamic,AI_CORE,"1024,16,128;1024,16,128;1024,16,128",DT_BF16;DT_BF16;DT_BF16,ND;ND;ND,"1024,16,128",DT_BF16,ND,237.91,attention_context,8,128,16,0,128
dynamic,AI_CORE,"1024,16,128;1024,1,128;1024,1,128",DT_BF16;DT_BF16;DT_BF16,ND;ND;ND,"1024,16,128",DT_BF16,ND,245.36,attention_context,8,128,16,1,128
dynamic,AI_CORE,"1024,16,128;1024,4,128;1024,4,128",DT_BF16;DT_BF16;DT_BF16,ND;ND;ND,"1024,16,128",DT_BF16,ND,240.41,attention_context,8,128,16,4,128
dynamic,AI_CORE,"1024,16,128;1024,8,128;1024,8,128",DT_BF16;DT_BF16;DT_BF16,ND;ND;ND,"1024,16,128",DT_BF16,ND,240.88,attention_context,8,128,16,8,128
dynamic,AI_CORE,"1024,32,128;1024,32,128;1024,32,128",DT_BF16;DT_BF16;DT_BF16,ND;ND;ND,"1024,32,128",DT_BF16,ND,248.07,attention_context,8,128,32,0,128
dynamic,AI_CORE,"1024,32,128;1024,1,128;1024,1,128",DT_BF16;DT_BF16;DT_BF16,ND;ND;ND,"1024,32,128",DT_BF16,ND,237.75,attention_context,8,128,32,1,128
dynamic,AI_CORE,"1024,32,128;1024,4,128;1024,4,128",DT_BF16;DT_BF16;DT_BF16,ND;ND;ND,"1024,32,128",DT_BF16,ND,235.21,attention_context,8,128,32,4,128
dynamic,AI_CORE,"1024,32,128;1024,8,128;1024,8,128",DT_BF16;DT_BF16;DT_BF16,ND;ND;ND,"1024,32,128",DT_BF16,ND,251.99,attention_context,8,128,32,8,128
dynamic,AI_CORE,"1024,40,128;1024,40,128;1024,40,128",DT_BF16;DT_BF16;DT_BF16,ND;ND;ND,"1024,40,128",DT_BF16,ND,237.44,attention_context,8,128,40,0,128
dynamic,AI_CORE,"1024,40,128;1024,1,128;1024,1,128",DT_BF16;DT_BF16;DT_BF16,ND;ND;ND,"1024,40,128",DT_BF16,ND,241.86,attention_context,8,128,40,1,128
dynamic,AI_CORE,"1024,40,128;1024,4,128;1024,4,128",DT_BF16;DT_BF16;DT_BF16,ND;ND;ND,"1024,40,128",DT_BF16,ND,238.44,attention_context,8,128,40,4,128
dynamic,AI_CORE,"1024,40,128;1024,8,128;1024,8,128",DT_BF16;DT_BF16;DT_BF16,ND;ND;ND,"1024,40,128",DT_BF16,ND,235.37,attention_context,8,128,40,8,128
dynamic,AI_CORE,"1024,64,128;1024,64,128;1024,64,128",DT_BF16;DT_BF16;DT_BF16,ND;ND;ND,"1024,64,128",DT_BF16,ND,242.69,attention_context,8,128,64,0,128
dynamic,AI_CORE,"1024,64,128;1024,1,128;1024,1,128",DT_BF16;DT_BF16;DT_BF16,ND;ND;ND,"1024,64,128",DT_BF16,ND,234.17,attention_context,8,128,64,1,128
dynamic,AI_CORE,"1024,64,128;1024,4,128;1024,4,128",DT_BF16;DT_BF16;DT_BF16,ND;ND;ND,"1024,64,128",DT_BF16,ND,237.95,attention_context,8,128,64,4,128
dynamic,AI_CORE,"1024,64,128;1024,8,128;1024,8,128",DT_BF16;DT_BF16;DT_BF16,ND;ND;ND,"1024,64,128",DT_BF16,ND,245.43,attention_context,8,128,64,8,128
dynamic,AI_CORE,"2048,8,128;2048,8,128;2048,8,128",DT_BF16;DT_BF16;DT_BF16,ND;ND;ND,"2048,8,128",DT_BF16,ND,234.68,attention_context,8,256,8,0,128
dynamic,AI_CORE,"2048,8,128;2048,1,128;2048,1,128",DT_BF16;DT_BF16;DT_BF16,ND;ND;ND,"2048,8,128",DT_BF16,ND,238.78,attention_context,8,256,8,1,128
dynamic,AI_CORE,"2048,8,128;2048,4,128;2048,4,128",DT_BF16;DT_BF16;DT_BF16,ND;ND;ND,"2048,8,128",DT_BF16,ND,236.44,attention_context,8,256,8,4,128
dynamic,AI_CORE,"2048,8,128;2048,8,128;2048,8,128",DT_BF16;DT_BF16;DT_BF16,ND;ND;ND,"2048,8,128",DT_BF16,ND,241.09,attention_context,8,256,8,8,128
dynamic,AI_CORE,"2048,16,128;2048,16,128;2048,16,128",DT_BF16;DT_BF16;DT_BF16,ND;ND;ND,"2048,16,128",DT_BF16,ND,239.35,attention_context,8,256,16,0,128
dynamic,AI_CORE,"2048,16,128;2048,1,128;2048,1,128",DT_BF16;DT_BF16;DT_BF16,ND;ND;ND,"2048,16,128",DT_BF16,ND,237.58,attention_context,8,256,16,1,128
dynamic,AI_CORE,"2048,16,128;2048,4,128;2048,4,128",DT_BF16;DT_BF16;DT_BF16,ND;ND;ND,"2048,16,128",DT_BF16,ND,236.22,attention_context,8,256,16,4,128
dynamic,AI_CORE,"2048,16,128;2048,8,128;2048,8,128",DT_BF16;DT_BF16;DT_BF16,ND;ND;ND,"2048,16,128",DT_BF16,ND,236.89,attention_context,8,256,16,8,128
dynamic,AI_CORE,"2048,32,128;2048,32,128;2048,32,128",DT_BF16;DT_BF16;DT_BF16,ND;ND;ND,"2048,32,128",DT_BF16,ND,237.39,attention_context,8,256,32,0,128
dynamic,AI_CORE,"2048,32,128;2048,1,128;2048,1,128",DT_BF16;DT_BF16;DT_BF16,ND;ND;ND,"2048,32,128",DT_BF16,ND,236.84,attention_context,8,256,32,1,128
dynamic,AI_CORE,"2048,32,128;2048,4,128;2048,4,128",DT_BF16;DT_BF16;DT_BF16,ND;ND;ND,"2048,32,128",DT_BF16,ND,236.77,attention_context,8,256,32,4,128
dynamic,AI_CORE,"2048,32,128;2048,8,128;2048,8,128",DT_BF16;DT_BF16;DT_BF16,ND;ND;ND,"2048,32,128",DT_BF16,ND,235.96,attention_context,8,256,32,8,128
dynamic,AI_CORE,"2048,40,128;2048,40,128;2048,40,128",DT_BF16;DT_BF16;DT_BF16,ND;ND;ND,"2048,40,128",DT_BF16,ND,238.96,attention_context,8,256,40,0,128
dynamic,AI_CORE,"2048,40,128;2048,1,128;2048,1,128",DT_BF16;DT_BF16;DT_BF16,ND;ND;ND,"2048,40,128",DT_BF16,ND,240.27,attention_context,8,256,40,1,128
dynamic,AI_CORE,"2048,40,128;2048,4,128;2048,4,128",DT_BF16;DT_BF16;DT_BF16,ND;ND;ND,"2048,40,128",DT_BF16,ND,240.73,attention_context,8,256,40,4,128
dynamic,AI_CORE,"2048,40,128;2048,8,128;2048,8,128",DT_BF16;DT_BF16;DT_BF16,ND;ND;ND,"2048,40,128",DT_BF16,ND,245.97,attention_context,8,256,40,8,128
dynamic,AI_CORE,"2048,64,128;2048,64,128;2048,64,128",DT_BF16;DT_BF16;DT_BF16,ND;ND;ND,"2048,64,128",DT_BF16,ND,260.76,attention_context,8,256,64,0,128
dynamic,AI_CORE,"2048,64,128;2048,1,128;2048,1,128",DT_BF16;DT_BF16;DT_BF16,ND;ND;ND,"2048,64,128",DT_BF16,ND,336.94,attention_context,8,256,64,1,128
dynamic,AI_CORE,"2048,64,128;2048,4,128;2048,4,128",DT_BF16;DT_BF16;DT_BF16,ND;ND;ND,"2048,64,128",DT_BF16,ND,338.75,attention_context,8,256,64,4,128
dynamic,AI_CORE,"2048,64,128;2048,8,128;2048,8,128",DT_BF16;DT_BF16;DT_BF16,ND;ND;ND,"2048,64,128",DT_BF16,ND,338.93,attention_context,8,256,64,8,128
dynamic,AI_CORE,"4096,8,128;4096,8,128;4096,8,128",DT_BF16;DT_BF16;DT_BF16,ND;ND;ND,"4096,8,128",DT_BF16,ND,239.67,attention_context,8,512,8,0,128
dynamic,AI_CORE,"4096,8,128;4096,1,128;4096,1,128",DT_BF16;DT_BF16;DT_BF16,ND;ND;ND,"4096,8,128",DT_BF16,ND,243.42,attention_context,8,512,8,1,128
dynamic,AI_CORE,"4096,8,128;4096,4,128;4096,4,128",DT_BF16;DT_BF16;DT_BF16,ND;ND;ND,"4096,8,128",DT_BF16,ND,246.86,attention_context,8,512,8,4,128
dynamic,AI_CORE,"4096,8,128;4096,8,128;4096,8,128",DT_BF16;DT_BF16;DT_BF16,ND;ND;ND,"4096,8,128",DT_BF16,ND,247.51,attention_context,8,512,8,8,128
dynamic,AI_CORE,"4096,16,128;4096,16,128;4096,16,128",DT_BF16;DT_BF16;DT_BF16,ND;ND;ND,"4096,16,128",DT_BF16,ND,252.13,attention_context,8,512,16,0,128
dynamic,AI_CORE,"4096,16,128;4096,1,128;4096,1,128",DT_BF16;DT_BF16;DT_BF16,ND;ND;ND,"4096,16,128",DT_BF16,ND,246.93,attention_context,8,512,16,1,128
dynamic,AI_CORE,"4096,16,128;4096,4,128;4096,4,128",DT_BF16;DT_BF16;DT_BF16,ND;ND;ND,"4096,16,128",DT_BF16,ND,248.20,attention_context,8,512,16,4,128
dynamic,AI_CORE,"4096,16,128;4096,8,128;4096,8,128",DT_BF16;DT_BF16;DT_BF16,ND;ND;ND,"4096,16,128",DT_BF16,ND,247.64,attention_context,8,512,16,8,128
dynamic,AI_CORE,"4096,32,128;4096,32,128;4096,32,128",DT_BF16;DT_BF16;DT_BF16,ND;ND;ND,"4096,32,128",DT_BF16,ND,353.01,attention_context,8,512,32,0,128
dynamic,AI_CORE,"4096,32,128;4096,1,128;4096,1,128",DT_BF16;DT_BF16;DT_BF16,ND;ND;ND,"4096,32,128",DT_BF16,ND,430.41,attention_context,8,512,32,1,128
dynamic,AI_CORE,"4096,32,128;4096,4,128;4096,4,128",DT_BF16;DT_BF16;DT_BF16,ND;ND;ND,"4096,32,128",DT_BF16,ND,431.70,attention_context,8,512,32,4,128
dynamic,AI_CORE,"4096,32,128;4096,8,128;4096,8,128",DT_BF16;DT_BF16;DT_BF16,ND;ND;ND,"4096,32,128",DT_BF16,ND,432.34,attention_context,8,512,32,8,128
dynamic,AI_CORE,"4096,40,128;4096,40,128;4096,40,128",DT_BF16;DT_BF16;DT_BF16,ND;ND;ND,"4096,40,128",DT_BF16,ND,462.69,attention_context,8,512,40,0,128
dynamic,AI_CORE,"4096,40,128;4096,1,128;4096,1,128",DT_BF16;DT_BF16;DT_BF16,ND;ND;ND,"4096,40,128",DT_BF16,ND,530.84,attention_context,8,512,40,1,128
dynamic,AI_CORE,"4096,40,128;4096,4,128;4096,4,128",DT_BF16;DT_BF16;DT_BF16,ND;ND;ND,"4096,40,128",DT_BF16,ND,522.47,attention_context,8,512,40,4,128
dynamic,AI_CORE,"4096,40,128;4096,8,128;4096,8,128",DT_BF16;DT_BF16;DT_BF16,ND;ND;ND,"4096,40,128",DT_BF16,ND,533.67,attention_context,8,512,40,8,128
dynamic,AI_CORE,"4096,64,128;4096,64,128;4096,64,128",DT_BF16;DT_BF16;DT_BF16,ND;ND;ND,"4096,64,128",DT_BF16,ND,726.27,attention_context,8,512,64,0,128
dynamic,AI_CORE,"4096,64,128;4096,1,128;4096,1,128",DT_BF16;DT_BF16;DT_BF16,ND;ND;ND,"4096,64,128",DT_BF16,ND,825.22,attention_context,8,512,64,1,128
dynamic,AI_CORE,"4096,64,128;4096,4,128;4096,4,128",DT_BF16;DT_BF16;DT_BF16,ND;ND;ND,"4096,64,128",DT_BF16,ND,829.57,attention_context,8,512,64,4,128
dynamic,AI_CORE,"4096,64,128;4096,8,128;4096,8,128",DT_BF16;DT_BF16;DT_BF16,ND;ND;ND,"4096,64,128",DT_BF16,ND,834.37,attention_context,8,512,64,8,128
dynamic,AI_CORE,"8192,8,128;8192,8,128;8192,8,128",DT_BF16;DT_BF16;DT_BF16,ND;ND;ND,"8192,8,128",DT_BF16,ND,267.44,attention_context,8,1024,8,0,128
dynamic,AI_CORE,"8192,8,128;8192,1,128;8192,1,128",DT_BF16;DT_BF16;DT_BF16,ND;ND;ND,"8192,8,128",DT_BF16,ND,293.67,attention_context,8,1024,8,1,128
dynamic,AI_CORE,"8192,8,128;8192,4,128;8192,4,128",DT_BF16;DT_BF16;DT_BF16,ND;ND;ND,"8192,8,128",DT_BF16,ND,295.78,attention_context,8,1024,8,4,128
dynamic,AI_CORE,"8192,8,128;8192,8,128;8192,8,128",DT_BF16;DT_BF16;DT_BF16,ND;ND;ND,"8192,8,128",DT_BF16,ND,265.55,attention_context,8,1024,8,8,128
dynamic,AI_CORE,"8192,16,128;8192,16,128;8192,16,128",DT_BF16;DT_BF16;DT_BF16,ND;ND;ND,"8192,16,128",DT_BF16,ND,467.54,attention_context,8,1024,16,0,128
dynamic,AI_CORE,"8192,16,128;8192,1,128;8192,1,128",DT_BF16;DT_BF16;DT_BF16,ND;ND;ND,"8192,16,128",DT_BF16,ND,549.59,attention_context,8,1024,16,1,128
dynamic,AI_CORE,"8192,16,128;8192,4,128;8192,4,128",DT_BF16;DT_BF16;DT_BF16,ND;ND;ND,"8192,16,128",DT_BF16,ND,550.99,attention_context,8,1024,16,4,128
dynamic,AI_CORE,"8192,16,128;8192,8,128;8192,8,128",DT_BF16;DT_BF16;DT_BF16,ND;ND;ND,"8192,16,128",DT_BF16,ND,549.18,attention_context,8,1024,16,8,128
dynamic,AI_CORE,"8192,32,128;8192,32,128;8192,32,128",DT_BF16;DT_BF16;DT_BF16,ND;ND;ND,"8192,32,128",DT_BF16,ND,937.21,attention_context,8,1024,32,0,128
dynamic,AI_CORE,"8192,32,128;8192,1,128;8192,1,128",DT_BF16;DT_BF16;DT_BF16,ND;ND;ND,"8192,32,128",DT_BF16,ND,1064.45,attention_context,8,1024,32,1,128
dynamic,AI_CORE,"8192,32,128;8192,4,128;8192,4,128",DT_BF16;DT_BF16;DT_BF16,ND;ND;ND,"8192,32,128",DT_BF16,ND,1088.05,attention_context,8,1024,32,4,128
dynamic,AI_CORE,"8192,32,128;8192,8,128;8192,8,128",DT_BF16;DT_BF16;DT_BF16,ND;ND;ND,"8192,32,128",DT_BF16,ND,1098.11,attention_context,8,1024,32,8,128
dynamic,AI_CORE,"8192,40,128;8192,40,128;8192,40,128",DT_BF16;DT_BF16;DT_BF16,ND;ND;ND,"8192,40,128",DT_BF16,ND,1176.26,attention_context,8,1024,40,0,128
dynamic,AI_CORE,"8192,40,128;8192,1,128;8192,1,128",DT_BF16;DT_BF16;DT_BF16,ND;ND;ND,"8192,40,128",DT_BF16,ND,1344.69,attention_context,8,1024,40,1,128
dynamic,AI_CORE,"8192,40,128;8192,4,128;8192,4,128",DT_BF16;DT_BF16;DT_BF16,ND;ND;ND,"8192,40,128",DT_BF16,ND,1388.36,attention_context,8,1024,40,4,128
dynamic,AI_CORE,"8192,40,128;8192,8,128;8192,8,128",DT_BF16;DT_BF16;DT_BF16,ND;ND;ND,"8192,40,128",DT_BF16,ND,1358.05,attention_context,8,1024,40,8,128
dynamic,AI_CORE,"8192,64,128;8192,64,128;8192,64,128",DT_BF16;DT_BF16;DT_BF16,ND;ND;ND,"8192,64,128",DT_BF16,ND,2305.38,attention_context,8,1024,64,0,128
dynamic,AI_CORE,"8192,64,128;8192,1,128;8192,1,128",DT_BF16;DT_BF16;DT_BF16,ND;ND;ND,"8192,64,128",DT_BF16,ND,2225.02,attention_context,8,1024,64,1,128
dynamic,AI_CORE,"8192,64,128;8192,4,128;8192,4,128",DT_BF16;DT_BF16;DT_BF16,ND;ND;ND,"8192,64,128",DT_BF16,ND,2231.24,attention_context,8,1024,64,4,128
dynamic,AI_CORE,"8192,64,128;8192,8,128;8192,8,128",DT_BF16;DT_BF16;DT_BF16,ND;ND;ND,"8192,64,128",DT_BF16,ND,2253.53,attention_context,8,1024,64,8,128
dynamic,AI_CORE,"16384,8,128;16384,8,128;16384,8,128",DT_BF16;DT_BF16;DT_BF16,ND;ND;ND,"16384,8,128",DT_BF16,ND,692.00,attention_context,8,2048,8,0,128
dynamic,AI_CORE,"16384,8,128;16384,1,128;16384,1,128",DT_BF16;DT_BF16;DT_BF16,ND;ND;ND,"16384,8,128",DT_BF16,ND,715.82,attention_context,8,2048,8,1,128
dynamic,AI_CORE,"16384,8,128;16384,4,128;16384,4,128",DT_BF16;DT_BF16;DT_BF16,ND;ND;ND,"16384,8,128",DT_BF16,ND,720.77,attention_context,8,2048,8,4,128
dynamic,AI_CORE,"16384,8,128;16384,8,128;16384,8,128",DT_BF16;DT_BF16;DT_BF16,ND;ND;ND,"16384,8,128",DT_BF16,ND,703.89,attention_context,8,2048,8,8,128
dynamic,AI_CORE,"16384,16,128;16384,16,128;16384,16,128",DT_BF16;DT_BF16;DT_BF16,ND;ND;ND,"16384,16,128",DT_BF16,ND,1510.44,attention_context,8,2048,16,0,128
dynamic,AI_CORE,"16384,16,128;16384,1,128;16384,1,128",DT_BF16;DT_BF16;DT_BF16,ND;ND;ND,"16384,16,128",DT_BF16,ND,1400.49,attention_context,8,2048,16,1,128
dynamic,AI_CORE,"16384,16,128;16384,4,128;16384,4,128",DT_BF16;DT_BF16;DT_BF16,ND;ND;ND,"16384,16,128",DT_BF16,ND,1423.99,attention_context,8,2048,16,4,128
dynamic,AI_CORE,"16384,16,128;16384,8,128;16384,8,128",DT_BF16;DT_BF16;DT_BF16,ND;ND;ND,"16384,16,128",DT_BF16,ND,1431.42,attention_context,8,2048,16,8,128
dynamic,AI_CORE,"16384,32,128;16384,32,128;16384,32,128",DT_BF16;DT_BF16;DT_BF16,ND;ND;ND,"16384,32,128",DT_BF16,ND,3228.34,attention_context,8,2048,32,0,128
dynamic,AI_CORE,"16384,32,128;16384,1,128;16384,1,128",DT_BF16;DT_BF16;DT_BF16,ND;ND;ND,"16384,32,128",DT_BF16,ND,2947.38,attention_context,8,2048,32,1,128
dynamic,AI_CORE,"16384,32,128;16384,4,128;16384,4,128",DT_BF16;DT_BF16;DT_BF16,ND;ND;ND,"16384,32,128",DT_BF16,ND,2968.22,attention_context,8,2048,32,4,128
dynamic,AI_CORE,"16384,32,128;16384,8,128;16384,8,128",DT_BF16;DT_BF16;DT_BF16,ND;ND;ND,"16384,32,128",DT_BF16,ND,2964.90,attention_context,8,2048,32,8,128
dynamic,AI_CORE,"16384,40,128;16384,40,128;16384,40,128",DT_BF16;DT_BF16;DT_BF16,ND;ND;ND,"16384,40,128",DT_BF16,ND,3971.71,attention_context,8,2048,40,0,128
dynamic,AI_CORE,"16384,40,128;16384,1,128;16384,1,128",DT_BF16;DT_BF16;DT_BF16,ND;ND;ND,"16384,40,128",DT_BF16,ND,3751.06,attention_context,8,2048,40,1,128
dynamic,AI_CORE,"16384,40,128;16384,4,128;16384,4,128",DT_BF16;DT_BF16;DT_BF16,ND;ND;ND,"16384,40,128",DT_BF16,ND,3745.41,attention_context,8,2048,40,4,128
dynamic,AI_CORE,"16384,40,128;16384,8,128;16384,8,128",DT_BF16;DT_BF16;DT_BF16,ND;ND;ND,"16384,40,128",DT_BF16,ND,3759.97,attention_context,8,2048,40,8,128
dynamic,AI_CORE,"16384,64,128;16384,64,128;16384,64,128",DT_BF16;DT_BF16;DT_BF16,ND;ND;ND,"16384,64,128",DT_BF16,ND,6835.67,attention_context,8,2048,64,0,128
dynamic,AI_CORE,"16384,64,128;16384,1,128;16384,1,128",DT_BF16;DT_BF16;DT_BF16,ND;ND;ND,"16384,64,128",DT_BF16,ND,6025.26,attention_context,8,2048,64,1,128
dynamic,AI_CORE,"16384,64,128;16384,4,128;16384,4,128",DT_BF16;DT_BF16;DT_BF16,ND;ND;ND,"16384,64,128",DT_BF16,ND,6026.93,attention_context,8,2048,64,4,128
dynamic,AI_CORE,"16384,64,128;16384,8,128;16384,8,128",DT_BF16;DT_BF16;DT_BF16,ND;ND;ND,"16384,64,128",DT_BF16,ND,6064.70,attention_context,8,2048,64,8,128
dynamic,AI_CORE,"32768,8,128;32768,8,128;32768,8,128",DT_BF16;DT_BF16;DT_BF16,ND;ND;ND,"32768,8,128",DT_BF16,ND,2715.46,attention_context,8,4096,8,0,128
dynamic,AI_CORE,"32768,8,128;32768,1,128;32768,1,128",DT_BF16;DT_BF16;DT_BF16,ND;ND;ND,"32768,8,128",DT_BF16,ND,2382.77,attention_context,8,4096,8,1,128
dynamic,AI_CORE,"32768,8,128;32768,4,128;32768,4,128",DT_BF16;DT_BF16;DT_BF16,ND;ND;ND,"32768,8,128",DT_BF16,ND,2385.75,attention_context,8,4096,8,4,128
dynamic,AI_CORE,"32768,8,128;32768,8,128;32768,8,128",DT_BF16;DT_BF16;DT_BF16,ND;ND;ND,"32768,8,128",DT_BF16,ND,2703.47,attention_context,8,4096,8,8,128
dynamic,AI_CORE,"32768,16,128;32768,16,128;32768,16,128",DT_BF16;DT_BF16;DT_BF16,ND;ND;ND,"32768,16,128",DT_BF16,ND,5580.77,attention_context,8,4096,16,0,128
dynamic,AI_CORE,"32768,16,128;32768,1,128;32768,1,128",DT_BF16;DT_BF16;DT_BF16,ND;ND;ND,"32768,16,128",DT_BF16,ND,4842.16,attention_context,8,4096,16,1,128
dynamic,AI_CORE,"32768,16,128;32768,4,128;32768,4,128",DT_BF16;DT_BF16;DT_BF16,ND;ND;ND,"32768,16,128",DT_BF16,ND,4890.01,attention_context,8,4096,16,4,128
dynamic,AI_CORE,"32768,16,128;32768,8,128;32768,8,128",DT_BF16;DT_BF16;DT_BF16,ND;ND;ND,"32768,16,128",DT_BF16,ND,4899.82,attention_context,8,4096,16,8,128
dynamic,AI_CORE,"32768,32,128;32768,32,128;32768,32,128",DT_BF16;DT_BF16;DT_BF16,ND;ND;ND,"32768,32,128",DT_BF16,ND,11379.61,attention_context,8,4096,32,0,128
dynamic,AI_CORE,"32768,32,128;32768,1,128;32768,1,128",DT_BF16;DT_BF16;DT_BF16,ND;ND;ND,"32768,32,128",DT_BF16,ND,9988.72,attention_context,8,4096,32,1,128
dynamic,AI_CORE,"32768,32,128;32768,4,128;32768,4,128",DT_BF16;DT_BF16;DT_BF16,ND;ND;ND,"32768,32,128",DT_BF16,ND,9989.90,attention_context,8,4096,32,4,128
dynamic,AI_CORE,"32768,32,128;32768,8,128;32768,8,128",DT_BF16;DT_BF16;DT_BF16,ND;ND;ND,"32768,32,128",DT_BF16,ND,10026.86,attention_context,8,4096,32,8,128
dynamic,AI_CORE,"32768,40,128;32768,40,128;32768,40,128",DT_BF16;DT_BF16;DT_BF16,ND;ND;ND,"32768,40,128",DT_BF16,ND,13732.60,attention_context,8,4096,40,0,128
dynamic,AI_CORE,"32768,40,128;32768,1,128;32768,1,128",DT_BF16;DT_BF16;DT_BF16,ND;ND;ND,"32768,40,128",DT_BF16,ND,12258.05,attention_context,8,4096,40,1,128
dynamic,AI_CORE,"32768,40,128;32768,4,128;32768,4,128",DT_BF16;DT_BF16;DT_BF16,ND;ND;ND,"32768,40,128",DT_BF16,ND,12384.70,attention_context,8,4096,40,4,128
dynamic,AI_CORE,"32768,40,128;32768,8,128;32768,8,128",DT_BF16;DT_BF16;DT_BF16,ND;ND;ND,"32768,40,128",DT_BF16,ND,12302.72,attention_context,8,4096,40,8,128
dynamic,AI_CORE,"32768,64,128;32768,64,128;32768,64,128",DT_BF16;DT_BF16;DT_BF16,ND;ND;ND,"32768,64,128",DT_BF16,ND,23186.21,attention_context,8,4096,64,0,128
dynamic,AI_CORE,"32768,64,128;32768,1,128;32768,1,128",DT_BF16;DT_BF16;DT_BF16,ND;ND;ND,"32768,64,128",DT_BF16,ND,19985.40,attention_context,8,4096,64,1,128
dynamic,AI_CORE,"32768,64,128;32768,4,128;32768,4,128",DT_BF16;DT_BF16;DT_BF16,ND;ND;ND,"32768,64,128",DT_BF16,ND,19962.40,attention_context,8,4096,64,4,128
dynamic,AI_CORE,"32768,64,128;32768,8,128;32768,8,128",DT_BF16;DT_BF16;DT_BF16,ND;ND;ND,"32768,64,128",DT_BF16,ND,19966.18,attention_context,8,4096,64,8,128
dynamic,AI_CORE,"65536,8,128;65536,8,128;65536,8,128",DT_BF16;DT_BF16;DT_BF16,ND;ND;ND,"65536,8,128",DT_BF16,ND,10263.75,attention_context,8,8192,8,0,128
dynamic,AI_CORE,"65536,8,128;65536,1,128;65536,1,128",DT_BF16;DT_BF16;DT_BF16,ND;ND;ND,"65536,8,128",DT_BF16,ND,8942.90,attention_context,8,8192,8,1,128
dynamic,AI_CORE,"65536,8,128;65536,4,128;65536,4,128",DT_BF16;DT_BF16;DT_BF16,ND;ND;ND,"65536,8,128",DT_BF16,ND,9046.78,attention_context,8,8192,8,4,128
dynamic,AI_CORE,"65536,8,128;65536,8,128;65536,8,128",DT_BF16;DT_BF16;DT_BF16,ND;ND;ND,"65536,8,128",DT_BF16,ND,10237.57,attention_context,8,8192,8,8,128
dynamic,AI_CORE,"65536,16,128;65536,16,128;65536,16,128",DT_BF16;DT_BF16;DT_BF16,ND;ND;ND,"65536,16,128",DT_BF16,ND,20825.99,attention_context,8,8192,16,0,128
dynamic,AI_CORE,"65536,16,128;65536,1,128;65536,1,128",DT_BF16;DT_BF16;DT_BF16,ND;ND;ND,"65536,16,128",DT_BF16,ND,17988.12,attention_context,8,8192,16,1,128
dynamic,AI_CORE,"65536,16,128;65536,4,128;65536,4,128",DT_BF16;DT_BF16;DT_BF16,ND;ND;ND,"65536,16,128",DT_BF16,ND,18133.92,attention_context,8,8192,16,4,128
dynamic,AI_CORE,"65536,16,128;65536,8,128;65536,8,128",DT_BF16;DT_BF16;DT_BF16,ND;ND;ND,"65536,16,128",DT_BF16,ND,18036.03,attention_context,8,8192,16,8,128
dynamic,AI_CORE,"65536,32,128;65536,32,128;65536,32,128",DT_BF16;DT_BF16;DT_BF16,ND;ND;ND,"65536,32,128",DT_BF16,ND,42450.53,attention_context,8,8192,32,0,128
dynamic,AI_CORE,"65536,32,128;65536,1,128;65536,1,128",DT_BF16;DT_BF16;DT_BF16,ND;ND;ND,"65536,32,128",DT_BF16,ND,35959.16,attention_context,8,8192,32,1,128
dynamic,AI_CORE,"65536,32,128;65536,4,128;65536,4,128",DT_BF16;DT_BF16;DT_BF16,ND;ND;ND,"65536,32,128",DT_BF16,ND,36267.27,attention_context,8,8192,32,4,128
dynamic,AI_CORE,"65536,32,128;65536,8,128;65536,8,128",DT_BF16;DT_BF16;DT_BF16,ND;ND;ND,"65536,32,128",DT_BF16,ND,36084.90,attention_context,8,8192,32,8,128
dynamic,AI_CORE,"65536,40,128;65536,40,128;65536,40,128",DT_BF16;DT_BF16;DT_BF16,ND;ND;ND,"65536,40,128",DT_BF16,ND,52404.75,attention_context,8,8192,40,0,128
dynamic,AI_CORE,"65536,40,128;65536,1,128;65536,1,128",DT_BF16;DT_BF16;DT_BF16,ND;ND;ND,"65536,40,128",DT_BF16,ND,45491.54,attention_context,8,8192,40,1,128
dynamic,AI_CORE,"65536,40,128;65536,4,128;65536,4,128",DT_BF16;DT_BF16;DT_BF16,ND;ND;ND,"65536,40,128",DT_BF16,ND,45977.62,attention_context,8,8192,40,4,128
dynamic,AI_CORE,"65536,40,128;65536,8,128;65536,8,128",DT_BF16;DT_BF16;DT_BF16,ND;ND;ND,"65536,40,128",DT_BF16,ND,45898.24,attention_context,8,8192,40,8,128
dynamic,AI_CORE,"65536,64,128;65536,64,128;65536,64,128",DT_BF16;DT_BF16;DT_BF16,ND;ND;ND,"65536,64,128",DT_BF16,ND,87262.78,attention_context,8,8192,64,0,128
dynamic,AI_CORE,"65536,64,128;65536,1,128;65536,1,128",DT_BF16;DT_BF16;DT_BF16,ND;ND;ND,"65536,64,128",DT_BF16,ND,73149.55,attention_context,8,8192,64,1,128
dynamic,AI_CORE,"65536,64,128;65536,4,128;65536,4,128",DT_BF16;DT_BF16;DT_BF16,ND;ND;ND,"65536,64,128",DT_BF16,ND,73979.81,attention_context,8,8192,64,4,128
dynamic,AI_CORE,"65536,64,128;65536,8,128;65536,8,128",DT_BF16;DT_BF16;DT_BF16,ND;ND;ND,"65536,64,128",DT_BF16,ND,73903.70,attention_context,8,8192,64,8,128
dynamic,AI_CORE,"2048,8,128;2048,8,128;2048,8,128",DT_BF16;DT_BF16;DT_BF16,ND;ND;ND,"2048,8,128",DT_BF16,ND,239.37,attention_context,16,128,8,0,128
dynamic,AI_CORE,"2048,8,128;2048,1,128;2048,1,128",DT_BF16;DT_BF16;DT_BF16,ND;ND;ND,"2048,8,128",DT_BF16,ND,237.36,attention_context,16,128,8,1,128
dynamic,AI_CORE,"2048,8,128;2048,4,128;2048,4,128",DT_BF16;DT_BF16;DT_BF16,ND;ND;ND,"2048,8,128",DT_BF16,ND,239.51,attention_context,16,128,8,4,128
dynamic,AI_CORE,"2048,8,128;2048,8,128;2048,8,128",DT_BF16;DT_BF16;DT_BF16,ND;ND;ND,"2048,8,128",DT_BF16,ND,237.70,attention_context,16,128,8,8,128
dynamic,AI_CORE,"2048,16,128;2048,16,128;2048,16,128",DT_BF16;DT_BF16;DT_BF16,ND;ND;ND,"2048,16,128",DT_BF16,ND,238.82,attention_context,16,128,16,0,128
dynamic,AI_CORE,"2048,16,128;2048,1,128;2048,1,128",DT_BF16;DT_BF16;DT_BF16,ND;ND;ND,"2048,16,128",DT_BF16,ND,242.48,attention_context,16,128,16,1,128
dynamic,AI_CORE,"2048,16,128;2048,4,128;2048,4,128",DT_BF16;DT_BF16;DT_BF16,ND;ND;ND,"2048,16,128",DT_BF16,ND,240.76,attention_context,16,128,16,4,128
dynamic,AI_CORE,"2048,16,128;2048,8,128;2048,8,128",DT_BF16;DT_BF16;DT_BF16,ND;ND;ND,"2048,16,128",DT_BF16,ND,241.75,attention_context,16,128,16,8,128
dynamic,AI_CORE,"2048,32,128;2048,32,128;2048,32,128",DT_BF16;DT_BF16;DT_BF16,ND;ND;ND,"2048,32,128",DT_BF16,ND,246.49,attention_context,16,128,32,0,128
dynamic,AI_CORE,"2048,32,128;2048,1,128;2048,1,128",DT_BF16;DT_BF16;DT_BF16,ND;ND;ND,"2048,32,128",DT_BF16,ND,246.97,attention_context,16,128,32,1,128
dynamic,AI_CORE,"2048,32,128;2048,4,128;2048,4,128",DT_BF16;DT_BF16;DT_BF16,ND;ND;ND,"2048,32,128",DT_BF16,ND,247.18,attention_context,16,128,32,4,128
dynamic,AI_CORE,"2048,32,128;2048,8,128;2048,8,128",DT_BF16;DT_BF16;DT_BF16,ND;ND;ND,"2048,32,128",DT_BF16,ND,246.83,attention_context,16,128,32,8,128
dynamic,AI_CORE,"2048,40,128;2048,40,128;2048,40,128",DT_BF16;DT_BF16;DT_BF16,ND;ND;ND,"2048,40,128",DT_BF16,ND,252.13,attention_context,16,128,40,0,128
dynamic,AI_CORE,"2048,40,128;2048,1,128;2048,1,128",DT_BF16;DT_BF16;DT_BF16,ND;ND;ND,"2048,40,128",DT_BF16,ND,249.62,attention_context,16,128,40,1,128
dynamic,AI_CORE,"2048,40,128;2048,4,128;2048,4,128",DT_BF16;DT_BF16;DT_BF16,ND;ND;ND,"2048,40,128",DT_BF16,ND,249.12,attention_context,16,128,40,4,128
dynamic,AI_CORE,"2048,40,128;2048,8,128;2048,8,128",DT_BF16;DT_BF16;DT_BF16,ND;ND;ND,"2048,40,128",DT_BF16,ND,248.71,attention_context,16,128,40,8,128
dynamic,AI_CORE,"2048,64,128;2048,64,128;2048,64,128",DT_BF16;DT_BF16;DT_BF16,ND;ND;ND,"2048,64,128",DT_BF16,ND,331.70,attention_context,16,128,64,0,128
dynamic,AI_CORE,"2048,64,128;2048,1,128;2048,1,128",DT_BF16;DT_BF16;DT_BF16,ND;ND;ND,"2048,64,128",DT_BF16,ND,289.22,attention_context,16,128,64,1,128
dynamic,AI_CORE,"2048,64,128;2048,4,128;2048,4,128",DT_BF16;DT_BF16;DT_BF16,ND;ND;ND,"2048,64,128",DT_BF16,ND,289.76,attention_context,16,128,64,4,128
dynamic,AI_CORE,"2048,64,128;2048,8,128;2048,8,128",DT_BF16;DT_BF16;DT_BF16,ND;ND;ND,"2048,64,128",DT_BF16,ND,288.79,attention_context,16,128,64,8,128
dynamic,AI_CORE,"4096,8,128;4096,8,128;4096,8,128",DT_BF16;DT_BF16;DT_BF16,ND;ND;ND,"4096,8,128",DT_BF16,ND,251.61,attention_context,16,256,8,0,128
dynamic,AI_CORE,"4096,8,128;4096,1,128;4096,1,128",DT_BF16;DT_BF16;DT_BF16,ND;ND;ND,"4096,8,128",DT_BF16,ND,250.94,attention_context,16,256,8,1,128
dynamic,AI_CORE,"4096,8,128;4096,4,128;4096,4,128",DT_BF16;DT_BF16;DT_BF16,ND;ND;ND,"4096,8,128",DT_BF16,ND,258.71,attention_context,16,256,8,4,128
dynamic,AI_CORE,"4096,8,128;4096,8,128;4096,8,128",DT_BF16;DT_BF16;DT_BF16,ND;ND;ND,"4096,8,128",DT_BF16,ND,254.17,attention_context,16,256,8,8,128
dynamic,AI_CORE,"4096,16,128;4096,16,128;4096,16,128",DT_BF16;DT_BF16;DT_BF16,ND;ND;ND,"4096,16,128",DT_BF16,ND,242.69,attention_context,16,256,16,0,128
dynamic,AI_CORE,"4096,16,128;4096,1,128;4096,1,128",DT_BF16;DT_BF16;DT_BF16,ND;ND;ND,"4096,16,128",DT_BF16,ND,244.94,attention_context,16,256,16,1,128
dynamic,AI_CORE,"4096,16,128;4096,4,128;4096,4,128",DT_BF16;DT_BF16;DT_BF16,ND;ND;ND,"4096,16,128",DT_BF16,ND,245.20,attention_context,16,256,16,4,128
dynamic,AI_CORE,"4096,16,128;4096,8,128;4096,8,128",DT_BF16;DT_BF16;DT_BF16,ND;ND;ND,"4096,16,128",DT_BF16,ND,244.94,attention_context,16,256,16,8,128
dynamic,AI_CORE,"4096,32,128;4096,32,128;4096,32,128",DT_BF16;DT_BF16;DT_BF16,ND;ND;ND,"4096,32,128",DT_BF16,ND,254.69,attention_context,16,256,32,0,128
dynamic,AI_CORE,"4096,32,128;4096,1,128;4096,1,128",DT_BF16;DT_BF16;DT_BF16,ND;ND;ND,"4096,32,128",DT_BF16,ND,329.60,attention_context,16,256,32,1,128
dynamic,AI_CORE,"4096,32,128;4096,4,128;4096,4,128",DT_BF16;DT_BF16;DT_BF16,ND;ND;ND,"4096,32,128",DT_BF16,ND,339.08,attention_context,16,256,32,4,128
dynamic,AI_CORE,"4096,32,128;4096,8,128;4096,8,128",DT_BF16;DT_BF16;DT_BF16,ND;ND;ND,"4096,32,128",DT_BF16,ND,339.01,attention_context,16,256,32,8,128
dynamic,AI_CORE,"4096,40,128;4096,40,128;4096,40,128",DT_BF16;DT_BF16;DT_BF16,ND;ND;ND,"4096,40,128",DT_BF16,ND,312.60,attention_context,16,256,40,0,128
dynamic,AI_CORE,"4096,40,128;4096,1,128;4096,1,128",DT_BF16;DT_BF16;DT_BF16,ND;ND;ND,"4096,40,128",DT_BF16,ND,414.36,attention_context,16,256,40,1,128
dynamic,AI_CORE,"4096,40,128;4096,4,128;4096,4,128",DT_BF16;DT_BF16;DT_BF16,ND;ND;ND,"4096,40,128",DT_BF16,ND,414.06,attention_context,16,256,40,4,128
dynamic,AI_CORE,"4096,40,128;4096,8,128;4096,8,128",DT_BF16;DT_BF16;DT_BF16,ND;ND;ND,"4096,40,128",DT_BF16,ND,419.24,attention_context,16,256,40,8,128
dynamic,AI_CORE,"4096,64,128;4096,64,128;4096,64,128",DT_BF16;DT_BF16;DT_BF16,ND;ND;ND,"4096,64,128",DT_BF16,ND,555.38,attention_context,16,256,64,0,128
dynamic,AI_CORE,"4096,64,128;4096,1,128;4096,1,128",DT_BF16;DT_BF16;DT_BF16,ND;ND;ND,"4096,64,128",DT_BF16,ND,642.04,attention_context,16,256,64,1,128
dynamic,AI_CORE,"4096,64,128;4096,4,128;4096,4,128",DT_BF16;DT_BF16;DT_BF16,ND;ND;ND,"4096,64,128",DT_BF16,ND,647.11,attention_context,16,256,64,4,128
dynamic,AI_CORE,"4096,64,128;4096,8,128;4096,8,128",DT_BF16;DT_BF16;DT_BF16,ND;ND;ND,"4096,64,128",DT_BF16,ND,643.87,attention_context,16,256,64,8,128
dynamic,AI_CORE,"8192,8,128;8192,8,128;8192,8,128",DT_BF16;DT_BF16;DT_BF16,ND;ND;ND,"8192,8,128",DT_BF16,ND,250.58,attention_context,16,512,8,0,128
dynamic,AI_CORE,"8192,8,128;8192,1,128;8192,1,128",DT_BF16;DT_BF16;DT_BF16,ND;ND;ND,"8192,8,128",DT_BF16,ND,252.77,attention_context,16,512,8,1,128
dynamic,AI_CORE,"8192,8,128;8192,4,128;8192,4,128",DT_BF16;DT_BF16;DT_BF16,ND;ND;ND,"8192,8,128",DT_BF16,ND,248.24,attention_context,16,512,8,4,128
dynamic,AI_CORE,"8192,8,128;8192,8,128;8192,8,128",DT_BF16;DT_BF16;DT_BF16,ND;ND;ND,"8192,8,128",DT_BF16,ND,245.32,attention_context,16,512,8,8,128
dynamic,AI_CORE,"8192,16,128;8192,16,128;8192,16,128",DT_BF16;DT_BF16;DT_BF16,ND;ND;ND,"8192,16,128",DT_BF16,ND,344.05,attention_context,16,512,16,0,128
dynamic,AI_CORE,"8192,16,128;8192,1,128;8192,1,128",DT_BF16;DT_BF16;DT_BF16,ND;ND;ND,"8192,16,128",DT_BF16,ND,426.25,attention_context,16,512,16,1,128
dynamic,AI_CORE,"8192,16,128;8192,4,128;8192,4,128",DT_BF16;DT_BF16;DT_BF16,ND;ND;ND,"8192,16,128",DT_BF16,ND,418.05,attention_context,16,512,16,4,128
dynamic,AI_CORE,"8192,16,128;8192,8,128;8192,8,128",DT_BF16;DT_BF16;DT_BF16,ND;ND;ND,"8192,16,128",DT_BF16,ND,429.40,attention_context,16,512,16,8,128
dynamic,AI_CORE,"8192,32,128;8192,32,128;8192,32,128",DT_BF16;DT_BF16;DT_BF16,ND;ND;ND,"8192,32,128",DT_BF16,ND,682.86,attention_context,16,512,32,0,128
dynamic,AI_CORE,"8192,32,128;8192,1,128;8192,1,128",DT_BF16;DT_BF16;DT_BF16,ND;ND;ND,"8192,32,128",DT_BF16,ND,828.52,attention_context,16,512,32,1,128
dynamic,AI_CORE,"8192,32,128;8192,4,128;8192,4,128",DT_BF16;DT_BF16;DT_BF16,ND;ND;ND,"8192,32,128",DT_BF16,ND,847.17,attention_context,16,512,32,4,128
dynamic,AI_CORE,"8192,32,128;8192,8,128;8192,8,128",DT_BF16;DT_BF16;DT_BF16,ND;ND;ND,"8192,32,128",DT_BF16,ND,840.60,attention_context,16,512,32,8,128
dynamic,AI_CORE,"8192,40,128;8192,40,128;8192,40,128",DT_BF16;DT_BF16;DT_BF16,ND;ND;ND,"8192,40,128",DT_BF16,ND,870.39,attention_context,16,512,40,0,128
dynamic,AI_CORE,"8192,40,128;8192,1,128;8192,1,128",DT_BF16;DT_BF16;DT_BF16,ND;ND;ND,"8192,40,128",DT_BF16,ND,1039.88,attention_context,16,512,40,1,128
dynamic,AI_CORE,"8192,40,128;8192,4,128;8192,4,128",DT_BF16;DT_BF16;DT_BF16,ND;ND;ND,"8192,40,128",DT_BF16,ND,1048.52,attention_context,16,512,40,4,128
dynamic,AI_CORE,"8192,40,128;8192,8,128;8192,8,128",DT_BF16;DT_BF16;DT_BF16,ND;ND;ND,"8192,40,128",DT_BF16,ND,1052.74,attention_context,16,512,40,8,128
dynamic,AI_CORE,"8192,64,128;8192,64,128;8192,64,128",DT_BF16;DT_BF16;DT_BF16,ND;ND;ND,"8192,64,128",DT_BF16,ND,1464.94,attention_context,16,512,64,0,128
dynamic,AI_CORE,"8192,64,128;8192,1,128;8192,1,128",DT_BF16;DT_BF16;DT_BF16,ND;ND;ND,"8192,64,128",DT_BF16,ND,1733.82,attention_context,16,512,64,1,128
dynamic,AI_CORE,"8192,64,128;8192,4,128;8192,4,128",DT_BF16;DT_BF16;DT_BF16,ND;ND;ND,"8192,64,128",DT_BF16,ND,1719.44,attention_context,16,512,64,4,128
dynamic,AI_CORE,"8192,64,128;8192,8,128;8192,8,128",DT_BF16;DT_BF16;DT_BF16,ND;ND;ND,"8192,64,128",DT_BF16,ND,1744.24,attention_context,16,512,64,8,128
dynamic,AI_CORE,"16384,8,128;16384,8,128;16384,8,128",DT_BF16;DT_BF16;DT_BF16,ND;ND;ND,"16384,8,128",DT_BF16,ND,470.33,attention_context,16,1024,8,0,128
dynamic,AI_CORE,"16384,8,128;16384,1,128;16384,1,128",DT_BF16;DT_BF16;DT_BF16,ND;ND;ND,"16384,8,128",DT_BF16,ND,539.86,attention_context,16,1024,8,1,128
dynamic,AI_CORE,"16384,8,128;16384,4,128;16384,4,128",DT_BF16;DT_BF16;DT_BF16,ND;ND;ND,"16384,8,128",DT_BF16,ND,547.55,attention_context,16,1024,8,4,128
dynamic,AI_CORE,"16384,8,128;16384,8,128;16384,8,128",DT_BF16;DT_BF16;DT_BF16,ND;ND;ND,"16384,8,128",DT_BF16,ND,472.91,attention_context,16,1024,8,8,128
dynamic,AI_CORE,"16384,16,128;16384,16,128;16384,16,128",DT_BF16;DT_BF16;DT_BF16,ND;ND;ND,"16384,16,128",DT_BF16,ND,939.60,attention_context,16,1024,16,0,128
dynamic,AI_CORE,"16384,16,128;16384,1,128;16384,1,128",DT_BF16;DT_BF16;DT_BF16,ND;ND;ND,"16384,16,128",DT_BF16,ND,1051.53,attention_context,16,1024,16,1,128
dynamic,AI_CORE,"16384,16,128;16384,4,128;16384,4,128",DT_BF16;DT_BF16;DT_BF16,ND;ND;ND,"16384,16,128",DT_BF16,ND,1077.51,attention_context,16,1024,16,4,128
dynamic,AI_CORE,"16384,16,128;16384,8,128;16384,8,128",DT_BF16;DT_BF16;DT_BF16,ND;ND;ND,"16384,16,128",DT_BF16,ND,1071.91,attention_context,16,1024,16,8,128
dynamic,AI_CORE,"16384,32,128;16384,32,128;16384,32,128",DT_BF16;DT_BF16;DT_BF16,ND;ND;ND,"16384,32,128",DT_BF16,ND,2017.95,attention_context,16,1024,32,0,128
dynamic,AI_CORE,"16384,32,128;16384,1,128;16384,1,128",DT_BF16;DT_BF16;DT_BF16,ND;ND;ND,"16384,32,128",DT_BF16,ND,2195.09,attention_context,16,1024,32,1,128
dynamic,AI_CORE,"16384,32,128;16384,4,128;16384,4,128",DT_BF16;DT_BF16;DT_BF16,ND;ND;ND,"16384,32,128",DT_BF16,ND,2234.17,attention_context,16,1024,32,4,128
dynamic,AI_CORE,"16384,32,128;16384,8,128;16384,8,128",DT_BF16;DT_BF16;DT_BF16,ND;ND;ND,"16384,32,128",DT_BF16,ND,2242.46,attention_context,16,1024,32,8,128
dynamic,AI_CORE,"16384,40,128;16384,40,128;16384,40,128",DT_BF16;DT_BF16;DT_BF16,ND;ND;ND,"16384,40,128",DT_BF16,ND,2573.80,attention_context,16,1024,40,0,128
dynamic,AI_CORE,"16384,40,128;16384,1,128;16384,1,128",DT_BF16;DT_BF16;DT_BF16,ND;ND;ND,"16384,40,128",DT_BF16,ND,2854.58,attention_context,16,1024,40,1,128
dynamic,AI_CORE,"16384,40,128;16384,4,128;16384,4,128",DT_BF16;DT_BF16;DT_BF16,ND;ND;ND,"16384,40,128",DT_BF16,ND,2892.52,attention_context,16,1024,40,4,128
dynamic,AI_CORE,"16384,40,128;16384,8,128;16384,8,128",DT_BF16;DT_BF16;DT_BF16,ND;ND;ND,"16384,40,128",DT_BF16,ND,2863.23,attention_context,16,1024,40,8,128
dynamic,AI_CORE,"16384,64,128;16384,64,128;16384,64,128",DT_BF16;DT_BF16;DT_BF16,ND;ND;ND,"16384,64,128",DT_BF16,ND,4768.11,attention_context,16,1024,64,0,128
dynamic,AI_CORE,"16384,64,128;16384,1,128;16384,1,128",DT_BF16;DT_BF16;DT_BF16,ND;ND;ND,"16384,64,128",DT_BF16,ND,4668.14,attention_context,16,1024,64,1,128
dynamic,AI_CORE,"16384,64,128;16384,4,128;16384,4,128",DT_BF16;DT_BF16;DT_BF16,ND;ND;ND,"16384,64,128",DT_BF16,ND,4704.69,attention_context,16,1024,64,4,128
dynamic,AI_CORE,"16384,64,128;16384,8,128;16384,8,128",DT_BF16;DT_BF16;DT_BF16,ND;ND;ND,"16384,64,128",DT_BF16,ND,4708.45,attention_context,16,1024,64,8,128
dynamic,AI_CORE,"32768,8,128;32768,8,128;32768,8,128",DT_BF16;DT_BF16;DT_BF16,ND;ND;ND,"32768,8,128",DT_BF16,ND,1493.09,attention_context,16,2048,8,0,128
dynamic,AI_CORE,"32768,8,128;32768,1,128;32768,1,128",DT_BF16;DT_BF16;DT_BF16,ND;ND;ND,"32768,8,128",DT_BF16,ND,1395.80,attention_context,16,2048,8,1,128
dynamic,AI_CORE,"32768,8,128;32768,4,128;32768,4,128",DT_BF16;DT_BF16;DT_BF16,ND;ND;ND,"32768,8,128",DT_BF16,ND,1445.80,attention_context,16,2048,8,4,128
dynamic,AI_CORE,"32768,8,128;32768,8,128;32768,8,128",DT_BF16;DT_BF16;DT_BF16,ND;ND;ND,"32768,8,128",DT_BF16,ND,1514.93,attention_context,16,2048,8,8,128
dynamic,AI_CORE,"32768,16,128;32768,16,128;32768,16,128",DT_BF16;DT_BF16;DT_BF16,ND;ND;ND,"32768,16,128",DT_BF16,ND,3151.61,attention_context,16,2048,16,0,128
dynamic,AI_CORE,"32768,16,128;32768,1,128;32768,1,128",DT_BF16;DT_BF16;DT_BF16,ND;ND;ND,"32768,16,128",DT_BF16,ND,2926.57,attention_context,16,2048,16,1,128
dynamic,AI_CORE,"32768,16,128;32768,4,128;32768,4,128",DT_BF16;DT_BF16;DT_BF16,ND;ND;ND,"32768,16,128",DT_BF16,ND,2957.57,attention_context,16,2048,16,4,128
dynamic,AI_CORE,"32768,16,128;32768,8,128;32768,8,128",DT_BF16;DT_BF16;DT_BF16,ND;ND;ND,"32768,16,128",DT_BF16,ND,2974.50,attention_context,16,2048,16,8,128
dynamic,AI_CORE,"32768,32,128;32768,32,128;32768,32,128",DT_BF16;DT_BF16;DT_BF16,ND;ND;ND,"32768,32,128",DT_BF16,ND,6656.73,attention_context,16,2048,32,0,128
dynamic,AI_CORE,"32768,32,128;32768,1,128;32768,1,128",DT_BF16;DT_BF16;DT_BF16,ND;ND;ND,"32768,32,128",DT_BF16,ND,6020.28,attention_context,16,2048,32,1,128
dynamic,AI_CORE,"32768,32,128;32768,4,128;32768,4,128",DT_BF16;DT_BF16;DT_BF16,ND;ND;ND,"32768,32,128",DT_BF16,ND,6113.88,attention_context,16,2048,32,4,128
dynamic,AI_CORE,"32768,32,128;32768,8,128;32768,8,128",DT_BF16;DT_BF16;DT_BF16,ND;ND;ND,"32768,32,128",DT_BF16,ND,6146.89,attention_context,16,2048,32,8,128
dynamic,AI_CORE,"32768,40,128;32768,40,128;32768,40,128",DT_BF16;DT_BF16;DT_BF16,ND;ND;ND,"32768,40,128",DT_BF16,ND,7992.59,attention_context,16,2048,40,0,128
dynamic,AI_CORE,"32768,40,128;32768,1,128;32768,1,128",DT_BF16;DT_BF16;DT_BF16,ND;ND;ND,"32768,40,128",DT_BF16,ND,7686.85,attention_context,16,2048,40,1,128
dynamic,AI_CORE,"32768,40,128;32768,4,128;32768,4,128",DT_BF16;DT_BF16;DT_BF16,ND;ND;ND,"32768,40,128",DT_BF16,ND,7751.76,attention_context,16,2048,40,4,128
dynamic,AI_CORE,"32768,40,128;32768,8,128;32768,8,128",DT_BF16;DT_BF16;DT_BF16,ND;ND;ND,"32768,40,128",DT_BF16,ND,7720.38,attention_context,16,2048,40,8,128
dynamic,AI_CORE,"32768,64,128;32768,64,128;32768,64,128",DT_BF16;DT_BF16;DT_BF16,ND;ND;ND,"32768,64,128",DT_BF16,ND,13754.67,attention_context,16,2048,64,0,128
dynamic,AI_CORE,"32768,64,128;32768,1,128;32768,1,128",DT_BF16;DT_BF16;DT_BF16,ND;ND;ND,"32768,64,128",DT_BF16,ND,12307.17,attention_context,16,2048,64,1,128
dynamic,AI_CORE,"32768,64,128;32768,4,128;32768,4,128",DT_BF16;DT_BF16;DT_BF16,ND;ND;ND,"32768,64,128",DT_BF16,ND,12477.02,attention_context,16,2048,64,4,128
dynamic,AI_CORE,"32768,64,128;32768,8,128;32768,8,128",DT_BF16;DT_BF16;DT_BF16,ND;ND;ND,"32768,64,128",DT_BF16,ND,12386.92,attention_context,16,2048,64,8,128
dynamic,AI_CORE,"65536,8,128;65536,8,128;65536,8,128",DT_BF16;DT_BF16;DT_BF16,ND;ND;ND,"65536,8,128",DT_BF16,ND,5508.85,attention_context,16,4096,8,0,128
dynamic,AI_CORE,"65536,8,128;65536,1,128;65536,1,128",DT_BF16;DT_BF16;DT_BF16,ND;ND;ND,"65536,8,128",DT_BF16,ND,4879.20,attention_context,16,4096,8,1,128
dynamic,AI_CORE,"65536,8,128;65536,4,128;65536,4,128",DT_BF16;DT_BF16;DT_BF16,ND;ND;ND,"65536,8,128",DT_BF16,ND,4948.13,attention_context,16,4096,8,4,128
dynamic,AI_CORE,"65536,8,128;65536,8,128;65536,8,128",DT_BF16;DT_BF16;DT_BF16,ND;ND;ND,"65536,8,128",DT_BF16,ND,5535.18,attention_context,16,4096,8,8,128
dynamic,AI_CORE,"65536,16,128;65536,16,128;65536,16,128",DT_BF16;DT_BF16;DT_BF16,ND;ND;ND,"65536,16,128",DT_BF16,ND,11096.26,attention_context,16,4096,16,0,128
dynamic,AI_CORE,"65536,16,128;65536,1,128;65536,1,128",DT_BF16;DT_BF16;DT_BF16,ND;ND;ND,"65536,16,128",DT_BF16,ND,9966.81,attention_context,16,4096,16,1,128
dynamic,AI_CORE,"65536,16,128;65536,4,128;65536,4,128",DT_BF16;DT_BF16;DT_BF16,ND;ND;ND,"65536,16,128",DT_BF16,ND,9970.55,attention_context,16,4096,16,4,128
dynamic,AI_CORE,"65536,16,128;65536,8,128;65536,8,128",DT_BF16;DT_BF16;DT_BF16,ND;ND;ND,"65536,16,128",DT_BF16,ND,9992.13,attention_context,16,4096,16,8,128
dynamic,AI_CORE,"65536,32,128;65536,32,128;65536,32,128",DT_BF16;DT_BF16;DT_BF16,ND;ND;ND,"65536,32,128",DT_BF16,ND,22933.11,attention_context,16,4096,32,0,128
dynamic,AI_CORE,"65536,32,128;65536,1,128;65536,1,128",DT_BF16;DT_BF16;DT_BF16,ND;ND;ND,"65536,32,128",DT_BF16,ND,19992.45,attention_context,16,4096,32,1,128
dynamic,AI_CORE,"65536,32,128;65536,4,128;65536,4,128",DT_BF16;DT_BF16;DT_BF16,ND;ND;ND,"65536,32,128",DT_BF16,ND,20059.94,attention_context,16,4096,32,4,128
dynamic,AI_CORE,"65536,32,128;65536,8,128;65536,8,128",DT_BF16;DT_BF16;DT_BF16,ND;ND;ND,"65536,32,128",DT_BF16,ND,20051.61,attention_context,16,4096,32,8,128
dynamic,AI_CORE,"65536,40,128;65536,40,128;65536,40,128",DT_BF16;DT_BF16;DT_BF16,ND;ND;ND,"65536,40,128",DT_BF16,ND,27962.67,attention_context,16,4096,40,0,128
dynamic,AI_CORE,"65536,40,128;65536,1,128;65536,1,128",DT_BF16;DT_BF16;DT_BF16,ND;ND;ND,"65536,40,128",DT_BF16,ND,24891.58,attention_context,16,4096,40,1,128
dynamic,AI_CORE,"65536,40,128;65536,4,128;65536,4,128",DT_BF16;DT_BF16;DT_BF16,ND;ND;ND,"65536,40,128",DT_BF16,ND,25083.43,attention_context,16,4096,40,4,128
dynamic,AI_CORE,"65536,40,128;65536,8,128;65536,8,128",DT_BF16;DT_BF16;DT_BF16,ND;ND;ND,"65536,40,128",DT_BF16,ND,25097.83,attention_context,16,4096,40,8,128
dynamic,AI_CORE,"65536,64,128;65536,64,128;65536,64,128",DT_BF16;DT_BF16;DT_BF16,ND;ND;ND,"65536,64,128",DT_BF16,ND,47419.84,attention_context,16,4096,64,0,128
dynamic,AI_CORE,"65536,64,128;65536,1,128;65536,1,128",DT_BF16;DT_BF16;DT_BF16,ND;ND;ND,"65536,64,128",DT_BF16,ND,40015.58,attention_context,16,4096,64,1,128
dynamic,AI_CORE,"65536,64,128;65536,4,128;65536,4,128",DT_BF16;DT_BF16;DT_BF16,ND;ND;ND,"65536,64,128",DT_BF16,ND,40120.16,attention_context,16,4096,64,4,128
dynamic,AI_CORE,"65536,64,128;65536,8,128;65536,8,128",DT_BF16;DT_BF16;DT_BF16,ND;ND;ND,"65536,64,128",DT_BF16,ND,40252.86,attention_context,16,4096,64,8,128
dynamic,AI_CORE,"131072,8,128;131072,8,128;131072,8,128",DT_BF16;DT_BF16;DT_BF16,ND;ND;ND,"131072,8,128",DT_BF16,ND,21085.22,attention_context,16,8192,8,0,128
dynamic,AI_CORE,"131072,8,128;131072,1,128;131072,1,128",DT_BF16;DT_BF16;DT_BF16,ND;ND;ND,"131072,8,128",DT_BF16,ND,18069.33,attention_context,16,8192,8,1,128
dynamic,AI_CORE,"131072,8,128;131072,4,128;131072,4,128",DT_BF16;DT_BF16;DT_BF16,ND;ND;ND,"131072,8,128",DT_BF16,ND,18210.67,attention_context,16,8192,8,4,128
dynamic,AI_CORE,"131072,8,128;131072,8,128;131072,8,128",DT_BF16;DT_BF16;DT_BF16,ND;ND;ND,"131072,8,128",DT_BF16,ND,21031.74,attention_context,16,8192,8,8,128
dynamic,AI_CORE,"131072,16,128;131072,16,128;131072,16,128",DT_BF16;DT_BF16;DT_BF16,ND;ND;ND,"131072,16,128",DT_BF16,ND,41986.17,attention_context,16,8192,16,0,128
dynamic,AI_CORE,"131072,16,128;131072,1,128;131072,1,128",DT_BF16;DT_BF16;DT_BF16,ND;ND;ND,"131072,16,128",DT_BF16,ND,36128.20,attention_context,16,8192,16,1,128
dynamic,AI_CORE,"131072,16,128;131072,4,128;131072,4,128",DT_BF16;DT_BF16;DT_BF16,ND;ND;ND,"131072,16,128",DT_BF16,ND,36438.79,attention_context,16,8192,16,4,128
dynamic,AI_CORE,"131072,16,128;131072,8,128;131072,8,128",DT_BF16;DT_BF16;DT_BF16,ND;ND;ND,"131072,16,128",DT_BF16,ND,36331.99,attention_context,16,8192,16,8,128
dynamic,AI_CORE,"131072,32,128;131072,32,128;131072,32,128",DT_BF16;DT_BF16;DT_BF16,ND;ND;ND,"131072,32,128",DT_BF16,ND,86341.27,attention_context,16,8192,32,0,128
dynamic,AI_CORE,"131072,32,128;131072,1,128;131072,1,128",DT_BF16;DT_BF16;DT_BF16,ND;ND;ND,"131072,32,128",DT_BF16,ND,73598.08,attention_context,16,8192,32,1,128
dynamic,AI_CORE,"131072,32,128;131072,4,128;131072,4,128",DT_BF16;DT_BF16;DT_BF16,ND;ND;ND,"131072,32,128",DT_BF16,ND,74219.40,attention_context,16,8192,32,4,128
dynamic,AI_CORE,"131072,32,128;131072,8,128;131072,8,128",DT_BF16;DT_BF16;DT_BF16,ND;ND;ND,"131072,32,128",DT_BF16,ND,74014.01,attention_context,16,8192,32,8,128
dynamic,AI_CORE,"131072,40,128;131072,40,128;131072,40,128",DT_BF16;DT_BF16;DT_BF16,ND;ND;ND,"131072,40,128",DT_BF16,ND,106464.52,attention_context,16,8192,40,0,128
dynamic,AI_CORE,"131072,40,128;131072,1,128;131072,1,128",DT_BF16;DT_BF16;DT_BF16,ND;ND;ND,"131072,40,128",DT_BF16,ND,91959.91,attention_context,16,8192,40,1,128
dynamic,AI_CORE,"131072,40,128;131072,4,128;131072,4,128",DT_BF16;DT_BF16;DT_BF16,ND;ND;ND,"131072,40,128",DT_BF16,ND,93016.11,attention_context,16,8192,40,4,128
dynamic,AI_CORE,"131072,40,128;131072,8,128;131072,8,128",DT_BF16;DT_BF16;DT_BF16,ND;ND;ND,"131072,40,128",DT_BF16,ND,92980.66,attention_context,16,8192,40,8,128
dynamic,AI_CORE,"131072,64,128;131072,64,128;131072,64,128",DT_BF16;DT_BF16;DT_BF16,ND;ND;ND,"131072,64,128",DT_BF16,ND,175133.22,attention_context,16,8192,64,0,128
dynamic,AI_CORE,"131072,64,128;131072,1,128;131072,1,128",DT_BF16;DT_BF16;DT_BF16,ND;ND;ND,"131072,64,128",DT_BF16,ND,147447.07,attention_context,16,8192,64,1,128
dynamic,AI_CORE,"131072,64,128;131072,4,128;131072,4,128",DT_BF16;DT_BF16;DT_BF16,ND;ND;ND,"131072,64,128",DT_BF16,ND,149125.63,attention_context,16,8192,64,4,128
dynamic,AI_CORE,"131072,64,128;131072,8,128;131072,8,128",DT_BF16;DT_BF16;DT_BF16,ND;ND;ND,"131072,64,128",DT_BF16,ND,148716.25,attention_context,16,8192,64,8,128
dynamic,AI_CORE,"4096,8,128;4096,8,128;4096,8,128",DT_BF16;DT_BF16;DT_BF16,ND;ND;ND,"4096,8,128",DT_BF16,ND,252.26,attention_context,32,128,8,0,128
dynamic,AI_CORE,"4096,8,128;4096,1,128;4096,1,128",DT_BF16;DT_BF16;DT_BF16,ND;ND;ND,"4096,8,128",DT_BF16,ND,255.60,attention_context,32,128,8,1,128
dynamic,AI_CORE,"4096,8,128;4096,4,128;4096,4,128",DT_BF16;DT_BF16;DT_BF16,ND;ND;ND,"4096,8,128",DT_BF16,ND,257.18,attention_context,32,128,8,4,128
dynamic,AI_CORE,"4096,8,128;4096,8,128;4096,8,128",DT_BF16;DT_BF16;DT_BF16,ND;ND;ND,"4096,8,128",DT_BF16,ND,257.65,attention_context,32,128,8,8,128
dynamic,AI_CORE,"4096,16,128;4096,16,128;4096,16,128",DT_BF16;DT_BF16;DT_BF16,ND;ND;ND,"4096,16,128",DT_BF16,ND,260.75,attention_context,32,128,16,0,128
dynamic,AI_CORE,"4096,16,128;4096,1,128;4096,1,128",DT_BF16;DT_BF16;DT_BF16,ND;ND;ND,"4096,16,128",DT_BF16,ND,259.56,attention_context,32,128,16,1,128
dynamic,AI_CORE,"4096,16,128;4096,4,128;4096,4,128",DT_BF16;DT_BF16;DT_BF16,ND;ND;ND,"4096,16,128",DT_BF16,ND,261.23,attention_context,32,128,16,4,128
dynamic,AI_CORE,"4096,16,128;4096,8,128;4096,8,128",DT_BF16;DT_BF16;DT_BF16,ND;ND;ND,"4096,16,128",DT_BF16,ND,263.76,attention_context,32,128,16,8,128
dynamic,AI_CORE,"4096,32,128;4096,32,128;4096,32,128",DT_BF16;DT_BF16;DT_BF16,ND;ND;ND,"4096,32,128",DT_BF16,ND,335.45,attention_context,32,128,32,0,128
dynamic,AI_CORE,"4096,32,128;4096,1,128;4096,1,128",DT_BF16;DT_BF16;DT_BF16,ND;ND;ND,"4096,32,128",DT_BF16,ND,291.23,attention_context,32,128,32,1,128
dynamic,AI_CORE,"4096,32,128;4096,4,128;4096,4,128",DT_BF16;DT_BF16;DT_BF16,ND;ND;ND,"4096,32,128",DT_BF16,ND,291.72,attention_context,32,128,32,4,128
dynamic,AI_CORE,"4096,32,128;4096,8,128;4096,8,128",DT_BF16;DT_BF16;DT_BF16,ND;ND;ND,"4096,32,128",DT_BF16,ND,292.73,attention_context,32,128,32,8,128
dynamic,AI_CORE,"4096,40,128;4096,40,128;4096,40,128",DT_BF16;DT_BF16;DT_BF16,ND;ND;ND,"4096,40,128",DT_BF16,ND,408.48,attention_context,32,128,40,0,128
dynamic,AI_CORE,"4096,40,128;4096,1,128;4096,1,128",DT_BF16;DT_BF16;DT_BF16,ND;ND;ND,"4096,40,128",DT_BF16,ND,352.76,attention_context,32,128,40,1,128
dynamic,AI_CORE,"4096,40,128;4096,4,128;4096,4,128",DT_BF16;DT_BF16;DT_BF16,ND;ND;ND,"4096,40,128",DT_BF16,ND,352.20,attention_context,32,128,40,4,128
dynamic,AI_CORE,"4096,40,128;4096,8,128;4096,8,128",DT_BF16;DT_BF16;DT_BF16,ND;ND;ND,"4096,40,128",DT_BF16,ND,357.97,attention_context,32,128,40,8,128
dynamic,AI_CORE,"4096,64,128;4096,64,128;4096,64,128",DT_BF16;DT_BF16;DT_BF16,ND;ND;ND,"4096,64,128",DT_BF16,ND,651.57,attention_context,32,128,64,0,128
dynamic,AI_CORE,"4096,64,128;4096,1,128;4096,1,128",DT_BF16;DT_BF16;DT_BF16,ND;ND;ND,"4096,64,128",DT_BF16,ND,537.55,attention_context,32,128,64,1,128
dynamic,AI_CORE,"4096,64,128;4096,4,128;4096,4,128",DT_BF16;DT_BF16;DT_BF16,ND;ND;ND,"4096,64,128",DT_BF16,ND,538.34,attention_context,32,128,64,4,128
dynamic,AI_CORE,"4096,64,128;4096,8,128;4096,8,128",DT_BF16;DT_BF16;DT_BF16,ND;ND;ND,"4096,64,128",DT_BF16,ND,523.14,attention_context,32,128,64,8,128
dynamic,AI_CORE,"8192,8,128;8192,8,128;8192,8,128",DT_BF16;DT_BF16;DT_BF16,ND;ND;ND,"8192,8,128",DT_BF16,ND,271.44,attention_context,32,256,8,0,128
dynamic,AI_CORE,"8192,8,128;8192,1,128;8192,1,128",DT_BF16;DT_BF16;DT_BF16,ND;ND;ND,"8192,8,128",DT_BF16,ND,271.73,attention_context,32,256,8,1,128
dynamic,AI_CORE,"8192,8,128;8192,4,128;8192,4,128",DT_BF16;DT_BF16;DT_BF16,ND;ND;ND,"8192,8,128",DT_BF16,ND,263.95,attention_context,32,256,8,4,128
dynamic,AI_CORE,"8192,8,128;8192,8,128;8192,8,128",DT_BF16;DT_BF16;DT_BF16,ND;ND;ND,"8192,8,128",DT_BF16,ND,263.82,attention_context,32,256,8,8,128
dynamic,AI_CORE,"8192,16,128;8192,16,128;8192,16,128",DT_BF16;DT_BF16;DT_BF16,ND;ND;ND,"8192,16,128",DT_BF16,ND,268.36,attention_context,32,256,16,0,128
dynamic,AI_CORE,"8192,16,128;8192,1,128;8192,1,128",DT_BF16;DT_BF16;DT_BF16,ND;ND;ND,"8192,16,128",DT_BF16,ND,324.83,attention_context,32,256,16,1,128
dynamic,AI_CORE,"8192,16,128;8192,4,128;8192,4,128",DT_BF16;DT_BF16;DT_BF16,ND;ND;ND,"8192,16,128",DT_BF16,ND,336.48,attention_context,32,256,16,4,128
dynamic,AI_CORE,"8192,16,128;8192,8,128;8192,8,128",DT_BF16;DT_BF16;DT_BF16,ND;ND;ND,"8192,16,128",DT_BF16,ND,335.54,attention_context,32,256,16,8,128
dynamic,AI_CORE,"8192,32,128;8192,32,128;8192,32,128",DT_BF16;DT_BF16;DT_BF16,ND;ND;ND,"8192,32,128",DT_BF16,ND,542.97,attention_context,32,256,32,0,128
dynamic,AI_CORE,"8192,32,128;8192,1,128;8192,1,128",DT_BF16;DT_BF16;DT_BF16,ND;ND;ND,"8192,32,128",DT_BF16,ND,638.32,attention_context,32,256,32,1,128
dynamic,AI_CORE,"8192,32,128;8192,4,128;8192,4,128",DT_BF16;DT_BF16;DT_BF16,ND;ND;ND,"8192,32,128",DT_BF16,ND,650.85,attention_context,32,256,32,4,128
dynamic,AI_CORE,"8192,32,128;8192,8,128;8192,8,128",DT_BF16;DT_BF16;DT_BF16,ND;ND;ND,"8192,32,128",DT_BF16,ND,628.02,attention_context,32,256,32,8,128
dynamic,AI_CORE,"8192,40,128;8192,40,128;8192,40,128",DT_BF16;DT_BF16;DT_BF16,ND;ND;ND,"8192,40,128",DT_BF16,ND,684.13,attention_context,32,256,40,0,128
dynamic,AI_CORE,"8192,40,128;8192,1,128;8192,1,128",DT_BF16;DT_BF16;DT_BF16,ND;ND;ND,"8192,40,128",DT_BF16,ND,802.23,attention_context,32,256,40,1,128
dynamic,AI_CORE,"8192,40,128;8192,4,128;8192,4,128",DT_BF16;DT_BF16;DT_BF16,ND;ND;ND,"8192,40,128",DT_BF16,ND,817.92,attention_context,32,256,40,4,128
dynamic,AI_CORE,"8192,40,128;8192,8,128;8192,8,128",DT_BF16;DT_BF16;DT_BF16,ND;ND;ND,"8192,40,128",DT_BF16,ND,813.25,attention_context,32,256,40,8,128
dynamic,AI_CORE,"8192,64,128;8192,64,128;8192,64,128",DT_BF16;DT_BF16;DT_BF16,ND;ND;ND,"8192,64,128",DT_BF16,ND,1179.30,attention_context,32,256,64,0,128
dynamic,AI_CORE,"8192,64,128;8192,1,128;8192,1,128",DT_BF16;DT_BF16;DT_BF16,ND;ND;ND,"8192,64,128",DT_BF16,ND,1302.69,attention_context,32,256,64,1,128
dynamic,AI_CORE,"8192,64,128;8192,4,128;8192,4,128",DT_BF16;DT_BF16;DT_BF16,ND;ND;ND,"8192,64,128",DT_BF16,ND,1379.71,attention_context,32,256,64,4,128
dynamic,AI_CORE,"8192,64,128;8192,8,128;8192,8,128",DT_BF16;DT_BF16;DT_BF16,ND;ND;ND,"8192,64,128",DT_BF16,ND,1360.29,attention_context,32,256,64,8,128
dynamic,AI_CORE,"16384,8,128;16384,8,128;16384,8,128",DT_BF16;DT_BF16;DT_BF16,ND;ND;ND,"16384,8,128",DT_BF16,ND,346.51,attention_context,32,512,8,0,128
dynamic,AI_CORE,"16384,8,128;16384,1,128;16384,1,128",DT_BF16;DT_BF16;DT_BF16,ND;ND;ND,"16384,8,128",DT_BF16,ND,421.37,attention_context,32,512,8,1,128
dynamic,AI_CORE,"16384,8,128;16384,4,128;16384,4,128",DT_BF16;DT_BF16;DT_BF16,ND;ND;ND,"16384,8,128",DT_BF16,ND,428.26,attention_context,32,512,8,4,128
dynamic,AI_CORE,"16384,8,128;16384,8,128;16384,8,128",DT_BF16;DT_BF16;DT_BF16,ND;ND;ND,"16384,8,128",DT_BF16,ND,347.76,attention_context,32,512,8,8,128
dynamic,AI_CORE,"16384,16,128;16384,16,128;16384,16,128",DT_BF16;DT_BF16;DT_BF16,ND;ND;ND,"16384,16,128",DT_BF16,ND,682.47,attention_context,32,512,16,0,128
dynamic,AI_CORE,"16384,16,128;16384,1,128;16384,1,128",DT_BF16;DT_BF16;DT_BF16,ND;ND;ND,"16384,16,128",DT_BF16,ND,819.55,attention_context,32,512,16,1,128
dynamic,AI_CORE,"16384,16,128;16384,4,128;16384,4,128",DT_BF16;DT_BF16;DT_BF16,ND;ND;ND,"16384,16,128",DT_BF16,ND,834.58,attention_context,32,512,16,4,128
dynamic,AI_CORE,"16384,16,128;16384,8,128;16384,8,128",DT_BF16;DT_BF16;DT_BF16,ND;ND;ND,"16384,16,128",DT_BF16,ND,822.79,attention_context,32,512,16,8,128
dynamic,AI_CORE,"16384,32,128;16384,32,128;16384,32,128",DT_BF16;DT_BF16;DT_BF16,ND;ND;ND,"16384,32,128",DT_BF16,ND,1399.99,attention_context,32,512,32,0,128
dynamic,AI_CORE,"16384,32,128;16384,1,128;16384,1,128",DT_BF16;DT_BF16;DT_BF16,ND;ND;ND,"16384,32,128",DT_BF16,ND,1743.70,attention_context,32,512,32,1,128
dynamic,AI_CORE,"16384,32,128;16384,4,128;16384,4,128",DT_BF16;DT_BF16;DT_BF16,ND;ND;ND,"16384,32,128",DT_BF16,ND,1731.53,attention_context,32,512,32,4,128
dynamic,AI_CORE,"16384,32,128;16384,8,128;16384,8,128",DT_BF16;DT_BF16;DT_BF16,ND;ND;ND,"16384,32,128",DT_BF16,ND,1759.40,attention_context,32,512,32,8,128
dynamic,AI_CORE,"16384,40,128;16384,40,128;16384,40,128",DT_BF16;DT_BF16;DT_BF16,ND;ND;ND,"16384,40,128",DT_BF16,ND,1812.69,attention_context,32,512,40,0,128
dynamic,AI_CORE,"16384,40,128;16384,1,128;16384,1,128",DT_BF16;DT_BF16;DT_BF16,ND;ND;ND,"16384,40,128",DT_BF16,ND,2227.79,attention_context,32,512,40,1,128
dynamic,AI_CORE,"16384,40,128;16384,4,128;16384,4,128",DT_BF16;DT_BF16;DT_BF16,ND;ND;ND,"16384,40,128",DT_BF16,ND,2261.43,attention_context,32,512,40,4,128
dynamic,AI_CORE,"16384,40,128;16384,8,128;16384,8,128",DT_BF16;DT_BF16;DT_BF16,ND;ND;ND,"16384,40,128",DT_BF16,ND,2279.84,attention_context,32,512,40,8,128
dynamic,AI_CORE,"16384,64,128;16384,64,128;16384,64,128",DT_BF16;DT_BF16;DT_BF16,ND;ND;ND,"16384,64,128",DT_BF16,ND,3027.54,attention_context,32,512,64,0,128
dynamic,AI_CORE,"16384,64,128;16384,1,128;16384,1,128",DT_BF16;DT_BF16;DT_BF16,ND;ND;ND,"16384,64,128",DT_BF16,ND,3740.15,attention_context,32,512,64,1,128
dynamic,AI_CORE,"16384,64,128;16384,4,128;16384,4,128",DT_BF16;DT_BF16;DT_BF16,ND;ND;ND,"16384,64,128",DT_BF16,ND,3750.81,attention_context,32,512,64,4,128
dynamic,AI_CORE,"16384,64,128;16384,8,128;16384,8,128",DT_BF16;DT_BF16;DT_BF16,ND;ND;ND,"16384,64,128",DT_BF16,ND,3685.19,attention_context,32,512,64,8,128
dynamic,AI_CORE,"32768,8,128;32768,8,128;32768,8,128",DT_BF16;DT_BF16;DT_BF16,ND;ND;ND,"32768,8,128",DT_BF16,ND,943.36,attention_context,32,1024,8,0,128
dynamic,AI_CORE,"32768,8,128;32768,1,128;32768,1,128",DT_BF16;DT_BF16;DT_BF16,ND;ND;ND,"32768,8,128",DT_BF16,ND,1049.94,attention_context,32,1024,8,1,128
dynamic,AI_CORE,"32768,8,128;32768,4,128;32768,4,128",DT_BF16;DT_BF16;DT_BF16,ND;ND;ND,"32768,8,128",DT_BF16,ND,1058.00,attention_context,32,1024,8,4,128
dynamic,AI_CORE,"32768,8,128;32768,8,128;32768,8,128",DT_BF16;DT_BF16;DT_BF16,ND;ND;ND,"32768,8,128",DT_BF16,ND,942.06,attention_context,32,1024,8,8,128
dynamic,AI_CORE,"32768,16,128;32768,16,128;32768,16,128",DT_BF16;DT_BF16;DT_BF16,ND;ND;ND,"32768,16,128",DT_BF16,ND,1974.62,attention_context,32,1024,16,0,128
dynamic,AI_CORE,"32768,16,128;32768,1,128;32768,1,128",DT_BF16;DT_BF16;DT_BF16,ND;ND;ND,"32768,16,128",DT_BF16,ND,2138.35,attention_context,32,1024,16,1,128
dynamic,AI_CORE,"32768,16,128;32768,4,128;32768,4,128",DT_BF16;DT_BF16;DT_BF16,ND;ND;ND,"32768,16,128",DT_BF16,ND,2211.29,attention_context,32,1024,16,4,128
dynamic,AI_CORE,"32768,16,128;32768,8,128;32768,8,128",DT_BF16;DT_BF16;DT_BF16,ND;ND;ND,"32768,16,128",DT_BF16,ND,2216.01,attention_context,32,1024,16,8,128
dynamic,AI_CORE,"32768,32,128;32768,32,128;32768,32,128",DT_BF16;DT_BF16;DT_BF16,ND;ND;ND,"32768,32,128",DT_BF16,ND,4157.32,attention_context,32,1024,32,0,128
dynamic,AI_CORE,"32768,32,128;32768,1,128;32768,1,128",DT_BF16;DT_BF16;DT_BF16,ND;ND;ND,"32768,32,128",DT_BF16,ND,4651.49,attention_context,32,1024,32,1,128
dynamic,AI_CORE,"32768,32,128;32768,4,128;32768,4,128",DT_BF16;DT_BF16;DT_BF16,ND;ND;ND,"32768,32,128",DT_BF16,ND,4697.37,attention_context,32,1024,32,4,128
dynamic,AI_CORE,"32768,32,128;32768,8,128;32768,8,128",DT_BF16;DT_BF16;DT_BF16,ND;ND;ND,"32768,32,128",DT_BF16,ND,4690.60,attention_context,32,1024,32,8,128
dynamic,AI_CORE,"32768,40,128;32768,40,128;32768,40,128",DT_BF16;DT_BF16;DT_BF16,ND;ND;ND,"32768,40,128",DT_BF16,ND,5280.09,attention_context,32,1024,40,0,128
dynamic,AI_CORE,"32768,40,128;32768,1,128;32768,1,128",DT_BF16;DT_BF16;DT_BF16,ND;ND;ND,"32768,40,128",DT_BF16,ND,5818.48,attention_context,32,1024,40,1,128
dynamic,AI_CORE,"32768,40,128;32768,4,128;32768,4,128",DT_BF16;DT_BF16;DT_BF16,ND;ND;ND,"32768,40,128",DT_BF16,ND,5772.89,attention_context,32,1024,40,4,128
dynamic,AI_CORE,"32768,40,128;32768,8,128;32768,8,128",DT_BF16;DT_BF16;DT_BF16,ND;ND;ND,"32768,40,128",DT_BF16,ND,5891.61,attention_context,32,1024,40,8,128
dynamic,AI_CORE,"32768,64,128;32768,64,128;32768,64,128",DT_BF16;DT_BF16;DT_BF16,ND;ND;ND,"32768,64,128",DT_BF16,ND,9229.54,attention_context,32,1024,64,0,128
dynamic,AI_CORE,"32768,64,128;32768,1,128;32768,1,128",DT_BF16;DT_BF16;DT_BF16,ND;ND;ND,"32768,64,128",DT_BF16,ND,9191.67,attention_context,32,1024,64,1,128
dynamic,AI_CORE,"32768,64,128;32768,4,128;32768,4,128",DT_BF16;DT_BF16;DT_BF16,ND;ND;ND,"32768,64,128",DT_BF16,ND,9442.08,attention_context,32,1024,64,4,128
dynamic,AI_CORE,"32768,64,128;32768,8,128;32768,8,128",DT_BF16;DT_BF16;DT_BF16,ND;ND;ND,"32768,64,128",DT_BF16,ND,9445.41,attention_context,32,1024,64,8,128
dynamic,AI_CORE,"65536,8,128;65536,8,128;65536,8,128",DT_BF16;DT_BF16;DT_BF16,ND;ND;ND,"65536,8,128",DT_BF16,ND,3112.12,attention_context,32,2048,8,0,128
dynamic,AI_CORE,"65536,8,128;65536,1,128;65536,1,128",DT_BF16;DT_BF16;DT_BF16,ND;ND;ND,"65536,8,128",DT_BF16,ND,2933.67,attention_context,32,2048,8,1,128
dynamic,AI_CORE,"65536,8,128;65536,4,128;65536,4,128",DT_BF16;DT_BF16;DT_BF16,ND;ND;ND,"65536,8,128",DT_BF16,ND,2966.22,attention_context,32,2048,8,4,128
dynamic,AI_CORE,"65536,8,128;65536,8,128;65536,8,128",DT_BF16;DT_BF16;DT_BF16,ND;ND;ND,"65536,8,128",DT_BF16,ND,3172.67,attention_context,32,2048,8,8,128
dynamic,AI_CORE,"65536,16,128;65536,16,128;65536,16,128",DT_BF16;DT_BF16;DT_BF16,ND;ND;ND,"65536,16,128",DT_BF16,ND,6441.81,attention_context,32,2048,16,0,128
dynamic,AI_CORE,"65536,16,128;65536,1,128;65536,1,128",DT_BF16;DT_BF16;DT_BF16,ND;ND;ND,"65536,16,128",DT_BF16,ND,6021.18,attention_context,32,2048,16,1,128
dynamic,AI_CORE,"65536,16,128;65536,4,128;65536,4,128",DT_BF16;DT_BF16;DT_BF16,ND;ND;ND,"65536,16,128",DT_BF16,ND,6045.59,attention_context,32,2048,16,4,128
dynamic,AI_CORE,"65536,16,128;65536,8,128;65536,8,128",DT_BF16;DT_BF16;DT_BF16,ND;ND;ND,"65536,16,128",DT_BF16,ND,6130.55,attention_context,32,2048,16,8,128
dynamic,AI_CORE,"65536,32,128;65536,32,128;65536,32,128",DT_BF16;DT_BF16;DT_BF16,ND;ND;ND,"65536,32,128",DT_BF16,ND,13237.71,attention_context,32,2048,32,0,128
dynamic,AI_CORE,"65536,32,128;65536,1,128;65536,1,128",DT_BF16;DT_BF16;DT_BF16,ND;ND;ND,"65536,32,128",DT_BF16,ND,12257.42,attention_context,32,2048,32,1,128
dynamic,AI_CORE,"65536,32,128;65536,4,128;65536,4,128",DT_BF16;DT_BF16;DT_BF16,ND;ND;ND,"65536,32,128",DT_BF16,ND,12266.95,attention_context,32,2048,32,4,128
dynamic,AI_CORE,"65536,32,128;65536,8,128;65536,8,128",DT_BF16;DT_BF16;DT_BF16,ND;ND;ND,"65536,32,128",DT_BF16,ND,12313.39,attention_context,32,2048,32,8,128
dynamic,AI_CORE,"65536,40,128;65536,40,128;65536,40,128",DT_BF16;DT_BF16;DT_BF16,ND;ND;ND,"65536,40,128",DT_BF16,ND,15983.22,attention_context,32,2048,40,0,128
dynamic,AI_CORE,"65536,40,128;65536,1,128;65536,1,128",DT_BF16;DT_BF16;DT_BF16,ND;ND;ND,"65536,40,128",DT_BF16,ND,15283.57,attention_context,32,2048,40,1,128
dynamic,AI_CORE,"65536,40,128;65536,4,128;65536,4,128",DT_BF16;DT_BF16;DT_BF16,ND;ND;ND,"65536,40,128",DT_BF16,ND,15286.34,attention_context,32,2048,40,4,128
dynamic,AI_CORE,"65536,40,128;65536,8,128;65536,8,128",DT_BF16;DT_BF16;DT_BF16,ND;ND;ND,"65536,40,128",DT_BF16,ND,15310.71,attention_context,32,2048,40,8,128
dynamic,AI_CORE,"65536,64,128;65536,64,128;65536,64,128",DT_BF16;DT_BF16;DT_BF16,ND;ND;ND,"65536,64,128",DT_BF16,ND,27502.83,attention_context,32,2048,64,0,128
dynamic,AI_CORE,"65536,64,128;65536,1,128;65536,1,128",DT_BF16;DT_BF16;DT_BF16,ND;ND;ND,"65536,64,128",DT_BF16,ND,24728.99,attention_context,32,2048,64,1,128
dynamic,AI_CORE,"65536,64,128;65536,4,128;65536,4,128",DT_BF16;DT_BF16;DT_BF16,ND;ND;ND,"65536,64,128",DT_BF16,ND,24689.87,attention_context,32,2048,64,4,128
dynamic,AI_CORE,"65536,64,128;65536,8,128;65536,8,128",DT_BF16;DT_BF16;DT_BF16,ND;ND;ND,"65536,64,128",DT_BF16,ND,24811.06,attention_context,32,2048,64,8,128
dynamic,AI_CORE,"131072,8,128;131072,8,128;131072,8,128",DT_BF16;DT_BF16;DT_BF16,ND;ND;ND,"131072,8,128",DT_BF16,ND,11070.63,attention_context,32,4096,8,0,128
dynamic,AI_CORE,"131072,8,128;131072,1,128;131072,1,128",DT_BF16;DT_BF16;DT_BF16,ND;ND;ND,"131072,8,128",DT_BF16,ND,9980.50,attention_context,32,4096,8,1,128
dynamic,AI_CORE,"131072,8,128;131072,4,128;131072,4,128",DT_BF16;DT_BF16;DT_BF16,ND;ND;ND,"131072,8,128",DT_BF16,ND,10032.96,attention_context,32,4096,8,4,128
dynamic,AI_CORE,"131072,8,128;131072,8,128;131072,8,128",DT_BF16;DT_BF16;DT_BF16,ND;ND;ND,"131072,8,128",DT_BF16,ND,11046.13,attention_context,32,4096,8,8,128
dynamic,AI_CORE,"131072,16,128;131072,16,128;131072,16,128",DT_BF16;DT_BF16;DT_BF16,ND;ND;ND,"131072,16,128",DT_BF16,ND,22141.24,attention_context,32,4096,16,0,128
dynamic,AI_CORE,"131072,16,128;131072,1,128;131072,1,128",DT_BF16;DT_BF16;DT_BF16,ND;ND;ND,"131072,16,128",DT_BF16,ND,19906.58,attention_context,32,4096,16,1,128
dynamic,AI_CORE,"131072,16,128;131072,4,128;131072,4,128",DT_BF16;DT_BF16;DT_BF16,ND;ND;ND,"131072,16,128",DT_BF16,ND,20090.96,attention_context,32,4096,16,4,128
dynamic,AI_CORE,"131072,16,128;131072,8,128;131072,8,128",DT_BF16;DT_BF16;DT_BF16,ND;ND;ND,"131072,16,128",DT_BF16,ND,20130.30,attention_context,32,4096,16,8,128
dynamic,AI_CORE,"131072,32,128;131072,32,128;131072,32,128",DT_BF16;DT_BF16;DT_BF16,ND;ND;ND,"131072,32,128",DT_BF16,ND,46734.58,attention_context,32,4096,32,0,128
dynamic,AI_CORE,"131072,32,128;131072,1,128;131072,1,128",DT_BF16;DT_BF16;DT_BF16,ND;ND;ND,"131072,32,128",DT_BF16,ND,40067.27,attention_context,32,4096,32,1,128
dynamic,AI_CORE,"131072,32,128;131072,4,128;131072,4,128",DT_BF16;DT_BF16;DT_BF16,ND;ND;ND,"131072,32,128",DT_BF16,ND,40306.27,attention_context,32,4096,32,4,128
dynamic,AI_CORE,"131072,32,128;131072,8,128;131072,8,128",DT_BF16;DT_BF16;DT_BF16,ND;ND;ND,"131072,32,128",DT_BF16,ND,40380.08,attention_context,32,4096,32,8,128
dynamic,AI_CORE,"131072,40,128;131072,40,128;131072,40,128",DT_BF16;DT_BF16;DT_BF16,ND;ND;ND,"131072,40,128",DT_BF16,ND,56452.80,attention_context,32,4096,40,0,128
dynamic,AI_CORE,"131072,40,128;131072,1,128;131072,1,128",DT_BF16;DT_BF16;DT_BF16,ND;ND;ND,"131072,40,128",DT_BF16,ND,50035.00,attention_context,32,4096,40,1,128
dynamic,AI_CORE,"131072,40,128;131072,4,128;131072,4,128",DT_BF16;DT_BF16;DT_BF16,ND;ND;ND,"131072,40,128",DT_BF16,ND,50584.92,attention_context,32,4096,40,4,128
dynamic,AI_CORE,"131072,40,128;131072,8,128;131072,8,128",DT_BF16;DT_BF16;DT_BF16,ND;ND;ND,"131072,40,128",DT_BF16,ND,50492.63,attention_context,32,4096,40,8,128
dynamic,AI_CORE,"131072,64,128;131072,64,128;131072,64,128",DT_BF16;DT_BF16;DT_BF16,ND;ND;ND,"131072,64,128",DT_BF16,ND,94841.13,attention_context,32,4096,64,0,128
dynamic,AI_CORE,"131072,64,128;131072,1,128;131072,1,128",DT_BF16;DT_BF16;DT_BF16,ND;ND;ND,"131072,64,128",DT_BF16,ND,80067.79,attention_context,32,4096,64,1,128
dynamic,AI_CORE,"131072,64,128;131072,4,128;131072,4,128",DT_BF16;DT_BF16;DT_BF16,ND;ND;ND,"131072,64,128",DT_BF16,ND,81293.61,attention_context,32,4096,64,4,128
dynamic,AI_CORE,"131072,64,128;131072,8,128;131072,8,128",DT_BF16;DT_BF16;DT_BF16,ND;ND;ND,"131072,64,128",DT_BF16,ND,81237.16,attention_context,32,4096,64,8,128
dynamic,AI_CORE,"262144,8,128;262144,8,128;262144,8,128",DT_BF16;DT_BF16;DT_BF16,ND;ND;ND,"262144,8,128",DT_BF16,ND,41979.53,attention_context,32,8192,8,0,128
dynamic,AI_CORE,"262144,8,128;262144,1,128;262144,1,128",DT_BF16;DT_BF16;DT_BF16,ND;ND;ND,"262144,8,128",DT_BF16,ND,36411.71,attention_context,32,8192,8,1,128
dynamic,AI_CORE,"262144,8,128;262144,4,128;262144,4,128",DT_BF16;DT_BF16;DT_BF16,ND;ND;ND,"262144,8,128",DT_BF16,ND,36390.04,attention_context,32,8192,8,4,128
dynamic,AI_CORE,"262144,8,128;262144,8,128;262144,8,128",DT_BF16;DT_BF16;DT_BF16,ND;ND;ND,"262144,8,128",DT_BF16,ND,41988.12,attention_context,32,8192,8,8,128
dynamic,AI_CORE,"262144,16,128;262144,16,128;262144,16,128",DT_BF16;DT_BF16;DT_BF16,ND;ND;ND,"262144,16,128",DT_BF16,ND,84533.57,attention_context,32,8192,16,0,128
dynamic,AI_CORE,"262144,16,128;262144,1,128;262144,1,128",DT_BF16;DT_BF16;DT_BF16,ND;ND;ND,"262144,16,128",DT_BF16,ND,72978.92,attention_context,32,8192,16,1,128
dynamic,AI_CORE,"262144,16,128;262144,4,128;262144,4,128",DT_BF16;DT_BF16;DT_BF16,ND;ND;ND,"262144,16,128",DT_BF16,ND,73798.96,attention_context,32,8192,16,4,128
dynamic,AI_CORE,"262144,16,128;262144,8,128;262144,8,128",DT_BF16;DT_BF16;DT_BF16,ND;ND;ND,"262144,16,128",DT_BF16,ND,73941.05,attention_context,32,8192,16,8,128
dynamic,AI_CORE,"262144,32,128;262144,32,128;262144,32,128",DT_BF16;DT_BF16;DT_BF16,ND;ND;ND,"262144,32,128",DT_BF16,ND,173029.18,attention_context,32,8192,32,0,128
dynamic,AI_CORE,"262144,32,128;262144,1,128;262144,1,128",DT_BF16;DT_BF16;DT_BF16,ND;ND;ND,"262144,32,128",DT_BF16,ND,146758.37,attention_context,32,8192,32,1,128
dynamic,AI_CORE,"262144,32,128;262144,4,128;262144,4,128",DT_BF16;DT_BF16;DT_BF16,ND;ND;ND,"262144,32,128",DT_BF16,ND,148018.27,attention_context,32,8192,32,4,128
dynamic,AI_CORE,"262144,32,128;262144,8,128;262144,8,128",DT_BF16;DT_BF16;DT_BF16,ND;ND;ND,"262144,32,128",DT_BF16,ND,148825.81,attention_context,32,8192,32,8,128
dynamic,AI_CORE,"262144,40,128;262144,40,128;262144,40,128",DT_BF16;DT_BF16;DT_BF16,ND;ND;ND,"262144,40,128",DT_BF16,ND,212127.77,attention_context,32,8192,40,0,128
dynamic,AI_CORE,"262144,40,128;262144,1,128;262144,1,128",DT_BF16;DT_BF16;DT_BF16,ND;ND;ND,"262144,40,128",DT_BF16,ND,183217.23,attention_context,32,8192,40,1,128
dynamic,AI_CORE,"262144,40,128;262144,4,128;262144,4,128",DT_BF16;DT_BF16;DT_BF16,ND;ND;ND,"262144,40,128",DT_BF16,ND,184773.95,attention_context,32,8192,40,4,128
dynamic,AI_CORE,"262144,40,128;262144,8,128;262144,8,128",DT_BF16;DT_BF16;DT_BF16,ND;ND;ND,"262144,40,128",DT_BF16,ND,186675.29,attention_context,32,8192,40,8,128
dynamic,AI_CORE,"262144,64,128;262144,64,128;262144,64,128",DT_BF16;DT_BF16;DT_BF16,ND;ND;ND,"262144,64,128",DT_BF16,ND,352488.01,attention_context,32,8192,64,0,128
dynamic,AI_CORE,"262144,64,128;262144,1,128;262144,1,128",DT_BF16;DT_BF16;DT_BF16,ND;ND;ND,"262144,64,128",DT_BF16,ND,293059.96,attention_context,32,8192,64,1,128
dynamic,AI_CORE,"262144,64,128;262144,4,128;262144,4,128",DT_BF16;DT_BF16;DT_BF16,ND;ND;ND,"262144,64,128",DT_BF16,ND,295433.42,attention_context,32,8192,64,4,128
dynamic,AI_CORE,"262144,64,128;262144,8,128;262144,8,128",DT_BF16;DT_BF16;DT_BF16,ND;ND;ND,"262144,64,128",DT_BF16,ND,300668.54,attention_context,32,8192,64,8,128
dynamic,AI_CORE,"8192,8,128;8192,8,128;8192,8,128",DT_BF16;DT_BF16;DT_BF16,ND;ND;ND,"8192,8,128",DT_BF16,ND,274.58,attention_context,64,128,8,0,128
dynamic,AI_CORE,"8192,8,128;8192,1,128;8192,1,128",DT_BF16;DT_BF16;DT_BF16,ND;ND;ND,"8192,8,128",DT_BF16,ND,277.05,attention_context,64,128,8,1,128
dynamic,AI_CORE,"8192,8,128;8192,4,128;8192,4,128",DT_BF16;DT_BF16;DT_BF16,ND;ND;ND,"8192,8,128",DT_BF16,ND,282.94,attention_context,64,128,8,4,128
dynamic,AI_CORE,"8192,8,128;8192,8,128;8192,8,128",DT_BF16;DT_BF16;DT_BF16,ND;ND;ND,"8192,8,128",DT_BF16,ND,279.21,attention_context,64,128,8,8,128
dynamic,AI_CORE,"8192,16,128;8192,16,128;8192,16,128",DT_BF16;DT_BF16;DT_BF16,ND;ND;ND,"8192,16,128",DT_BF16,ND,327.81,attention_context,64,128,16,0,128
dynamic,AI_CORE,"8192,16,128;8192,1,128;8192,1,128",DT_BF16;DT_BF16;DT_BF16,ND;ND;ND,"8192,16,128",DT_BF16,ND,288.48,attention_context,64,128,16,1,128
dynamic,AI_CORE,"8192,16,128;8192,4,128;8192,4,128",DT_BF16;DT_BF16;DT_BF16,ND;ND;ND,"8192,16,128",DT_BF16,ND,298.64,attention_context,64,128,16,4,128
dynamic,AI_CORE,"8192,16,128;8192,8,128;8192,8,128",DT_BF16;DT_BF16;DT_BF16,ND;ND;ND,"8192,16,128",DT_BF16,ND,287.70,attention_context,64,128,16,8,128
dynamic,AI_CORE,"8192,32,128;8192,32,128;8192,32,128",DT_BF16;DT_BF16;DT_BF16,ND;ND;ND,"8192,32,128",DT_BF16,ND,641.25,attention_context,64,128,32,0,128
dynamic,AI_CORE,"8192,32,128;8192,1,128;8192,1,128",DT_BF16;DT_BF16;DT_BF16,ND;ND;ND,"8192,32,128",DT_BF16,ND,544.47,attention_context,64,128,32,1,128
dynamic,AI_CORE,"8192,32,128;8192,4,128;8192,4,128",DT_BF16;DT_BF16;DT_BF16,ND;ND;ND,"8192,32,128",DT_BF16,ND,549.57,attention_context,64,128,32,4,128
dynamic,AI_CORE,"8192,32,128;8192,8,128;8192,8,128",DT_BF16;DT_BF16;DT_BF16,ND;ND;ND,"8192,32,128",DT_BF16,ND,554.86,attention_context,64,128,32,8,128
dynamic,AI_CORE,"8192,40,128;8192,40,128;8192,40,128",DT_BF16;DT_BF16;DT_BF16,ND;ND;ND,"8192,40,128",DT_BF16,ND,810.34,attention_context,64,128,40,0,128
dynamic,AI_CORE,"8192,40,128;8192,1,128;8192,1,128",DT_BF16;DT_BF16;DT_BF16,ND;ND;ND,"8192,40,128",DT_BF16,ND,694.76,attention_context,64,128,40,1,128
dynamic,AI_CORE,"8192,40,128;8192,4,128;8192,4,128",DT_BF16;DT_BF16;DT_BF16,ND;ND;ND,"8192,40,128",DT_BF16,ND,664.71,attention_context,64,128,40,4,128
dynamic,AI_CORE,"8192,40,128;8192,8,128;8192,8,128",DT_BF16;DT_BF16;DT_BF16,ND;ND;ND,"8192,40,128",DT_BF16,ND,698.12,attention_context,64,128,40,8,128
dynamic,AI_CORE,"8192,64,128;8192,64,128;8192,64,128",DT_BF16;DT_BF16;DT_BF16,ND;ND;ND,"8192,64,128",DT_BF16,ND,1368.20,attention_context,64,128,64,0,128
dynamic,AI_CORE,"8192,64,128;8192,1,128;8192,1,128",DT_BF16;DT_BF16;DT_BF16,ND;ND;ND,"8192,64,128",DT_BF16,ND,1144.83,attention_context,64,128,64,1,128
dynamic,AI_CORE,"8192,64,128;8192,4,128;8192,4,128",DT_BF16;DT_BF16;DT_BF16,ND;ND;ND,"8192,64,128",DT_BF16,ND,1196.33,attention_context,64,128,64,4,128
dynamic,AI_CORE,"8192,64,128;8192,8,128;8192,8,128",DT_BF16;DT_BF16;DT_BF16,ND;ND;ND,"8192,64,128",DT_BF16,ND,1179.87,attention_context,64,128,64,8,128
dynamic,AI_CORE,"16384,8,128;16384,8,128;16384,8,128",DT_BF16;DT_BF16;DT_BF16,ND;ND;ND,"16384,8,128",DT_BF16,ND,281.36,attention_context,64,256,8,0,128
dynamic,AI_CORE,"16384,8,128;16384,1,128;16384,1,128",DT_BF16;DT_BF16;DT_BF16,ND;ND;ND,"16384,8,128",DT_BF16,ND,333.69,attention_context,64,256,8,1,128
dynamic,AI_CORE,"16384,8,128;16384,4,128;16384,4,128",DT_BF16;DT_BF16;DT_BF16,ND;ND;ND,"16384,8,128",DT_BF16,ND,337.21,attention_context,64,256,8,4,128
dynamic,AI_CORE,"16384,8,128;16384,8,128;16384,8,128",DT_BF16;DT_BF16;DT_BF16,ND;ND;ND,"16384,8,128",DT_BF16,ND,313.51,attention_context,64,256,8,8,128
dynamic,AI_CORE,"16384,16,128;16384,16,128;16384,16,128",DT_BF16;DT_BF16;DT_BF16,ND;ND;ND,"16384,16,128",DT_BF16,ND,535.38,attention_context,64,256,16,0,128
dynamic,AI_CORE,"16384,16,128;16384,1,128;16384,1,128",DT_BF16;DT_BF16;DT_BF16,ND;ND;ND,"16384,16,128",DT_BF16,ND,636.54,attention_context,64,256,16,1,128
dynamic,AI_CORE,"16384,16,128;16384,4,128;16384,4,128",DT_BF16;DT_BF16;DT_BF16,ND;ND;ND,"16384,16,128",DT_BF16,ND,654.65,attention_context,64,256,16,4,128
dynamic,AI_CORE,"16384,16,128;16384,8,128;16384,8,128",DT_BF16;DT_BF16;DT_BF16,ND;ND;ND,"16384,16,128",DT_BF16,ND,654.58,attention_context,64,256,16,8,128
dynamic,AI_CORE,"16384,32,128;16384,32,128;16384,32,128",DT_BF16;DT_BF16;DT_BF16,ND;ND;ND,"16384,32,128",DT_BF16,ND,1119.46,attention_context,64,256,32,0,128
dynamic,AI_CORE,"16384,32,128;16384,1,128;16384,1,128",DT_BF16;DT_BF16;DT_BF16,ND;ND;ND,"16384,32,128",DT_BF16,ND,1348.59,attention_context,64,256,32,1,128
dynamic,AI_CORE,"16384,32,128;16384,4,128;16384,4,128",DT_BF16;DT_BF16;DT_BF16,ND;ND;ND,"16384,32,128",DT_BF16,ND,1370.39,attention_context,64,256,32,4,128
dynamic,AI_CORE,"16384,32,128;16384,8,128;16384,8,128",DT_BF16;DT_BF16;DT_BF16,ND;ND;ND,"16384,32,128",DT_BF16,ND,1353.39,attention_context,64,256,32,8,128
dynamic,AI_CORE,"16384,40,128;16384,40,128;16384,40,128",DT_BF16;DT_BF16;DT_BF16,ND;ND;ND,"16384,40,128",DT_BF16,ND,1502.48,attention_context,64,256,40,0,128
dynamic,AI_CORE,"16384,40,128;16384,1,128;16384,1,128",DT_BF16;DT_BF16;DT_BF16,ND;ND;ND,"16384,40,128",DT_BF16,ND,1791.23,attention_context,64,256,40,1,128
dynamic,AI_CORE,"16384,40,128;16384,4,128;16384,4,128",DT_BF16;DT_BF16;DT_BF16,ND;ND;ND,"16384,40,128",DT_BF16,ND,1793.48,attention_context,64,256,40,4,128
dynamic,AI_CORE,"16384,40,128;16384,8,128;16384,8,128",DT_BF16;DT_BF16;DT_BF16,ND;ND;ND,"16384,40,128",DT_BF16,ND,1791.86,attention_context,64,256,40,8,128
dynamic,AI_CORE,"16384,64,128;16384,64,128;16384,64,128",DT_BF16;DT_BF16;DT_BF16,ND;ND;ND,"16384,64,128",DT_BF16,ND,2505.48,attention_context,64,256,64,0,128
dynamic,AI_CORE,"16384,64,128;16384,1,128;16384,1,128",DT_BF16;DT_BF16;DT_BF16,ND;ND;ND,"16384,64,128",DT_BF16,ND,2985.40,attention_context,64,256,64,1,128
dynamic,AI_CORE,"16384,64,128;16384,4,128;16384,4,128",DT_BF16;DT_BF16;DT_BF16,ND;ND;ND,"16384,64,128",DT_BF16,ND,2999.08,attention_context,64,256,64,4,128
dynamic,AI_CORE,"16384,64,128;16384,8,128;16384,8,128",DT_BF16;DT_BF16;DT_BF16,ND;ND;ND,"16384,64,128",DT_BF16,ND,3013.23,attention_context,64,256,64,8,128
dynamic,AI_CORE,"32768,8,128;32768,8,128;32768,8,128",DT_BF16;DT_BF16;DT_BF16,ND;ND;ND,"32768,8,128",DT_BF16,ND,697.48,attention_context,64,512,8,0,128
dynamic,AI_CORE,"32768,8,128;32768,1,128;32768,1,128",DT_BF16;DT_BF16;DT_BF16,ND;ND;ND,"32768,8,128",DT_BF16,ND,828.57,attention_context,64,512,8,1,128
dynamic,AI_CORE,"32768,8,128;32768,4,128;32768,4,128",DT_BF16;DT_BF16;DT_BF16,ND;ND;ND,"32768,8,128",DT_BF16,ND,840.22,attention_context,64,512,8,4,128
dynamic,AI_CORE,"32768,8,128;32768,8,128;32768,8,128",DT_BF16;DT_BF16;DT_BF16,ND;ND;ND,"32768,8,128",DT_BF16,ND,692.23,attention_context,64,512,8,8,128
dynamic,AI_CORE,"32768,16,128;32768,16,128;32768,16,128",DT_BF16;DT_BF16;DT_BF16,ND;ND;ND,"32768,16,128",DT_BF16,ND,1389.95,attention_context,64,512,16,0,128
dynamic,AI_CORE,"32768,16,128;32768,1,128;32768,1,128",DT_BF16;DT_BF16;DT_BF16,ND;ND;ND,"32768,16,128",DT_BF16,ND,1744.14,attention_context,64,512,16,1,128
dynamic,AI_CORE,"32768,16,128;32768,4,128;32768,4,128",DT_BF16;DT_BF16;DT_BF16,ND;ND;ND,"32768,16,128",DT_BF16,ND,1741.74,attention_context,64,512,16,4,128
dynamic,AI_CORE,"32768,16,128;32768,8,128;32768,8,128",DT_BF16;DT_BF16;DT_BF16,ND;ND;ND,"32768,16,128",DT_BF16,ND,1733.45,attention_context,64,512,16,8,128
dynamic,AI_CORE,"32768,32,128;32768,32,128;32768,32,128",DT_BF16;DT_BF16;DT_BF16,ND;ND;ND,"32768,32,128",DT_BF16,ND,2990.26,attention_context,64,512,32,0,128
dynamic,AI_CORE,"32768,32,128;32768,1,128;32768,1,128",DT_BF16;DT_BF16;DT_BF16,ND;ND;ND,"32768,32,128",DT_BF16,ND,3755.91,attention_context,64,512,32,1,128
dynamic,AI_CORE,"32768,32,128;32768,4,128;32768,4,128",DT_BF16;DT_BF16;DT_BF16,ND;ND;ND,"32768,32,128",DT_BF16,ND,3754.41,attention_context,64,512,32,4,128
dynamic,AI_CORE,"32768,32,128;32768,8,128;32768,8,128",DT_BF16;DT_BF16;DT_BF16,ND;ND;ND,"32768,32,128",DT_BF16,ND,3764.40,attention_context,64,512,32,8,128
dynamic,AI_CORE,"32768,40,128;32768,40,128;32768,40,128",DT_BF16;DT_BF16;DT_BF16,ND;ND;ND,"32768,40,128",DT_BF16,ND,3755.60,attention_context,64,512,40,0,128
dynamic,AI_CORE,"32768,40,128;32768,1,128;32768,1,128",DT_BF16;DT_BF16;DT_BF16,ND;ND;ND,"32768,40,128",DT_BF16,ND,4692.98,attention_context,64,512,40,1,128
dynamic,AI_CORE,"32768,40,128;32768,4,128;32768,4,128",DT_BF16;DT_BF16;DT_BF16,ND;ND;ND,"32768,40,128",DT_BF16,ND,4716.25,attention_context,64,512,40,4,128
dynamic,AI_CORE,"32768,40,128;32768,8,128;32768,8,128",DT_BF16;DT_BF16;DT_BF16,ND;ND;ND,"32768,40,128",DT_BF16,ND,4713.00,attention_context,64,512,40,8,128
dynamic,AI_CORE,"32768,64,128;32768,64,128;32768,64,128",DT_BF16;DT_BF16;DT_BF16,ND;ND;ND,"32768,64,128",DT_BF16,ND,5996.79,attention_context,64,512,64,0,128
dynamic,AI_CORE,"32768,64,128;32768,1,128;32768,1,128",DT_BF16;DT_BF16;DT_BF16,ND;ND;ND,"32768,64,128",DT_BF16,ND,7571.04,attention_context,64,512,64,1,128
dynamic,AI_CORE,"32768,64,128;32768,4,128;32768,4,128",DT_BF16;DT_BF16;DT_BF16,ND;ND;ND,"32768,64,128",DT_BF16,ND,7570.08,attention_context,64,512,64,4,128
dynamic,AI_CORE,"32768,64,128;32768,8,128;32768,8,128",DT_BF16;DT_BF16;DT_BF16,ND;ND;ND,"32768,64,128",DT_BF16,ND,7572.26,attention_context,64,512,64,8,128
dynamic,AI_CORE,"65536,8,128;65536,8,128;65536,8,128",DT_BF16;DT_BF16;DT_BF16,ND;ND;ND,"65536,8,128",DT_BF16,ND,1953.90,attention_context,64,1024,8,0,128
dynamic,AI_CORE,"65536,8,128;65536,1,128;65536,1,128",DT_BF16;DT_BF16;DT_BF16,ND;ND;ND,"65536,8,128",DT_BF16,ND,2158.31,attention_context,64,1024,8,1,128
dynamic,AI_CORE,"65536,8,128;65536,4,128;65536,4,128",DT_BF16;DT_BF16;DT_BF16,ND;ND;ND,"65536,8,128",DT_BF16,ND,2159.31,attention_context,64,1024,8,4,128
dynamic,AI_CORE,"65536,8,128;65536,8,128;65536,8,128",DT_BF16;DT_BF16;DT_BF16,ND;ND;ND,"65536,8,128",DT_BF16,ND,1979.63,attention_context,64,1024,8,8,128
dynamic,AI_CORE,"65536,16,128;65536,16,128;65536,16,128",DT_BF16;DT_BF16;DT_BF16,ND;ND;ND,"65536,16,128",DT_BF16,ND,4028.03,attention_context,64,1024,16,0,128
dynamic,AI_CORE,"65536,16,128;65536,1,128;65536,1,128",DT_BF16;DT_BF16;DT_BF16,ND;ND;ND,"65536,16,128",DT_BF16,ND,4615.12,attention_context,64,1024,16,1,128
dynamic,AI_CORE,"65536,16,128;65536,4,128;65536,4,128",DT_BF16;DT_BF16;DT_BF16,ND;ND;ND,"65536,16,128",DT_BF16,ND,4596.15,attention_context,64,1024,16,4,128
dynamic,AI_CORE,"65536,16,128;65536,8,128;65536,8,128",DT_BF16;DT_BF16;DT_BF16,ND;ND;ND,"65536,16,128",DT_BF16,ND,4656.17,attention_context,64,1024,16,8,128
dynamic,AI_CORE,"65536,32,128;65536,32,128;65536,32,128",DT_BF16;DT_BF16;DT_BF16,ND;ND;ND,"65536,32,128",DT_BF16,ND,8427.12,attention_context,64,1024,32,0,128
dynamic,AI_CORE,"65536,32,128;65536,1,128;65536,1,128",DT_BF16;DT_BF16;DT_BF16,ND;ND;ND,"65536,32,128",DT_BF16,ND,9328.89,attention_context,64,1024,32,1,128
dynamic,AI_CORE,"65536,32,128;65536,4,128;65536,4,128",DT_BF16;DT_BF16;DT_BF16,ND;ND;ND,"65536,32,128",DT_BF16,ND,9311.04,attention_context,64,1024,32,4,128
dynamic,AI_CORE,"65536,32,128;65536,8,128;65536,8,128",DT_BF16;DT_BF16;DT_BF16,ND;ND;ND,"65536,32,128",DT_BF16,ND,9430.80,attention_context,64,1024,32,8,128
dynamic,AI_CORE,"65536,40,128;65536,40,128;65536,40,128",DT_BF16;DT_BF16;DT_BF16,ND;ND;ND,"65536,40,128",DT_BF16,ND,10148.37,attention_context,64,1024,40,0,128
dynamic,AI_CORE,"65536,40,128;65536,1,128;65536,1,128",DT_BF16;DT_BF16;DT_BF16,ND;ND;ND,"65536,40,128",DT_BF16,ND,11648.22,attention_context,64,1024,40,1,128
dynamic,AI_CORE,"65536,40,128;65536,4,128;65536,4,128",DT_BF16;DT_BF16;DT_BF16,ND;ND;ND,"65536,40,128",DT_BF16,ND,11619.73,attention_context,64,1024,40,4,128
dynamic,AI_CORE,"65536,40,128;65536,8,128;65536,8,128",DT_BF16;DT_BF16;DT_BF16,ND;ND;ND,"65536,40,128",DT_BF16,ND,11731.77,attention_context,64,1024,40,8,128
dynamic,AI_CORE,"65536,64,128;65536,64,128;65536,64,128",DT_BF16;DT_BF16;DT_BF16,ND;ND;ND,"65536,64,128",DT_BF16,ND,17988.67,attention_context,64,1024,64,0,128
dynamic,AI_CORE,"65536,64,128;65536,1,128;65536,1,128",DT_BF16;DT_BF16;DT_BF16,ND;ND;ND,"65536,64,128",DT_BF16,ND,18647.03,attention_context,64,1024,64,1,128
dynamic,AI_CORE,"65536,64,128;65536,4,128;65536,4,128",DT_BF16;DT_BF16;DT_BF16,ND;ND;ND,"65536,64,128",DT_BF16,ND,18544.77,attention_context,64,1024,64,4,128
dynamic,AI_CORE,"65536,64,128;65536,8,128;65536,8,128",DT_BF16;DT_BF16;DT_BF16,ND;ND;ND,"65536,64,128",DT_BF16,ND,18831.69,attention_context,64,1024,64,8,128
dynamic,AI_CORE,"131072,8,128;131072,8,128;131072,8,128",DT_BF16;DT_BF16;DT_BF16,ND;ND;ND,"131072,8,128",DT_BF16,ND,6333.04,attention_context,64,2048,8,0,128
dynamic,AI_CORE,"131072,8,128;131072,1,128;131072,1,128",DT_BF16;DT_BF16;DT_BF16,ND;ND;ND,"131072,8,128",DT_BF16,ND,6009.72,attention_context,64,2048,8,1,128
dynamic,AI_CORE,"131072,8,128;131072,4,128;131072,4,128",DT_BF16;DT_BF16;DT_BF16,ND;ND;ND,"131072,8,128",DT_BF16,ND,6033.10,attention_context,64,2048,8,4,128
dynamic,AI_CORE,"131072,8,128;131072,8,128;131072,8,128",DT_BF16;DT_BF16;DT_BF16,ND;ND;ND,"131072,8,128",DT_BF16,ND,6371.31,attention_context,64,2048,8,8,128
dynamic,AI_CORE,"131072,16,128;131072,16,128;131072,16,128",DT_BF16;DT_BF16;DT_BF16,ND;ND;ND,"131072,16,128",DT_BF16,ND,12822.23,attention_context,64,2048,16,0,128
dynamic,AI_CORE,"131072,16,128;131072,1,128;131072,1,128",DT_BF16;DT_BF16;DT_BF16,ND;ND;ND,"131072,16,128",DT_BF16,ND,12153.04,attention_context,64,2048,16,1,128
dynamic,AI_CORE,"131072,16,128;131072,4,128;131072,4,128",DT_BF16;DT_BF16;DT_BF16,ND;ND;ND,"131072,16,128",DT_BF16,ND,12190.62,attention_context,64,2048,16,4,128
dynamic,AI_CORE,"131072,16,128;131072,8,128;131072,8,128",DT_BF16;DT_BF16;DT_BF16,ND;ND;ND,"131072,16,128",DT_BF16,ND,12303.09,attention_context,64,2048,16,8,128
dynamic,AI_CORE,"131072,32,128;131072,32,128;131072,32,128",DT_BF16;DT_BF16;DT_BF16,ND;ND;ND,"131072,32,128",DT_BF16,ND,26917.61,attention_context,64,2048,32,0,128
dynamic,AI_CORE,"131072,32,128;131072,1,128;131072,1,128",DT_BF16;DT_BF16;DT_BF16,ND;ND;ND,"131072,32,128",DT_BF16,ND,24399.35,attention_context,64,2048,32,1,128
dynamic,AI_CORE,"131072,32,128;131072,4,128;131072,4,128",DT_BF16;DT_BF16;DT_BF16,ND;ND;ND,"131072,32,128",DT_BF16,ND,24389.47,attention_context,64,2048,32,4,128
dynamic,AI_CORE,"131072,32,128;131072,8,128;131072,8,128",DT_BF16;DT_BF16;DT_BF16,ND;ND;ND,"131072,32,128",DT_BF16,ND,24575.85,attention_context,64,2048,32,8,128
dynamic,AI_CORE,"131072,40,128;131072,40,128;131072,40,128",DT_BF16;DT_BF16;DT_BF16,ND;ND;ND,"131072,40,128",DT_BF16,ND,31977.64,attention_context,64,2048,40,0,128
dynamic,AI_CORE,"131072,40,128;131072,1,128;131072,1,128",DT_BF16;DT_BF16;DT_BF16,ND;ND;ND,"131072,40,128",DT_BF16,ND,30439.60,attention_context,64,2048,40,1,128
dynamic,AI_CORE,"131072,40,128;131072,4,128;131072,4,128",DT_BF16;DT_BF16;DT_BF16,ND;ND;ND,"131072,40,128",DT_BF16,ND,30558.25,attention_context,64,2048,40,4,128
dynamic,AI_CORE,"131072,40,128;131072,8,128;131072,8,128",DT_BF16;DT_BF16;DT_BF16,ND;ND;ND,"131072,40,128",DT_BF16,ND,30572.82,attention_context,64,2048,40,8,128
dynamic,AI_CORE,"131072,64,128;131072,64,128;131072,64,128",DT_BF16;DT_BF16;DT_BF16,ND;ND;ND,"131072,64,128",DT_BF16,ND,55459.00,attention_context,64,2048,64,0,128
dynamic,AI_CORE,"131072,64,128;131072,1,128;131072,1,128",DT_BF16;DT_BF16;DT_BF16,ND;ND;ND,"131072,64,128",DT_BF16,ND,48892.89,attention_context,64,2048,64,1,128
dynamic,AI_CORE,"131072,64,128;131072,4,128;131072,4,128",DT_BF16;DT_BF16;DT_BF16,ND;ND;ND,"131072,64,128",DT_BF16,ND,48837.52,attention_context,64,2048,64,4,128
dynamic,AI_CORE,"131072,64,128;131072,8,128;131072,8,128",DT_BF16;DT_BF16;DT_BF16,ND;ND;ND,"131072,64,128",DT_BF16,ND,49132.24,attention_context,64,2048,64,8,128
dynamic,AI_CORE,"262144,8,128;262144,8,128;262144,8,128",DT_BF16;DT_BF16;DT_BF16,ND;ND;ND,"262144,8,128",DT_BF16,ND,21984.92,attention_context,64,4096,8,0,128
dynamic,AI_CORE,"262144,8,128;262144,1,128;262144,1,128",DT_BF16;DT_BF16;DT_BF16,ND;ND;ND,"262144,8,128",DT_BF16,ND,19726.91,attention_context,64,4096,8,1,128
dynamic,AI_CORE,"262144,8,128;262144,4,128;262144,4,128",DT_BF16;DT_BF16;DT_BF16,ND;ND;ND,"262144,8,128",DT_BF16,ND,19998.17,attention_context,64,4096,8,4,128
dynamic,AI_CORE,"262144,8,128;262144,8,128;262144,8,128",DT_BF16;DT_BF16;DT_BF16,ND;ND;ND,"262144,8,128",DT_BF16,ND,21999.40,attention_context,64,4096,8,8,128
dynamic,AI_CORE,"262144,16,128;262144,16,128;262144,16,128",DT_BF16;DT_BF16;DT_BF16,ND;ND;ND,"262144,16,128",DT_BF16,ND,44975.18,attention_context,64,4096,16,0,128
dynamic,AI_CORE,"262144,16,128;262144,1,128;262144,1,128",DT_BF16;DT_BF16;DT_BF16,ND;ND;ND,"262144,16,128",DT_BF16,ND,39677.11,attention_context,64,4096,16,1,128
dynamic,AI_CORE,"262144,16,128;262144,4,128;262144,4,128",DT_BF16;DT_BF16;DT_BF16,ND;ND;ND,"262144,16,128",DT_BF16,ND,40157.25,attention_context,64,4096,16,4,128
dynamic,AI_CORE,"262144,16,128;262144,8,128;262144,8,128",DT_BF16;DT_BF16;DT_BF16,ND;ND;ND,"262144,16,128",DT_BF16,ND,40273.65,attention_context,64,4096,16,8,128
dynamic,AI_CORE,"262144,32,128;262144,32,128;262144,32,128",DT_BF16;DT_BF16;DT_BF16,ND;ND;ND,"262144,32,128",DT_BF16,ND,92553.42,attention_context,64,4096,32,0,128
dynamic,AI_CORE,"262144,32,128;262144,1,128;262144,1,128",DT_BF16;DT_BF16;DT_BF16,ND;ND;ND,"262144,32,128",DT_BF16,ND,79968.02,attention_context,64,4096,32,1,128
dynamic,AI_CORE,"262144,32,128;262144,4,128;262144,4,128",DT_BF16;DT_BF16;DT_BF16,ND;ND;ND,"262144,32,128",DT_BF16,ND,80814.46,attention_context,64,4096,32,4,128
dynamic,AI_CORE,"262144,32,128;262144,8,128;262144,8,128",DT_BF16;DT_BF16;DT_BF16,ND;ND;ND,"262144,32,128",DT_BF16,ND,81265.79,attention_context,64,4096,32,8,128
dynamic,AI_CORE,"262144,40,128;262144,40,128;262144,40,128",DT_BF16;DT_BF16;DT_BF16,ND;ND;ND,"262144,40,128",DT_BF16,ND,112224.86,attention_context,64,4096,40,0,128
dynamic,AI_CORE,"262144,40,128;262144,1,128;262144,1,128",DT_BF16;DT_BF16;DT_BF16,ND;ND;ND,"262144,40,128",DT_BF16,ND,99967.61,attention_context,64,4096,40,1,128
dynamic,AI_CORE,"262144,40,128;262144,4,128;262144,4,128",DT_BF16;DT_BF16;DT_BF16,ND;ND;ND,"262144,40,128",DT_BF16,ND,101309.64,attention_context,64,4096,40,4,128
dynamic,AI_CORE,"262144,40,128;262144,8,128;262144,8,128",DT_BF16;DT_BF16;DT_BF16,ND;ND;ND,"262144,40,128",DT_BF16,ND,102309.53,attention_context,64,4096,40,8,128
dynamic,AI_CORE,"262144,64,128;262144,64,128;262144,64,128",DT_BF16;DT_BF16;DT_BF16,ND;ND;ND,"262144,64,128",DT_BF16,ND,189941.31,attention_context,64,4096,64,0,128
dynamic,AI_CORE,"262144,64,128;262144,1,128;262144,1,128",DT_BF16;DT_BF16;DT_BF16,ND;ND;ND,"262144,64,128",DT_BF16,ND,159990.12,attention_context,64,4096,64,1,128
dynamic,AI_CORE,"262144,64,128;262144,4,128;262144,4,128",DT_BF16;DT_BF16;DT_BF16,ND;ND;ND,"262144,64,128",DT_BF16,ND,163235.01,attention_context,64,4096,64,4,128
dynamic,AI_CORE,"262144,64,128;262144,8,128;262144,8,128",DT_BF16;DT_BF16;DT_BF16,ND;ND;ND,"262144,64,128",DT_BF16,ND,164638.55,attention_context,64,4096,64,8,128
dynamic,AI_CORE,"524288,8,128;524288,8,128;524288,8,128",DT_BF16;DT_BF16;DT_BF16,ND;ND;ND,"524288,8,128",DT_BF16,ND,84008.38,attention_context,64,8192,8,0,128
dynamic,AI_CORE,"524288,8,128;524288,1,128;524288,1,128",DT_BF16;DT_BF16;DT_BF16,ND;ND;ND,"524288,8,128",DT_BF16,ND,72652.64,attention_context,64,8192,8,1,128
dynamic,AI_CORE,"524288,8,128;524288,4,128;524288,4,128",DT_BF16;DT_BF16;DT_BF16,ND;ND;ND,"524288,8,128",DT_BF16,ND,73548.54,attention_context,64,8192,8,4,128
dynamic,AI_CORE,"524288,8,128;524288,8,128;524288,8,128",DT_BF16;DT_BF16;DT_BF16,ND;ND;ND,"524288,8,128",DT_BF16,ND,83985.57,attention_context,64,8192,8,8,128
dynamic,AI_CORE,"524288,16,128;524288,16,128;524288,16,128",DT_BF16;DT_BF16;DT_BF16,ND;ND;ND,"524288,16,128",DT_BF16,ND,168629.94,attention_context,64,8192,16,0,128
dynamic,AI_CORE,"524288,16,128;524288,1,128;524288,1,128",DT_BF16;DT_BF16;DT_BF16,ND;ND;ND,"524288,16,128",DT_BF16,ND,145876.85,attention_context,64,8192,16,1,128
dynamic,AI_CORE,"524288,16,128;524288,4,128;524288,4,128",DT_BF16;DT_BF16;DT_BF16,ND;ND;ND,"524288,16,128",DT_BF16,ND,147724.97,attention_context,64,8192,16,4,128
dynamic,AI_CORE,"524288,16,128;524288,8,128;524288,8,128",DT_BF16;DT_BF16;DT_BF16,ND;ND;ND,"524288,16,128",DT_BF16,ND,148149.95,attention_context,64,8192,16,8,128
dynamic,AI_CORE,"524288,32,128;524288,32,128;524288,32,128",DT_BF16;DT_BF16;DT_BF16,ND;ND;ND,"524288,32,128",DT_BF16,ND,345875.62,attention_context,64,8192,32,0,128
dynamic,AI_CORE,"524288,32,128;524288,1,128;524288,1,128",DT_BF16;DT_BF16;DT_BF16,ND;ND;ND,"524288,32,128",DT_BF16,ND,292414.00,attention_context,64,8192,32,1,128
dynamic,AI_CORE,"524288,32,128;524288,4,128;524288,4,128",DT_BF16;DT_BF16;DT_BF16,ND;ND;ND,"524288,32,128",DT_BF16,ND,297550.84,attention_context,64,8192,32,4,128
dynamic,AI_CORE,"524288,32,128;524288,8,128;524288,8,128",DT_BF16;DT_BF16;DT_BF16,ND;ND;ND,"524288,32,128",DT_BF16,ND,305810.76,attention_context,64,8192,32,8,128
dynamic,AI_CORE,"524288,40,128;524288,40,128;524288,40,128",DT_BF16;DT_BF16;DT_BF16,ND;ND;ND,"524288,40,128",DT_BF16,ND,423157.15,attention_context,64,8192,40,0,128
dynamic,AI_CORE,"524288,40,128;524288,1,128;524288,1,128",DT_BF16;DT_BF16;DT_BF16,ND;ND;ND,"524288,40,128",DT_BF16,ND,365519.14,attention_context,64,8192,40,1,128
dynamic,AI_CORE,"524288,40,128;524288,4,128;524288,4,128",DT_BF16;DT_BF16;DT_BF16,ND;ND;ND,"524288,40,128",DT_BF16,ND,373686.48,attention_context,64,8192,40,4,128
dynamic,AI_CORE,"524288,40,128;524288,8,128;524288,8,128",DT_BF16;DT_BF16;DT_BF16,ND;ND;ND,"524288,40,128",DT_BF16,ND,387885.86,attention_context,64,8192,40,8,128
dynamic,AI_CORE,"524288,64,128;524288,64,128;524288,64,128",DT_BF16;DT_BF16;DT_BF16,ND;ND;ND,"524288,64,128",DT_BF16,ND,696030.31,attention_context,64,8192,64,0,128
dynamic,AI_CORE,"524288,64,128;524288,1,128;524288,1,128",DT_BF16;DT_BF16;DT_BF16,ND;ND;ND,"524288,64,128",DT_BF16,ND,584414.26,attention_context,64,8192,64,1,128
dynamic,AI_CORE,"524288,64,128;524288,4,128;524288,4,128",DT_BF16;DT_BF16;DT_BF16,ND;ND;ND,"524288,64,128",DT_BF16,ND,601395.94,attention_context,64,8192,64,4,128
dynamic,AI_CORE,"524288,64,128;524288,8,128;524288,8,128",DT_BF16;DT_BF16;DT_BF16,ND;ND;ND,"524288,64,128",DT_BF16,ND,626785.70,attention_context,64,8192,64,8,128
dynamic,AI_CORE,"16384,8,128;16384,8,128;16384,8,128",DT_BF16;DT_BF16;DT_BF16,ND;ND;ND,"16384,8,128",DT_BF16,ND,335.23,attention_context,128,128,8,0,128
dynamic,AI_CORE,"16384,8,128;16384,1,128;16384,1,128",DT_BF16;DT_BF16;DT_BF16,ND;ND;ND,"16384,8,128",DT_BF16,ND,333.00,attention_context,128,128,8,1,128
dynamic,AI_CORE,"16384,8,128;16384,4,128;16384,4,128",DT_BF16;DT_BF16;DT_BF16,ND;ND;ND,"16384,8,128",DT_BF16,ND,330.01,attention_context,128,128,8,4,128
dynamic,AI_CORE,"16384,8,128;16384,8,128;16384,8,128",DT_BF16;DT_BF16;DT_BF16,ND;ND;ND,"16384,8,128",DT_BF16,ND,329.99,attention_context,128,128,8,8,128
dynamic,AI_CORE,"16384,16,128;16384,16,128;16384,16,128",DT_BF16;DT_BF16;DT_BF16,ND;ND;ND,"16384,16,128",DT_BF16,ND,648.26,attention_context,128,128,16,0,128
dynamic,AI_CORE,"16384,16,128;16384,1,128;16384,1,128",DT_BF16;DT_BF16;DT_BF16,ND;ND;ND,"16384,16,128",DT_BF16,ND,519.76,attention_context,128,128,16,1,128
dynamic,AI_CORE,"16384,16,128;16384,4,128;16384,4,128",DT_BF16;DT_BF16;DT_BF16,ND;ND;ND,"16384,16,128",DT_BF16,ND,565.72,attention_context,128,128,16,4,128
dynamic,AI_CORE,"16384,16,128;16384,8,128;16384,8,128",DT_BF16;DT_BF16;DT_BF16,ND;ND;ND,"16384,16,128",DT_BF16,ND,575.44,attention_context,128,128,16,8,128
dynamic,AI_CORE,"16384,32,128;16384,32,128;16384,32,128",DT_BF16;DT_BF16;DT_BF16,ND;ND;ND,"16384,32,128",DT_BF16,ND,1355.03,attention_context,128,128,32,0,128
dynamic,AI_CORE,"16384,32,128;16384,1,128;16384,1,128",DT_BF16;DT_BF16;DT_BF16,ND;ND;ND,"16384,32,128",DT_BF16,ND,1168.77,attention_context,128,128,32,1,128
dynamic,AI_CORE,"16384,32,128;16384,4,128;16384,4,128",DT_BF16;DT_BF16;DT_BF16,ND;ND;ND,"16384,32,128",DT_BF16,ND,1193.45,attention_context,128,128,32,4,128
dynamic,AI_CORE,"16384,32,128;16384,8,128;16384,8,128",DT_BF16;DT_BF16;DT_BF16,ND;ND;ND,"16384,32,128",DT_BF16,ND,1186.03,attention_context,128,128,32,8,128
dynamic,AI_CORE,"16384,40,128;16384,40,128;16384,40,128",DT_BF16;DT_BF16;DT_BF16,ND;ND;ND,"16384,40,128",DT_BF16,ND,1779.78,attention_context,128,128,40,0,128
dynamic,AI_CORE,"16384,40,128;16384,1,128;16384,1,128",DT_BF16;DT_BF16;DT_BF16,ND;ND;ND,"16384,40,128",DT_BF16,ND,1577.42,attention_context,128,128,40,1,128
dynamic,AI_CORE,"16384,40,128;16384,4,128;16384,4,128",DT_BF16;DT_BF16;DT_BF16,ND;ND;ND,"16384,40,128",DT_BF16,ND,1502.71,attention_context,128,128,40,4,128
dynamic,AI_CORE,"16384,40,128;16384,8,128;16384,8,128",DT_BF16;DT_BF16;DT_BF16,ND;ND;ND,"16384,40,128",DT_BF16,ND,1585.96,attention_context,128,128,40,8,128
dynamic,AI_CORE,"16384,64,128;16384,64,128;16384,64,128",DT_BF16;DT_BF16;DT_BF16,ND;ND;ND,"16384,64,128",DT_BF16,ND,2984.72,attention_context,128,128,64,0,128
dynamic,AI_CORE,"16384,64,128;16384,1,128;16384,1,128",DT_BF16;DT_BF16;DT_BF16,ND;ND;ND,"16384,64,128",DT_BF16,ND,2537.40,attention_context,128,128,64,1,128
dynamic,AI_CORE,"16384,64,128;16384,4,128;16384,4,128",DT_BF16;DT_BF16;DT_BF16,ND;ND;ND,"16384,64,128",DT_BF16,ND,2669.92,attention_context,128,128,64,4,128
dynamic,AI_CORE,"16384,64,128;16384,8,128;16384,8,128",DT_BF16;DT_BF16;DT_BF16,ND;ND;ND,"16384,64,128",DT_BF16,ND,2669.32,attention_context,128,128,64,8,128
dynamic,AI_CORE,"32768,8,128;32768,8,128;32768,8,128",DT_BF16;DT_BF16;DT_BF16,ND;ND;ND,"32768,8,128",DT_BF16,ND,534.99,attention_context,128,256,8,0,128
dynamic,AI_CORE,"32768,8,128;32768,1,128;32768,1,128",DT_BF16;DT_BF16;DT_BF16,ND;ND;ND,"32768,8,128",DT_BF16,ND,627.11,attention_context,128,256,8,1,128
dynamic,AI_CORE,"32768,8,128;32768,4,128;32768,4,128",DT_BF16;DT_BF16;DT_BF16,ND;ND;ND,"32768,8,128",DT_BF16,ND,662.72,attention_context,128,256,8,4,128
dynamic,AI_CORE,"32768,8,128;32768,8,128;32768,8,128",DT_BF16;DT_BF16;DT_BF16,ND;ND;ND,"32768,8,128",DT_BF16,ND,538.27,attention_context,128,256,8,8,128
dynamic,AI_CORE,"32768,16,128;32768,16,128;32768,16,128",DT_BF16;DT_BF16;DT_BF16,ND;ND;ND,"32768,16,128",DT_BF16,ND,1098.94,attention_context,128,256,16,0,128
dynamic,AI_CORE,"32768,16,128;32768,1,128;32768,1,128",DT_BF16;DT_BF16;DT_BF16,ND;ND;ND,"32768,16,128",DT_BF16,ND,1332.23,attention_context,128,256,16,1,128
dynamic,AI_CORE,"32768,16,128;32768,4,128;32768,4,128",DT_BF16;DT_BF16;DT_BF16,ND;ND;ND,"32768,16,128",DT_BF16,ND,1358.05,attention_context,128,256,16,4,128
dynamic,AI_CORE,"32768,16,128;32768,8,128;32768,8,128",DT_BF16;DT_BF16;DT_BF16,ND;ND;ND,"32768,16,128",DT_BF16,ND,1348.38,attention_context,128,256,16,8,128
dynamic,AI_CORE,"32768,32,128;32768,32,128;32768,32,128",DT_BF16;DT_BF16;DT_BF16,ND;ND;ND,"32768,32,128",DT_BF16,ND,2397.33,attention_context,128,256,32,0,128
dynamic,AI_CORE,"32768,32,128;32768,1,128;32768,1,128",DT_BF16;DT_BF16;DT_BF16,ND;ND;ND,"32768,32,128",DT_BF16,ND,2993.54,attention_context,128,256,32,1,128
dynamic,AI_CORE,"32768,32,128;32768,4,128;32768,4,128",DT_BF16;DT_BF16;DT_BF16,ND;ND;ND,"32768,32,128",DT_BF16,ND,2925.27,attention_context,128,256,32,4,128
dynamic,AI_CORE,"32768,32,128;32768,8,128;32768,8,128",DT_BF16;DT_BF16;DT_BF16,ND;ND;ND,"32768,32,128",DT_BF16,ND,3027.81,attention_context,128,256,32,8,128
dynamic,AI_CORE,"32768,40,128;32768,40,128;32768,40,128",DT_BF16;DT_BF16;DT_BF16,ND;ND;ND,"32768,40,128",DT_BF16,ND,3083.74,attention_context,128,256,40,0,128
dynamic,AI_CORE,"32768,40,128;32768,1,128;32768,1,128",DT_BF16;DT_BF16;DT_BF16,ND;ND;ND,"32768,40,128",DT_BF16,ND,3702.52,attention_context,128,256,40,1,128
dynamic,AI_CORE,"32768,40,128;32768,4,128;32768,4,128",DT_BF16;DT_BF16;DT_BF16,ND;ND;ND,"32768,40,128",DT_BF16,ND,3773.49,attention_context,128,256,40,4,128
dynamic,AI_CORE,"32768,40,128;32768,8,128;32768,8,128",DT_BF16;DT_BF16;DT_BF16,ND;ND;ND,"32768,40,128",DT_BF16,ND,3778.89,attention_context,128,256,40,8,128
dynamic,AI_CORE,"32768,64,128;32768,64,128;32768,64,128",DT_BF16;DT_BF16;DT_BF16,ND;ND;ND,"32768,64,128",DT_BF16,ND,4815.51,attention_context,128,256,64,0,128
dynamic,AI_CORE,"32768,64,128;32768,1,128;32768,1,128",DT_BF16;DT_BF16;DT_BF16,ND;ND;ND,"32768,64,128",DT_BF16,ND,6057.61,attention_context,128,256,64,1,128
dynamic,AI_CORE,"32768,64,128;32768,4,128;32768,4,128",DT_BF16;DT_BF16;DT_BF16,ND;ND;ND,"32768,64,128",DT_BF16,ND,6073.88,attention_context,128,256,64,4,128
dynamic,AI_CORE,"32768,64,128;32768,8,128;32768,8,128",DT_BF16;DT_BF16;DT_BF16,ND;ND;ND,"32768,64,128",DT_BF16,ND,5925.32,attention_context,128,256,64,8,128
dynamic,AI_CORE,"65536,8,128;65536,8,128;65536,8,128",DT_BF16;DT_BF16;DT_BF16,ND;ND;ND,"65536,8,128",DT_BF16,ND,1401.58,attention_context,128,512,8,0,128
dynamic,AI_CORE,"65536,8,128;65536,1,128;65536,1,128",DT_BF16;DT_BF16;DT_BF16,ND;ND;ND,"65536,8,128",DT_BF16,ND,1763.80,attention_context,128,512,8,1,128
dynamic,AI_CORE,"65536,8,128;65536,4,128;65536,4,128",DT_BF16;DT_BF16;DT_BF16,ND;ND;ND,"65536,8,128",DT_BF16,ND,1718.18,attention_context,128,512,8,4,128
dynamic,AI_CORE,"65536,8,128;65536,8,128;65536,8,128",DT_BF16;DT_BF16;DT_BF16,ND;ND;ND,"65536,8,128",DT_BF16,ND,1400.06,attention_context,128,512,8,8,128
dynamic,AI_CORE,"65536,16,128;65536,16,128;65536,16,128",DT_BF16;DT_BF16;DT_BF16,ND;ND;ND,"65536,16,128",DT_BF16,ND,2982.76,attention_context,128,512,16,0,128
dynamic,AI_CORE,"65536,16,128;65536,1,128;65536,1,128",DT_BF16;DT_BF16;DT_BF16,ND;ND;ND,"65536,16,128",DT_BF16,ND,3737.80,attention_context,128,512,16,1,128
dynamic,AI_CORE,"65536,16,128;65536,4,128;65536,4,128",DT_BF16;DT_BF16;DT_BF16,ND;ND;ND,"65536,16,128",DT_BF16,ND,3683.57,attention_context,128,512,16,4,128
dynamic,AI_CORE,"65536,16,128;65536,8,128;65536,8,128",DT_BF16;DT_BF16;DT_BF16,ND;ND;ND,"65536,16,128",DT_BF16,ND,3750.60,attention_context,128,512,16,8,128
dynamic,AI_CORE,"65536,32,128;65536,32,128;65536,32,128",DT_BF16;DT_BF16;DT_BF16,ND;ND;ND,"65536,32,128",DT_BF16,ND,5967.70,attention_context,128,512,32,0,128
dynamic,AI_CORE,"65536,32,128;65536,1,128;65536,1,128",DT_BF16;DT_BF16;DT_BF16,ND;ND;ND,"65536,32,128",DT_BF16,ND,7543.79,attention_context,128,512,32,1,128
dynamic,AI_CORE,"65536,32,128;65536,4,128;65536,4,128",DT_BF16;DT_BF16;DT_BF16,ND;ND;ND,"65536,32,128",DT_BF16,ND,7455.02,attention_context,128,512,32,4,128
dynamic,AI_CORE,"65536,32,128;65536,8,128;65536,8,128",DT_BF16;DT_BF16;DT_BF16,ND;ND;ND,"65536,32,128",DT_BF16,ND,7583.62,attention_context,128,512,32,8,128
dynamic,AI_CORE,"65536,40,128;65536,40,128;65536,40,128",DT_BF16;DT_BF16;DT_BF16,ND;ND;ND,"65536,40,128",DT_BF16,ND,7436.08,attention_context,128,512,40,0,128
dynamic,AI_CORE,"65536,40,128;65536,1,128;65536,1,128",DT_BF16;DT_BF16;DT_BF16,ND;ND;ND,"65536,40,128",DT_BF16,ND,9467.47,attention_context,128,512,40,1,128
dynamic,AI_CORE,"65536,40,128;65536,4,128;65536,4,128",DT_BF16;DT_BF16;DT_BF16,ND;ND;ND,"65536,40,128",DT_BF16,ND,9364.37,attention_context,128,512,40,4,128
dynamic,AI_CORE,"65536,40,128;65536,8,128;65536,8,128",DT_BF16;DT_BF16;DT_BF16,ND;ND;ND,"65536,40,128",DT_BF16,ND,9496.65,attention_context,128,512,40,8,128
dynamic,AI_CORE,"65536,64,128;65536,64,128;65536,64,128",DT_BF16;DT_BF16;DT_BF16,ND;ND;ND,"65536,64,128",DT_BF16,ND,12015.66,attention_context,128,512,64,0,128
dynamic,AI_CORE,"65536,64,128;65536,1,128;65536,1,128",DT_BF16;DT_BF16;DT_BF16,ND;ND;ND,"65536,64,128",DT_BF16,ND,15093.80,attention_context,128,512,64,1,128
dynamic,AI_CORE,"65536,64,128;65536,4,128;65536,4,128",DT_BF16;DT_BF16;DT_BF16,ND;ND;ND,"65536,64,128",DT_BF16,ND,14945.22,attention_context,128,512,64,4,128
dynamic,AI_CORE,"65536,64,128;65536,8,128;65536,8,128",DT_BF16;DT_BF16;DT_BF16,ND;ND;ND,"65536,64,128",DT_BF16,ND,15178.01,attention_context,128,512,64,8,128
dynamic,AI_CORE,"131072,8,128;131072,8,128;131072,8,128",DT_BF16;DT_BF16;DT_BF16,ND;ND;ND,"131072,8,128",DT_BF16,ND,4016.59,attention_context,128,1024,8,0,128
dynamic,AI_CORE,"131072,8,128;131072,1,128;131072,1,128",DT_BF16;DT_BF16;DT_BF16,ND;ND;ND,"131072,8,128",DT_BF16,ND,4591.16,attention_context,128,1024,8,1,128
dynamic,AI_CORE,"131072,8,128;131072,4,128;131072,4,128",DT_BF16;DT_BF16;DT_BF16,ND;ND;ND,"131072,8,128",DT_BF16,ND,4577.04,attention_context,128,1024,8,4,128
dynamic,AI_CORE,"131072,8,128;131072,8,128;131072,8,128",DT_BF16;DT_BF16;DT_BF16,ND;ND;ND,"131072,8,128",DT_BF16,ND,4023.95,attention_context,128,1024,8,8,128
dynamic,AI_CORE,"131072,16,128;131072,16,128;131072,16,128",DT_BF16;DT_BF16;DT_BF16,ND;ND;ND,"131072,16,128",DT_BF16,ND,8156.81,attention_context,128,1024,16,0,128
dynamic,AI_CORE,"131072,16,128;131072,1,128;131072,1,128",DT_BF16;DT_BF16;DT_BF16,ND;ND;ND,"131072,16,128",DT_BF16,ND,9254.12,attention_context,128,1024,16,1,128
dynamic,AI_CORE,"131072,16,128;131072,4,128;131072,4,128",DT_BF16;DT_BF16;DT_BF16,ND;ND;ND,"131072,16,128",DT_BF16,ND,9212.06,attention_context,128,1024,16,4,128
dynamic,AI_CORE,"131072,16,128;131072,8,128;131072,8,128",DT_BF16;DT_BF16;DT_BF16,ND;ND;ND,"131072,16,128",DT_BF16,ND,9332.28,attention_context,128,1024,16,8,128
dynamic,AI_CORE,"131072,32,128;131072,32,128;131072,32,128",DT_BF16;DT_BF16;DT_BF16,ND;ND;ND,"131072,32,128",DT_BF16,ND,17096.32,attention_context,128,1024,32,0,128
dynamic,AI_CORE,"131072,32,128;131072,1,128;131072,1,128",DT_BF16;DT_BF16;DT_BF16,ND;ND;ND,"131072,32,128",DT_BF16,ND,18632.70,attention_context,128,1024,32,1,128
dynamic,AI_CORE,"131072,32,128;131072,4,128;131072,4,128",DT_BF16;DT_BF16;DT_BF16,ND;ND;ND,"131072,32,128",DT_BF16,ND,18549.45,attention_context,128,1024,32,4,128
dynamic,AI_CORE,"131072,32,128;131072,8,128;131072,8,128",DT_BF16;DT_BF16;DT_BF16,ND;ND;ND,"131072,32,128",DT_BF16,ND,18858.54,attention_context,128,1024,32,8,128
dynamic,AI_CORE,"131072,40,128;131072,40,128;131072,40,128",DT_BF16;DT_BF16;DT_BF16,ND;ND;ND,"131072,40,128",DT_BF16,ND,20503.96,attention_context,128,1024,40,0,128
dynamic,AI_CORE,"131072,40,128;131072,1,128;131072,1,128",DT_BF16;DT_BF16;DT_BF16,ND;ND;ND,"131072,40,128",DT_BF16,ND,23360.86,attention_context,128,1024,40,1,128
dynamic,AI_CORE,"131072,40,128;131072,4,128;131072,4,128",DT_BF16;DT_BF16;DT_BF16,ND;ND;ND,"131072,40,128",DT_BF16,ND,23108.70,attention_context,128,1024,40,4,128
dynamic,AI_CORE,"131072,40,128;131072,8,128;131072,8,128",DT_BF16;DT_BF16;DT_BF16,ND;ND;ND,"131072,40,128",DT_BF16,ND,23512.37,attention_context,128,1024,40,8,128
dynamic,AI_CORE,"131072,64,128;131072,64,128;131072,64,128",DT_BF16;DT_BF16;DT_BF16,ND;ND;ND,"131072,64,128",DT_BF16,ND,34842.59,attention_context,128,1024,64,0,128
dynamic,AI_CORE,"131072,64,128;131072,1,128;131072,1,128",DT_BF16;DT_BF16;DT_BF16,ND;ND;ND,"131072,64,128",DT_BF16,ND,37306.94,attention_context,128,1024,64,1,128
dynamic,AI_CORE,"131072,64,128;131072,4,128;131072,4,128",DT_BF16;DT_BF16;DT_BF16,ND;ND;ND,"131072,64,128",DT_BF16,ND,37034.84,attention_context,128,1024,64,4,128
dynamic,AI_CORE,"131072,64,128;131072,8,128;131072,8,128",DT_BF16;DT_BF16;DT_BF16,ND;ND;ND,"131072,64,128",DT_BF16,ND,37476.03,attention_context,128,1024,64,8,128
dynamic,AI_CORE,"262144,8,128;262144,8,128;262144,8,128",DT_BF16;DT_BF16;DT_BF16,ND;ND;ND,"262144,8,128",DT_BF16,ND,12732.68,attention_context,128,2048,8,0,128
dynamic,AI_CORE,"262144,8,128;262144,1,128;262144,1,128",DT_BF16;DT_BF16;DT_BF16,ND;ND;ND,"262144,8,128",DT_BF16,ND,12098.42,attention_context,128,2048,8,1,128
dynamic,AI_CORE,"262144,8,128;262144,4,128;262144,4,128",DT_BF16;DT_BF16;DT_BF16,ND;ND;ND,"262144,8,128",DT_BF16,ND,12251.39,attention_context,128,2048,8,4,128
dynamic,AI_CORE,"262144,8,128;262144,8,128;262144,8,128",DT_BF16;DT_BF16;DT_BF16,ND;ND;ND,"262144,8,128",DT_BF16,ND,12882.57,attention_context,128,2048,8,8,128
dynamic,AI_CORE,"262144,16,128;262144,16,128;262144,16,128",DT_BF16;DT_BF16;DT_BF16,ND;ND;ND,"262144,16,128",DT_BF16,ND,25818.45,attention_context,128,2048,16,0,128
dynamic,AI_CORE,"262144,16,128;262144,1,128;262144,1,128",DT_BF16;DT_BF16;DT_BF16,ND;ND;ND,"262144,16,128",DT_BF16,ND,24294.34,attention_context,128,2048,16,1,128
dynamic,AI_CORE,"262144,16,128;262144,4,128;262144,4,128",DT_BF16;DT_BF16;DT_BF16,ND;ND;ND,"262144,16,128",DT_BF16,ND,24517.79,attention_context,128,2048,16,4,128
dynamic,AI_CORE,"262144,16,128;262144,8,128;262144,8,128",DT_BF16;DT_BF16;DT_BF16,ND;ND;ND,"262144,16,128",DT_BF16,ND,24578.02,attention_context,128,2048,16,8,128
dynamic,AI_CORE,"262144,32,128;262144,32,128;262144,32,128",DT_BF16;DT_BF16;DT_BF16,ND;ND;ND,"262144,32,128",DT_BF16,ND,54034.03,attention_context,128,2048,32,0,128
dynamic,AI_CORE,"262144,32,128;262144,1,128;262144,1,128",DT_BF16;DT_BF16;DT_BF16,ND;ND;ND,"262144,32,128",DT_BF16,ND,48850.47,attention_context,128,2048,32,1,128
dynamic,AI_CORE,"262144,32,128;262144,4,128;262144,4,128",DT_BF16;DT_BF16;DT_BF16,ND;ND;ND,"262144,32,128",DT_BF16,ND,49144.85,attention_context,128,2048,32,4,128
dynamic,AI_CORE,"262144,32,128;262144,8,128;262144,8,128",DT_BF16;DT_BF16;DT_BF16,ND;ND;ND,"262144,32,128",DT_BF16,ND,49320.80,attention_context,128,2048,32,8,128
dynamic,AI_CORE,"262144,40,128;262144,40,128;262144,40,128",DT_BF16;DT_BF16;DT_BF16,ND;ND;ND,"262144,40,128",DT_BF16,ND,64787.39,attention_context,128,2048,40,0,128
dynamic,AI_CORE,"262144,40,128;262144,1,128;262144,1,128",DT_BF16;DT_BF16;DT_BF16,ND;ND;ND,"262144,40,128",DT_BF16,ND,61179.28,attention_context,128,2048,40,1,128
dynamic,AI_CORE,"262144,40,128;262144,4,128;262144,4,128",DT_BF16;DT_BF16;DT_BF16,ND;ND;ND,"262144,40,128",DT_BF16,ND,61467.63,attention_context,128,2048,40,4,128
dynamic,AI_CORE,"262144,40,128;262144,8,128;262144,8,128",DT_BF16;DT_BF16;DT_BF16,ND;ND;ND,"262144,40,128",DT_BF16,ND,61771.39,attention_context,128,2048,40,8,128
dynamic,AI_CORE,"262144,64,128;262144,64,128;262144,64,128",DT_BF16;DT_BF16;DT_BF16,ND;ND;ND,"262144,64,128",DT_BF16,ND,111245.33,attention_context,128,2048,64,0,128
dynamic,AI_CORE,"262144,64,128;262144,1,128;262144,1,128",DT_BF16;DT_BF16;DT_BF16,ND;ND;ND,"262144,64,128",DT_BF16,ND,98218.23,attention_context,128,2048,64,1,128
dynamic,AI_CORE,"262144,64,128;262144,4,128;262144,4,128",DT_BF16;DT_BF16;DT_BF16,ND;ND;ND,"262144,64,128",DT_BF16,ND,98767.42,attention_context,128,2048,64,4,128
dynamic,AI_CORE,"262144,64,128;262144,8,128;262144,8,128",DT_BF16;DT_BF16;DT_BF16,ND;ND;ND,"262144,64,128",DT_BF16,ND,99226.46,attention_context,128,2048,64,8,128
dynamic,AI_CORE,"524288,8,128;524288,8,128;524288,8,128",DT_BF16;DT_BF16;DT_BF16,ND;ND;ND,"524288,8,128",DT_BF16,ND,45332.12,attention_context,128,4096,8,0,128
dynamic,AI_CORE,"524288,8,128;524288,1,128;524288,1,128",DT_BF16;DT_BF16;DT_BF16,ND;ND;ND,"524288,8,128",DT_BF16,ND,39810.11,attention_context,128,4096,8,1,128
dynamic,AI_CORE,"524288,8,128;524288,4,128;524288,4,128",DT_BF16;DT_BF16;DT_BF16,ND;ND;ND,"524288,8,128",DT_BF16,ND,40151.96,attention_context,128,4096,8,4,128
dynamic,AI_CORE,"524288,8,128;524288,8,128;524288,8,128",DT_BF16;DT_BF16;DT_BF16,ND;ND;ND,"524288,8,128",DT_BF16,ND,44981.08,attention_context,128,4096,8,8,128
dynamic,AI_CORE,"524288,16,128;524288,16,128;524288,16,128",DT_BF16;DT_BF16;DT_BF16,ND;ND;ND,"524288,16,128",DT_BF16,ND,90358.02,attention_context,128,4096,16,0,128
dynamic,AI_CORE,"524288,16,128;524288,1,128;524288,1,128",DT_BF16;DT_BF16;DT_BF16,ND;ND;ND,"524288,16,128",DT_BF16,ND,80035.27,attention_context,128,4096,16,1,128
dynamic,AI_CORE,"524288,16,128;524288,4,128;524288,4,128",DT_BF16;DT_BF16;DT_BF16,ND;ND;ND,"524288,16,128",DT_BF16,ND,80386.10,attention_context,128,4096,16,4,128
dynamic,AI_CORE,"524288,16,128;524288,8,128;524288,8,128",DT_BF16;DT_BF16;DT_BF16,ND;ND;ND,"524288,16,128",DT_BF16,ND,80794.52,attention_context,128,4096,16,8,128
dynamic,AI_CORE,"524288,32,128;524288,32,128;524288,32,128",DT_BF16;DT_BF16;DT_BF16,ND;ND;ND,"524288,32,128",DT_BF16,ND,188225.20,attention_context,128,4096,32,0,128
dynamic,AI_CORE,"524288,32,128;524288,1,128;524288,1,128",DT_BF16;DT_BF16;DT_BF16,ND;ND;ND,"524288,32,128",DT_BF16,ND,160922.67,attention_context,128,4096,32,1,128
dynamic,AI_CORE,"524288,32,128;524288,4,128;524288,4,128",DT_BF16;DT_BF16;DT_BF16,ND;ND;ND,"524288,32,128",DT_BF16,ND,162715.34,attention_context,128,4096,32,4,128
dynamic,AI_CORE,"524288,32,128;524288,8,128;524288,8,128",DT_BF16;DT_BF16;DT_BF16,ND;ND;ND,"524288,32,128",DT_BF16,ND,165227.15,attention_context,128,4096,32,8,128
dynamic,AI_CORE,"524288,40,128;524288,40,128;524288,40,128",DT_BF16;DT_BF16;DT_BF16,ND;ND;ND,"524288,40,128",DT_BF16,ND,224490.45,attention_context,128,4096,40,0,128
dynamic,AI_CORE,"524288,40,128;524288,1,128;524288,1,128",DT_BF16;DT_BF16;DT_BF16,ND;ND;ND,"524288,40,128",DT_BF16,ND,201093.14,attention_context,128,4096,40,1,128
dynamic,AI_CORE,"524288,40,128;524288,4,128;524288,4,128",DT_BF16;DT_BF16;DT_BF16,ND;ND;ND,"524288,40,128",DT_BF16,ND,205061.64,attention_context,128,4096,40,4,128
dynamic,AI_CORE,"524288,40,128;524288,8,128;524288,8,128",DT_BF16;DT_BF16;DT_BF16,ND;ND;ND,"524288,40,128",DT_BF16,ND,208667.77,attention_context,128,4096,40,8,128
dynamic,AI_CORE,"524288,64,128;524288,64,128;524288,64,128",DT_BF16;DT_BF16;DT_BF16,ND;ND;ND,"524288,64,128",DT_BF16,ND,377161.88,attention_context,128,4096,64,0,128
dynamic,AI_CORE,"524288,64,128;524288,1,128;524288,1,128",DT_BF16;DT_BF16;DT_BF16,ND;ND;ND,"524288,64,128",DT_BF16,ND,323761.78,attention_context,128,4096,64,1,128
dynamic,AI_CORE,"524288,64,128;524288,4,128;524288,4,128",DT_BF16;DT_BF16;DT_BF16,ND;ND;ND,"524288,64,128",DT_BF16,ND,330042.15,attention_context,128,4096,64,4,128
dynamic,AI_CORE,"524288,64,128;524288,8,128;524288,8,128",DT_BF16;DT_BF16;DT_BF16,ND;ND;ND,"524288,64,128",DT_BF16,ND,337590.98,attention_context,128,4096,64,8,128
dynamic,AI_CORE,"1048576,8,128;1048576,8,128;1048576,8,128",DT_BF16;DT_BF16;DT_BF16,ND;ND;ND,"1048576,8,128",DT_BF16,ND,167953.34,attention_context,128,8192,8,0,128
dynamic,AI_CORE,"1048576,8,128;1048576,1,128;1048576,1,128",DT_BF16;DT_BF16;DT_BF16,ND;ND;ND,"1048576,8,128",DT_BF16,ND,145961.04,attention_context,128,8192,8,1,128
dynamic,AI_CORE,"1048576,8,128;1048576,4,128;1048576,4,128",DT_BF16;DT_BF16;DT_BF16,ND;ND;ND,"1048576,8,128",DT_BF16,ND,146937.59,attention_context,128,8192,8,4,128
dynamic,AI_CORE,"1048576,8,128;1048576,8,128;1048576,8,128",DT_BF16;DT_BF16;DT_BF16,ND;ND;ND,"1048576,8,128",DT_BF16,ND,167960.35,attention_context,128,8192,8,8,128
dynamic,AI_CORE,"1048576,16,128;1048576,16,128;1048576,16,128",DT_BF16;DT_BF16;DT_BF16,ND;ND;ND,"1048576,16,128",DT_BF16,ND,337502.62,attention_context,128,8192,16,0,128
dynamic,AI_CORE,"1048576,16,128;1048576,1,128;1048576,1,128",DT_BF16;DT_BF16;DT_BF16,ND;ND;ND,"1048576,16,128",DT_BF16,ND,291996.23,attention_context,128,8192,16,1,128
dynamic,AI_CORE,"1048576,16,128;1048576,4,128;1048576,4,128",DT_BF16;DT_BF16;DT_BF16,ND;ND;ND,"1048576,16,128",DT_BF16,ND,297702.56,attention_context,128,8192,16,4,128
dynamic,AI_CORE,"1048576,16,128;1048576,8,128;1048576,8,128",DT_BF16;DT_BF16;DT_BF16,ND;ND;ND,"1048576,16,128",DT_BF16,ND,300145.51,attention_context,128,8192,16,8,128
dynamic,AI_CORE,"1048576,32,128;1048576,32,128;1048576,32,128",DT_BF16;DT_BF16;DT_BF16,ND;ND;ND,"1048576,32,128",DT_BF16,ND,687913.59,attention_context,128,8192,32,0,128
dynamic,AI_CORE,"1048576,32,128;1048576,1,128;1048576,1,128",DT_BF16;DT_BF16;DT_BF16,ND;ND;ND,"1048576,32,128",DT_BF16,ND,586033.09,attention_context,128,8192,32,1,128
dynamic,AI_CORE,"1048576,32,128;1048576,4,128;1048576,4,128",DT_BF16;DT_BF16;DT_BF16,ND;ND;ND,"1048576,32,128",DT_BF16,ND,601602.54,attention_context,128,8192,32,4,128
dynamic,AI_CORE,"1048576,32,128;1048576,8,128;1048576,8,128",DT_BF16;DT_BF16;DT_BF16,ND;ND;ND,"1048576,32,128",DT_BF16,ND,667831.17,attention_context,128,8192,32,8,128
dynamic,AI_CORE,"1048576,40,128;1048576,40,128;1048576,40,128",DT_BF16;DT_BF16;DT_BF16,ND;ND;ND,"1048576,40,128",DT_BF16,ND,846141.95,attention_context,128,8192,40,0,128
dynamic,AI_CORE,"1048576,40,128;1048576,1,128;1048576,1,128",DT_BF16;DT_BF16;DT_BF16,ND;ND;ND,"1048576,40,128",DT_BF16,ND,732146.09,attention_context,128,8192,40,1,128
dynamic,AI_CORE,"1048576,40,128;1048576,4,128;1048576,4,128",DT_BF16;DT_BF16;DT_BF16,ND;ND;ND,"1048576,40,128",DT_BF16,ND,761836.09,attention_context,128,8192,40,4,128
dynamic,AI_CORE,"1048576,40,128;1048576,8,128;1048576,8,128",DT_BF16;DT_BF16;DT_BF16,ND;ND;ND,"1048576,40,128",DT_BF16,ND,858154.92,attention_context,128,8192,40,8,128
