OP State,Accelerator Core,Input Shapes,Input Data Types,Input Formats,Output Shapes,Output Data Types,Output Formats,Average Duration(us),Op Type,Batch,Seq Len,Num Heads,Num KV Heads,Head Size
dynamic,AI_CORE,"1,8,128;1,128,1024;1,128,1024",DT_BF16;DT_BF16;DT_BF16,ND;ND;ND,"1,8,128",DT_BF16,ND,377.67,attention_generation,1,128,8,0,128
dynamic,AI_CORE,"1,8,128;1,128,128;1,128,128",DT_BF16;DT_BF16;DT_BF16,ND;ND;ND,"1,8,128",DT_BF16,ND,370.67,attention_generation,1,128,8,1,128
dynamic,AI_CORE,"1,8,128;1,128,512;1,128,512",DT_BF16;DT_BF16;DT_BF16,ND;ND;ND,"1,8,128",DT_BF16,ND,377.40,attention_generation,1,128,8,4,128
dynamic,AI_CORE,"1,8,128;1,128,1024;1,128,1024",DT_BF16;DT_BF16;DT_BF16,ND;ND;ND,"1,8,128",DT_BF16,ND,373.61,attention_generation,1,128,8,8,128
dynamic,AI_CORE,"1,16,128;1,128,2048;1,128,2048",DT_BF16;DT_BF16;DT_BF16,ND;ND;ND,"1,16,128",DT_BF16,ND,374.66,attention_generation,1,128,16,0,128
dynamic,AI_CORE,"1,16,128;1,128,128;1,128,128",DT_BF16;DT_BF16;DT_BF16,ND;ND;ND,"1,16,128",DT_BF16,ND,374.74,attention_generation,1,128,16,1,128
dynamic,AI_CORE,"1,16,128;1,128,512;1,128,512",DT_BF16;DT_BF16;DT_BF16,ND;ND;ND,"1,16,128",DT_BF16,ND,382.26,attention_generation,1,128,16,4,128
dynamic,AI_CORE,"1,16,128;1,128,1024;1,128,1024",DT_BF16;DT_BF16;DT_BF16,ND;ND;ND,"1,16,128",DT_BF16,ND,374.32,attention_generation,1,128,16,8,128
dynamic,AI_CORE,"1,32,128;1,128,4096;1,128,4096",DT_BF16;DT_BF16;DT_BF16,ND;ND;ND,"1,32,128",DT_BF16,ND,663.50,attention_generation,1,128,32,0,128
dynamic,AI_CORE,"1,32,128;1,128,128;1,128,128",DT_BF16;DT_BF16;DT_BF16,ND;ND;ND,"1,32,128",DT_BF16,ND,372.67,attention_generation,1,128,32,1,128
dynamic,AI_CORE,"1,32,128;1,128,512;1,128,512",DT_BF16;DT_BF16;DT_BF16,ND;ND;ND,"1,32,128",DT_BF16,ND,370.81,attention_generation,1,128,32,4,128
dynamic,AI_CORE,"1,32,128;1,128,1024;1,128,1024",DT_BF16;DT_BF16;DT_BF16,ND;ND;ND,"1,32,128",DT_BF16,ND,371.50,attention_generation,1,128,32,8,128
dynamic,AI_CORE,"1,40,128;1,128,5120;1,128,5120",DT_BF16;DT_BF16;DT_BF16,ND;ND;ND,"1,40,128",DT_BF16,ND,371.34,attention_generation,1,128,40,0,128
dynamic,AI_CORE,"1,40,128;1,128,128;1,128,128",DT_BF16;DT_BF16;DT_BF16,ND;ND;ND,"1,40,128",DT_BF16,ND,372.56,attention_generation,1,128,40,1,128
dynamic,AI_CORE,"1,40,128;1,128,512;1,128,512",DT_BF16;DT_BF16;DT_BF16,ND;ND;ND,"1,40,128",DT_BF16,ND,370.94,attention_generation,1,128,40,4,128
dynamic,AI_CORE,"1,40,128;1,128,1024;1,128,1024",DT_BF16;DT_BF16;DT_BF16,ND;ND;ND,"1,40,128",DT_BF16,ND,398.06,attention_generation,1,128,40,8,128
dynamic,AI_CORE,"1,64,128;1,128,8192;1,128,8192",DT_BF16;DT_BF16;DT_BF16,ND;ND;ND,"1,64,128",DT_BF16,ND,372.29,attention_generation,1,128,64,0,128
dynamic,AI_CORE,"1,64,128;1,128,128;1,128,128",DT_BF16;DT_BF16;DT_BF16,ND;ND;ND,"1,64,128",DT_BF16,ND,378.22,attention_generation,1,128,64,1,128
dynamic,AI_CORE,"1,64,128;1,128,512;1,128,512",DT_BF16;DT_BF16;DT_BF16,ND;ND;ND,"1,64,128",DT_BF16,ND,372.55,attention_generation,1,128,64,4,128
dynamic,AI_CORE,"1,64,128;1,128,1024;1,128,1024",DT_BF16;DT_BF16;DT_BF16,ND;ND;ND,"1,64,128",DT_BF16,ND,368.91,attention_generation,1,128,64,8,128
dynamic,AI_CORE,"1,8,128;2,128,1024;2,128,1024",DT_BF16;DT_BF16;DT_BF16,ND;ND;ND,"1,8,128",DT_BF16,ND,368.46,attention_generation,1,256,8,0,128
dynamic,AI_CORE,"1,8,128;2,128,128;2,128,128",DT_BF16;DT_BF16;DT_BF16,ND;ND;ND,"1,8,128",DT_BF16,ND,370.68,attention_generation,1,256,8,1,128
dynamic,AI_CORE,"1,8,128;2,128,512;2,128,512",DT_BF16;DT_BF16;DT_BF16,ND;ND;ND,"1,8,128",DT_BF16,ND,371.47,attention_generation,1,256,8,4,128
dynamic,AI_CORE,"1,8,128;2,128,1024;2,128,1024",DT_BF16;DT_BF16;DT_BF16,ND;ND;ND,"1,8,128",DT_BF16,ND,370.73,attention_generation,1,256,8,8,128
dynamic,AI_CORE,"1,16,128;2,128,2048;2,128,2048",DT_BF16;DT_BF16;DT_BF16,ND;ND;ND,"1,16,128",DT_BF16,ND,372.80,attention_generation,1,256,16,0,128
dynamic,AI_CORE,"1,16,128;2,128,128;2,128,128",DT_BF16;DT_BF16;DT_BF16,ND;ND;ND,"1,16,128",DT_BF16,ND,370.87,attention_generation,1,256,16,1,128
dynamic,AI_CORE,"1,16,128;2,128,512;2,128,512",DT_BF16;DT_BF16;DT_BF16,ND;ND;ND,"1,16,128",DT_BF16,ND,369.61,attention_generation,1,256,16,4,128
dynamic,AI_CORE,"1,16,128;2,128,1024;2,128,1024",DT_BF16;DT_BF16;DT_BF16,ND;ND;ND,"1,16,128",DT_BF16,ND,373.17,attention_generation,1,256,16,8,128
dynamic,AI_CORE,"1,32,128;2,128,4096;2,128,4096",DT_BF16;DT_BF16;DT_BF16,ND;ND;ND,"1,32,128",DT_BF16,ND,369.58,attention_generation,1,256,32,0,128
dynamic,AI_CORE,"1,32,128;2,128,128;2,128,128",DT_BF16;DT_BF16;DT_BF16,ND;ND;ND,"1,32,128",DT_BF16,ND,369.15,attention_generation,1,256,32,1,128
dynamic,AI_CORE,"1,32,128;2,128,512;2,128,512",DT_BF16;DT_BF16;DT_BF16,ND;ND;ND,"1,32,128",DT_BF16,ND,369.02,attention_generation,1,256,32,4,128
dynamic,AI_CORE,"1,32,128;2,128,1024;2,128,1024",DT_BF16;DT_BF16;DT_BF16,ND;ND;ND,"1,32,128",DT_BF16,ND,368.70,attention_generation,1,256,32,8,128
dynamic,AI_CORE,"1,40,128;2,128,5120;2,128,5120",DT_BF16;DT_BF16;DT_BF16,ND;ND;ND,"1,40,128",DT_BF16,ND,367.85,attention_generation,1,256,40,0,128
dynamic,AI_CORE,"1,40,128;2,128,128;2,128,128",DT_BF16;DT_BF16;DT_BF16,ND;ND;ND,"1,40,128",DT_BF16,ND,368.39,attention_generation,1,256,40,1,128
dynamic,AI_CORE,"1,40,128;2,128,512;2,128,512",DT_BF16;DT_BF16;DT_BF16,ND;ND;ND,"1,40,128",DT_BF16,ND,475.01,attention_generation,1,256,40,4,128
dynamic,AI_CORE,"1,40,128;2,128,1024;2,128,1024",DT_BF16;DT_BF16;DT_BF16,ND;ND;ND,"1,40,128",DT_BF16,ND,428.06,attention_generation,1,256,40,8,128
dynamic,AI_CORE,"1,64,128;2,128,8192;2,128,8192",DT_BF16;DT_BF16;DT_BF16,ND;ND;ND,"1,64,128",DT_BF16,ND,456.70,attention_generation,1,256,64,0,128
dynamic,AI_CORE,"1,64,128;2,128,128;2,128,128",DT_BF16;DT_BF16;DT_BF16,ND;ND;ND,"1,64,128",DT_BF16,ND,430.27,attention_generation,1,256,64,1,128
dynamic,AI_CORE,"1,64,128;2,128,512;2,128,512",DT_BF16;DT_BF16;DT_BF16,ND;ND;ND,"1,64,128",DT_BF16,ND,401.67,attention_generation,1,256,64,4,128
dynamic,AI_CORE,"1,64,128;2,128,1024;2,128,1024",DT_BF16;DT_BF16;DT_BF16,ND;ND;ND,"1,64,128",DT_BF16,ND,391.57,attention_generation,1,256,64,8,128
dynamic,AI_CORE,"1,8,128;4,128,1024;4,128,1024",DT_BF16;DT_BF16;DT_BF16,ND;ND;ND,"1,8,128",DT_BF16,ND,384.37,attention_generation,1,512,8,0,128
dynamic,AI_CORE,"1,8,128;4,128,128;4,128,128",DT_BF16;DT_BF16;DT_BF16,ND;ND;ND,"1,8,128",DT_BF16,ND,453.08,attention_generation,1,512,8,1,128
dynamic,AI_CORE,"1,8,128;4,128,512;4,128,512",DT_BF16;DT_BF16;DT_BF16,ND;ND;ND,"1,8,128",DT_BF16,ND,399.55,attention_generation,1,512,8,4,128
dynamic,AI_CORE,"1,8,128;4,128,1024;4,128,1024",DT_BF16;DT_BF16;DT_BF16,ND;ND;ND,"1,8,128",DT_BF16,ND,387.59,attention_generation,1,512,8,8,128
dynamic,AI_CORE,"1,16,128;4,128,2048;4,128,2048",DT_BF16;DT_BF16;DT_BF16,ND;ND;ND,"1,16,128",DT_BF16,ND,361.43,attention_generation,1,512,16,0,128
dynamic,AI_CORE,"1,16,128;4,128,128;4,128,128",DT_BF16;DT_BF16;DT_BF16,ND;ND;ND,"1,16,128",DT_BF16,ND,364.38,attention_generation,1,512,16,1,128
dynamic,AI_CORE,"1,16,128;4,128,512;4,128,512",DT_BF16;DT_BF16;DT_BF16,ND;ND;ND,"1,16,128",DT_BF16,ND,427.41,attention_generation,1,512,16,4,128
dynamic,AI_CORE,"1,16,128;4,128,1024;4,128,1024",DT_BF16;DT_BF16;DT_BF16,ND;ND;ND,"1,16,128",DT_BF16,ND,428.16,attention_generation,1,512,16,8,128
dynamic,AI_CORE,"1,32,128;4,128,4096;4,128,4096",DT_BF16;DT_BF16;DT_BF16,ND;ND;ND,"1,32,128",DT_BF16,ND,459.65,attention_generation,1,512,32,0,128
dynamic,AI_CORE,"1,32,128;4,128,128;4,128,128",DT_BF16;DT_BF16;DT_BF16,ND;ND;ND,"1,32,128",DT_BF16,ND,428.26,attention_generation,1,512,32,1,128
dynamic,AI_CORE,"1,32,128;4,128,512;4,128,512",DT_BF16;DT_BF16;DT_BF16,ND;ND;ND,"1,32,128",DT_BF16,ND,406.18,attention_generation,1,512,32,4,128
dynamic,AI_CORE,"1,32,128;4,128,1024;4,128,1024",DT_BF16;DT_BF16;DT_BF16,ND;ND;ND,"1,32,128",DT_BF16,ND,400.47,attention_generation,1,512,32,8,128
dynamic,AI_CORE,"1,40,128;4,128,5120;4,128,5120",DT_BF16;DT_BF16;DT_BF16,ND;ND;ND,"1,40,128",DT_BF16,ND,375.98,attention_generation,1,512,40,0,128
dynamic,AI_CORE,"1,40,128;4,128,128;4,128,128",DT_BF16;DT_BF16;DT_BF16,ND;ND;ND,"1,40,128",DT_BF16,ND,373.43,attention_generation,1,512,40,1,128
dynamic,AI_CORE,"1,40,128;4,128,512;4,128,512",DT_BF16;DT_BF16;DT_BF16,ND;ND;ND,"1,40,128",DT_BF16,ND,368.46,attention_generation,1,512,40,4,128
dynamic,AI_CORE,"1,40,128;4,128,1024;4,128,1024",DT_BF16;DT_BF16;DT_BF16,ND;ND;ND,"1,40,128",DT_BF16,ND,369.90,attention_generation,1,512,40,8,128
dynamic,AI_CORE,"1,64,128;4,128,8192;4,128,8192",DT_BF16;DT_BF16;DT_BF16,ND;ND;ND,"1,64,128",DT_BF16,ND,366.68,attention_generation,1,512,64,0,128
dynamic,AI_CORE,"1,64,128;4,128,128;4,128,128",DT_BF16;DT_BF16;DT_BF16,ND;ND;ND,"1,64,128",DT_BF16,ND,364.98,attention_generation,1,512,64,1,128
dynamic,AI_CORE,"1,64,128;4,128,512;4,128,512",DT_BF16;DT_BF16;DT_BF16,ND;ND;ND,"1,64,128",DT_BF16,ND,365.61,attention_generation,1,512,64,4,128
dynamic,AI_CORE,"1,64,128;4,128,1024;4,128,1024",DT_BF16;DT_BF16;DT_BF16,ND;ND;ND,"1,64,128",DT_BF16,ND,365.98,attention_generation,1,512,64,8,128
dynamic,AI_CORE,"1,8,128;8,128,1024;8,128,1024",DT_BF16;DT_BF16;DT_BF16,ND;ND;ND,"1,8,128",DT_BF16,ND,363.11,attention_generation,1,1024,8,0,128
dynamic,AI_CORE,"1,8,128;8,128,128;8,128,128",DT_BF16;DT_BF16;DT_BF16,ND;ND;ND,"1,8,128",DT_BF16,ND,365.81,attention_generation,1,1024,8,1,128
dynamic,AI_CORE,"1,8,128;8,128,512;8,128,512",DT_BF16;DT_BF16;DT_BF16,ND;ND;ND,"1,8,128",DT_BF16,ND,364.65,attention_generation,1,1024,8,4,128
dynamic,AI_CORE,"1,8,128;8,128,1024;8,128,1024",DT_BF16;DT_BF16;DT_BF16,ND;ND;ND,"1,8,128",DT_BF16,ND,364.45,attention_generation,1,1024,8,8,128
dynamic,AI_CORE,"1,16,128;8,128,2048;8,128,2048",DT_BF16;DT_BF16;DT_BF16,ND;ND;ND,"1,16,128",DT_BF16,ND,364.12,attention_generation,1,1024,16,0,128
dynamic,AI_CORE,"1,16,128;8,128,128;8,128,128",DT_BF16;DT_BF16;DT_BF16,ND;ND;ND,"1,16,128",DT_BF16,ND,364.25,attention_generation,1,1024,16,1,128
dynamic,AI_CORE,"1,16,128;8,128,512;8,128,512",DT_BF16;DT_BF16;DT_BF16,ND;ND;ND,"1,16,128",DT_BF16,ND,364.27,attention_generation,1,1024,16,4,128
dynamic,AI_CORE,"1,16,128;8,128,1024;8,128,1024",DT_BF16;DT_BF16;DT_BF16,ND;ND;ND,"1,16,128",DT_BF16,ND,363.62,attention_generation,1,1024,16,8,128
dynamic,AI_CORE,"1,32,128;8,128,4096;8,128,4096",DT_BF16;DT_BF16;DT_BF16,ND;ND;ND,"1,32,128",DT_BF16,ND,363.71,attention_generation,1,1024,32,0,128
dynamic,AI_CORE,"1,32,128;8,128,128;8,128,128",DT_BF16;DT_BF16;DT_BF16,ND;ND;ND,"1,32,128",DT_BF16,ND,361.09,attention_generation,1,1024,32,1,128
dynamic,AI_CORE,"1,32,128;8,128,512;8,128,512",DT_BF16;DT_BF16;DT_BF16,ND;ND;ND,"1,32,128",DT_BF16,ND,361.81,attention_generation,1,1024,32,4,128
dynamic,AI_CORE,"1,32,128;8,128,1024;8,128,1024",DT_BF16;DT_BF16;DT_BF16,ND;ND;ND,"1,32,128",DT_BF16,ND,367.23,attention_generation,1,1024,32,8,128
dynamic,AI_CORE,"1,40,128;8,128,5120;8,128,5120",DT_BF16;DT_BF16;DT_BF16,ND;ND;ND,"1,40,128",DT_BF16,ND,367.04,attention_generation,1,1024,40,0,128
dynamic,AI_CORE,"1,40,128;8,128,128;8,128,128",DT_BF16;DT_BF16;DT_BF16,ND;ND;ND,"1,40,128",DT_BF16,ND,362.29,attention_generation,1,1024,40,1,128
dynamic,AI_CORE,"1,40,128;8,128,512;8,128,512",DT_BF16;DT_BF16;DT_BF16,ND;ND;ND,"1,40,128",DT_BF16,ND,362.11,attention_generation,1,1024,40,4,128
dynamic,AI_CORE,"1,40,128;8,128,1024;8,128,1024",DT_BF16;DT_BF16;DT_BF16,ND;ND;ND,"1,40,128",DT_BF16,ND,360.98,attention_generation,1,1024,40,8,128
dynamic,AI_CORE,"1,64,128;8,128,8192;8,128,8192",DT_BF16;DT_BF16;DT_BF16,ND;ND;ND,"1,64,128",DT_BF16,ND,364.71,attention_generation,1,1024,64,0,128
dynamic,AI_CORE,"1,64,128;8,128,128;8,128,128",DT_BF16;DT_BF16;DT_BF16,ND;ND;ND,"1,64,128",DT_BF16,ND,365.19,attention_generation,1,1024,64,1,128
dynamic,AI_CORE,"1,64,128;8,128,512;8,128,512",DT_BF16;DT_BF16;DT_BF16,ND;ND;ND,"1,64,128",DT_BF16,ND,356.95,attention_generation,1,1024,64,4,128
dynamic,AI_CORE,"1,64,128;8,128,1024;8,128,1024",DT_BF16;DT_BF16;DT_BF16,ND;ND;ND,"1,64,128",DT_BF16,ND,358.06,attention_generation,1,1024,64,8,128
dynamic,AI_CORE,"1,8,128;16,128,1024;16,128,1024",DT_BF16;DT_BF16;DT_BF16,ND;ND;ND,"1,8,128",DT_BF16,ND,359.90,attention_generation,1,2048,8,0,128
dynamic,AI_CORE,"1,8,128;16,128,128;16,128,128",DT_BF16;DT_BF16;DT_BF16,ND;ND;ND,"1,8,128",DT_BF16,ND,359.83,attention_generation,1,2048,8,1,128
dynamic,AI_CORE,"1,8,128;16,128,512;16,128,512",DT_BF16;DT_BF16;DT_BF16,ND;ND;ND,"1,8,128",DT_BF16,ND,361.37,attention_generation,1,2048,8,4,128
dynamic,AI_CORE,"1,8,128;16,128,1024;16,128,1024",DT_BF16;DT_BF16;DT_BF16,ND;ND;ND,"1,8,128",DT_BF16,ND,360.69,attention_generation,1,2048,8,8,128
dynamic,AI_CORE,"1,16,128;16,128,2048;16,128,2048",DT_BF16;DT_BF16;DT_BF16,ND;ND;ND,"1,16,128",DT_BF16,ND,361.29,attention_generation,1,2048,16,0,128
dynamic,AI_CORE,"1,16,128;16,128,128;16,128,128",DT_BF16;DT_BF16;DT_BF16,ND;ND;ND,"1,16,128",DT_BF16,ND,365.29,attention_generation,1,2048,16,1,128
dynamic,AI_CORE,"1,16,128;16,128,512;16,128,512",DT_BF16;DT_BF16;DT_BF16,ND;ND;ND,"1,16,128",DT_BF16,ND,355.10,attention_generation,1,2048,16,4,128
dynamic,AI_CORE,"1,16,128;16,128,1024;16,128,1024",DT_BF16;DT_BF16;DT_BF16,ND;ND;ND,"1,16,128",DT_BF16,ND,357.27,attention_generation,1,2048,16,8,128
dynamic,AI_CORE,"1,32,128;16,128,4096;16,128,4096",DT_BF16;DT_BF16;DT_BF16,ND;ND;ND,"1,32,128",DT_BF16,ND,356.71,attention_generation,1,2048,32,0,128
dynamic,AI_CORE,"1,32,128;16,128,128;16,128,128",DT_BF16;DT_BF16;DT_BF16,ND;ND;ND,"1,32,128",DT_BF16,ND,361.47,attention_generation,1,2048,32,1,128
dynamic,AI_CORE,"1,32,128;16,128,512;16,128,512",DT_BF16;DT_BF16;DT_BF16,ND;ND;ND,"1,32,128",DT_BF16,ND,361.45,attention_generation,1,2048,32,4,128
dynamic,AI_CORE,"1,32,128;16,128,1024;16,128,1024",DT_BF16;DT_BF16;DT_BF16,ND;ND;ND,"1,32,128",DT_BF16,ND,372.45,attention_generation,1,2048,32,8,128
dynamic,AI_CORE,"1,40,128;16,128,5120;16,128,5120",DT_BF16;DT_BF16;DT_BF16,ND;ND;ND,"1,40,128",DT_BF16,ND,381.13,attention_generation,1,2048,40,0,128
dynamic,AI_CORE,"1,40,128;16,128,128;16,128,128",DT_BF16;DT_BF16;DT_BF16,ND;ND;ND,"1,40,128",DT_BF16,ND,360.66,attention_generation,1,2048,40,1,128
dynamic,AI_CORE,"1,40,128;16,128,512;16,128,512",DT_BF16;DT_BF16;DT_BF16,ND;ND;ND,"1,40,128",DT_BF16,ND,354.16,attention_generation,1,2048,40,4,128
dynamic,AI_CORE,"1,40,128;16,128,1024;16,128,1024",DT_BF16;DT_BF16;DT_BF16,ND;ND;ND,"1,40,128",DT_BF16,ND,353.85,attention_generation,1,2048,40,8,128
dynamic,AI_CORE,"1,64,128;16,128,8192;16,128,8192",DT_BF16;DT_BF16;DT_BF16,ND;ND;ND,"1,64,128",DT_BF16,ND,354.40,attention_generation,1,2048,64,0,128
dynamic,AI_CORE,"1,64,128;16,128,128;16,128,128",DT_BF16;DT_BF16;DT_BF16,ND;ND;ND,"1,64,128",DT_BF16,ND,356.95,attention_generation,1,2048,64,1,128
dynamic,AI_CORE,"1,64,128;16,128,512;16,128,512",DT_BF16;DT_BF16;DT_BF16,ND;ND;ND,"1,64,128",DT_BF16,ND,357.82,attention_generation,1,2048,64,4,128
dynamic,AI_CORE,"1,64,128;16,128,1024;16,128,1024",DT_BF16;DT_BF16;DT_BF16,ND;ND;ND,"1,64,128",DT_BF16,ND,357.59,attention_generation,1,2048,64,8,128
dynamic,AI_CORE,"1,8,128;32,128,1024;32,128,1024",DT_BF16;DT_BF16;DT_BF16,ND;ND;ND,"1,8,128",DT_BF16,ND,356.85,attention_generation,1,4096,8,0,128
dynamic,AI_CORE,"1,8,128;32,128,128;32,128,128",DT_BF16;DT_BF16;DT_BF16,ND;ND;ND,"1,8,128",DT_BF16,ND,361.56,attention_generation,1,4096,8,1,128
dynamic,AI_CORE,"1,8,128;32,128,512;32,128,512",DT_BF16;DT_BF16;DT_BF16,ND;ND;ND,"1,8,128",DT_BF16,ND,353.36,attention_generation,1,4096,8,4,128
dynamic,AI_CORE,"1,8,128;32,128,1024;32,128,1024",DT_BF16;DT_BF16;DT_BF16,ND;ND;ND,"1,8,128",DT_BF16,ND,351.35,attention_generation,1,4096,8,8,128
dynamic,AI_CORE,"1,16,128;32,128,2048;32,128,2048",DT_BF16;DT_BF16;DT_BF16,ND;ND;ND,"1,16,128",DT_BF16,ND,352.75,attention_generation,1,4096,16,0,128
dynamic,AI_CORE,"1,16,128;32,128,128;32,128,128",DT_BF16;DT_BF16;DT_BF16,ND;ND;ND,"1,16,128",DT_BF16,ND,360.35,attention_generation,1,4096,16,1,128
dynamic,AI_CORE,"1,16,128;32,128,512;32,128,512",DT_BF16;DT_BF16;DT_BF16,ND;ND;ND,"1,16,128",DT_BF16,ND,371.35,attention_generation,1,4096,16,4,128
dynamic,AI_CORE,"1,16,128;32,128,1024;32,128,1024",DT_BF16;DT_BF16;DT_BF16,ND;ND;ND,"1,16,128",DT_BF16,ND,371.47,attention_generation,1,4096,16,8,128
dynamic,AI_CORE,"1,32,128;32,128,4096;32,128,4096",DT_BF16;DT_BF16;DT_BF16,ND;ND;ND,"1,32,128",DT_BF16,ND,359.34,attention_generation,1,4096,32,0,128
dynamic,AI_CORE,"1,32,128;32,128,128;32,128,128",DT_BF16;DT_BF16;DT_BF16,ND;ND;ND,"1,32,128",DT_BF16,ND,361.65,attention_generation,1,4096,32,1,128
dynamic,AI_CORE,"1,32,128;32,128,512;32,128,512",DT_BF16;DT_BF16;DT_BF16,ND;ND;ND,"1,32,128",DT_BF16,ND,363.34,attention_generation,1,4096,32,4,128
dynamic,AI_CORE,"1,32,128;32,128,1024;32,128,1024",DT_BF16;DT_BF16;DT_BF16,ND;ND;ND,"1,32,128",DT_BF16,ND,376.94,attention_generation,1,4096,32,8,128
dynamic,AI_CORE,"1,40,128;32,128,5120;32,128,5120",DT_BF16;DT_BF16;DT_BF16,ND;ND;ND,"1,40,128",DT_BF16,ND,414.76,attention_generation,1,4096,40,0,128
dynamic,AI_CORE,"1,40,128;32,128,128;32,128,128",DT_BF16;DT_BF16;DT_BF16,ND;ND;ND,"1,40,128",DT_BF16,ND,418.23,attention_generation,1,4096,40,1,128
dynamic,AI_CORE,"1,40,128;32,128,512;32,128,512",DT_BF16;DT_BF16;DT_BF16,ND;ND;ND,"1,40,128",DT_BF16,ND,416.02,attention_generation,1,4096,40,4,128
dynamic,AI_CORE,"1,40,128;32,128,1024;32,128,1024",DT_BF16;DT_BF16;DT_BF16,ND;ND;ND,"1,40,128",DT_BF16,ND,414.03,attention_generation,1,4096,40,8,128
dynamic,AI_CORE,"1,64,128;32,128,8192;32,128,8192",DT_BF16;DT_BF16;DT_BF16,ND;ND;ND,"1,64,128",DT_BF16,ND,409.04,attention_generation,1,4096,64,0,128
dynamic,AI_CORE,"1,64,128;32,128,128;32,128,128",DT_BF16;DT_BF16;DT_BF16,ND;ND;ND,"1,64,128",DT_BF16,ND,429.56,attention_generation,1,4096,64,1,128
dynamic,AI_CORE,"1,64,128;32,128,512;32,128,512",DT_BF16;DT_BF16;DT_BF16,ND;ND;ND,"1,64,128",DT_BF16,ND,403.45,attention_generation,1,4096,64,4,128
dynamic,AI_CORE,"1,64,128;32,128,1024;32,128,1024",DT_BF16;DT_BF16;DT_BF16,ND;ND;ND,"1,64,128",DT_BF16,ND,401.72,attention_generation,1,4096,64,8,128
dynamic,AI_CORE,"1,8,128;64,128,1024;64,128,1024",DT_BF16;DT_BF16;DT_BF16,ND;ND;ND,"1,8,128",DT_BF16,ND,419.50,attention_generation,1,8192,8,0,128
dynamic,AI_CORE,"1,8,128;64,128,128;64,128,128",DT_BF16;DT_BF16;DT_BF16,ND;ND;ND,"1,8,128",DT_BF16,ND,397.32,attention_generation,1,8192,8,1,128
dynamic,AI_CORE,"1,8,128;64,128,512;64,128,512",DT_BF16;DT_BF16;DT_BF16,ND;ND;ND,"1,8,128",DT_BF16,ND,395.03,attention_generation,1,8192,8,4,128
dynamic,AI_CORE,"1,8,128;64,128,1024;64,128,1024",DT_BF16;DT_BF16;DT_BF16,ND;ND;ND,"1,8,128",DT_BF16,ND,394.38,attention_generation,1,8192,8,8,128
dynamic,AI_CORE,"1,16,128;64,128,2048;64,128,2048",DT_BF16;DT_BF16;DT_BF16,ND;ND;ND,"1,16,128",DT_BF16,ND,392.18,attention_generation,1,8192,16,0,128
dynamic,AI_CORE,"1,16,128;64,128,128;64,128,128",DT_BF16;DT_BF16;DT_BF16,ND;ND;ND,"1,16,128",DT_BF16,ND,379.39,attention_generation,1,8192,16,1,128
dynamic,AI_CORE,"1,16,128;64,128,512;64,128,512",DT_BF16;DT_BF16;DT_BF16,ND;ND;ND,"1,16,128",DT_BF16,ND,389.85,attention_generation,1,8192,16,4,128
dynamic,AI_CORE,"1,16,128;64,128,1024;64,128,1024",DT_BF16;DT_BF16;DT_BF16,ND;ND;ND,"1,16,128",DT_BF16,ND,389.29,attention_generation,1,8192,16,8,128
dynamic,AI_CORE,"1,32,128;64,128,4096;64,128,4096",DT_BF16;DT_BF16;DT_BF16,ND;ND;ND,"1,32,128",DT_BF16,ND,390.40,attention_generation,1,8192,32,0,128
dynamic,AI_CORE,"1,32,128;64,128,128;64,128,128",DT_BF16;DT_BF16;DT_BF16,ND;ND;ND,"1,32,128",DT_BF16,ND,390.20,attention_generation,1,8192,32,1,128
dynamic,AI_CORE,"1,32,128;64,128,512;64,128,512",DT_BF16;DT_BF16;DT_BF16,ND;ND;ND,"1,32,128",DT_BF16,ND,391.00,attention_generation,1,8192,32,4,128
dynamic,AI_CORE,"1,32,128;64,128,1024;64,128,1024",DT_BF16;DT_BF16;DT_BF16,ND;ND;ND,"1,32,128",DT_BF16,ND,389.04,attention_generation,1,8192,32,8,128
dynamic,AI_CORE,"1,40,128;64,128,5120;64,128,5120",DT_BF16;DT_BF16;DT_BF16,ND;ND;ND,"1,40,128",DT_BF16,ND,395.14,attention_generation,1,8192,40,0,128
dynamic,AI_CORE,"1,40,128;64,128,128;64,128,128",DT_BF16;DT_BF16;DT_BF16,ND;ND;ND,"1,40,128",DT_BF16,ND,391.47,attention_generation,1,8192,40,1,128
dynamic,AI_CORE,"1,40,128;64,128,512;64,128,512",DT_BF16;DT_BF16;DT_BF16,ND;ND;ND,"1,40,128",DT_BF16,ND,418.33,attention_generation,1,8192,40,4,128
dynamic,AI_CORE,"1,40,128;64,128,1024;64,128,1024",DT_BF16;DT_BF16;DT_BF16,ND;ND;ND,"1,40,128",DT_BF16,ND,377.64,attention_generation,1,8192,40,8,128
dynamic,AI_CORE,"1,64,128;64,128,8192;64,128,8192",DT_BF16;DT_BF16;DT_BF16,ND;ND;ND,"1,64,128",DT_BF16,ND,346.55,attention_generation,1,8192,64,0,128
dynamic,AI_CORE,"1,64,128;64,128,128;64,128,128",DT_BF16;DT_BF16;DT_BF16,ND;ND;ND,"1,64,128",DT_BF16,ND,350.78,attention_generation,1,8192,64,1,128
dynamic,AI_CORE,"1,64,128;64,128,512;64,128,512",DT_BF16;DT_BF16;DT_BF16,ND;ND;ND,"1,64,128",DT_BF16,ND,359.67,attention_generation,1,8192,64,4,128
dynamic,AI_CORE,"1,64,128;64,128,1024;64,128,1024",DT_BF16;DT_BF16;DT_BF16,ND;ND;ND,"1,64,128",DT_BF16,ND,368.58,attention_generation,1,8192,64,8,128
dynamic,AI_CORE,"1,8,128;128,128,1024;128,128,1024",DT_BF16;DT_BF16;DT_BF16,ND;ND;ND,"1,8,128",DT_BF16,ND,375.63,attention_generation,1,16384,8,0,128
dynamic,AI_CORE,"1,8,128;128,128,128;128,128,128",DT_BF16;DT_BF16;DT_BF16,ND;ND;ND,"1,8,128",DT_BF16,ND,382.30,attention_generation,1,16384,8,1,128
dynamic,AI_CORE,"1,8,128;128,128,512;128,128,512",DT_BF16;DT_BF16;DT_BF16,ND;ND;ND,"1,8,128",DT_BF16,ND,372.84,attention_generation,1,16384,8,4,128
dynamic,AI_CORE,"1,8,128;128,128,1024;128,128,1024",DT_BF16;DT_BF16;DT_BF16,ND;ND;ND,"1,8,128",DT_BF16,ND,381.95,attention_generation,1,16384,8,8,128
dynamic,AI_CORE,"1,16,128;128,128,2048;128,128,2048",DT_BF16;DT_BF16;DT_BF16,ND;ND;ND,"1,16,128",DT_BF16,ND,354.72,attention_generation,1,16384,16,0,128
dynamic,AI_CORE,"1,16,128;128,128,128;128,128,128",DT_BF16;DT_BF16;DT_BF16,ND;ND;ND,"1,16,128",DT_BF16,ND,356.65,attention_generation,1,16384,16,1,128
dynamic,AI_CORE,"1,16,128;128,128,512;128,128,512",DT_BF16;DT_BF16;DT_BF16,ND;ND;ND,"1,16,128",DT_BF16,ND,427.27,attention_generation,1,16384,16,4,128
dynamic,AI_CORE,"1,16,128;128,128,1024;128,128,1024",DT_BF16;DT_BF16;DT_BF16,ND;ND;ND,"1,16,128",DT_BF16,ND,428.89,attention_generation,1,16384,16,8,128
dynamic,AI_CORE,"1,32,128;128,128,4096;128,128,4096",DT_BF16;DT_BF16;DT_BF16,ND;ND;ND,"1,32,128",DT_BF16,ND,431.74,attention_generation,1,16384,32,0,128
dynamic,AI_CORE,"1,32,128;128,128,128;128,128,128",DT_BF16;DT_BF16;DT_BF16,ND;ND;ND,"1,32,128",DT_BF16,ND,427.84,attention_generation,1,16384,32,1,128
dynamic,AI_CORE,"1,32,128;128,128,512;128,128,512",DT_BF16;DT_BF16;DT_BF16,ND;ND;ND,"1,32,128",DT_BF16,ND,427.58,attention_generation,1,16384,32,4,128
dynamic,AI_CORE,"1,32,128;128,128,1024;128,128,1024",DT_BF16;DT_BF16;DT_BF16,ND;ND;ND,"1,32,128",DT_BF16,ND,427.15,attention_generation,1,16384,32,8,128
dynamic,AI_CORE,"1,40,128;128,128,5120;128,128,5120",DT_BF16;DT_BF16;DT_BF16,ND;ND;ND,"1,40,128",DT_BF16,ND,426.12,attention_generation,1,16384,40,0,128
dynamic,AI_CORE,"1,40,128;128,128,128;128,128,128",DT_BF16;DT_BF16;DT_BF16,ND;ND;ND,"1,40,128",DT_BF16,ND,427.39,attention_generation,1,16384,40,1,128
dynamic,AI_CORE,"1,40,128;128,128,512;128,128,512",DT_BF16;DT_BF16;DT_BF16,ND;ND;ND,"1,40,128",DT_BF16,ND,428.05,attention_generation,1,16384,40,4,128
dynamic,AI_CORE,"1,40,128;128,128,1024;128,128,1024",DT_BF16;DT_BF16;DT_BF16,ND;ND;ND,"1,40,128",DT_BF16,ND,427.47,attention_generation,1,16384,40,8,128
dynamic,AI_CORE,"1,64,128;128,128,8192;128,128,8192",DT_BF16;DT_BF16;DT_BF16,ND;ND;ND,"1,64,128",DT_BF16,ND,484.97,attention_generation,1,16384,64,0,128
dynamic,AI_CORE,"1,64,128;128,128,128;128,128,128",DT_BF16;DT_BF16;DT_BF16,ND;ND;ND,"1,64,128",DT_BF16,ND,426.28,attention_generation,1,16384,64,1,128
dynamic,AI_CORE,"1,64,128;128,128,512;128,128,512",DT_BF16;DT_BF16;DT_BF16,ND;ND;ND,"1,64,128",DT_BF16,ND,423.61,attention_generation,1,16384,64,4,128
dynamic,AI_CORE,"1,64,128;128,128,1024;128,128,1024",DT_BF16;DT_BF16;DT_BF16,ND;ND;ND,"1,64,128",DT_BF16,ND,424.22,attention_generation,1,16384,64,8,128
dynamic,AI_CORE,"2,8,128;2,128,1024;2,128,1024",DT_BF16;DT_BF16;DT_BF16,ND;ND;ND,"2,8,128",DT_BF16,ND,423.85,attention_generation,2,128,8,0,128
dynamic,AI_CORE,"2,8,128;2,128,128;2,128,128",DT_BF16;DT_BF16;DT_BF16,ND;ND;ND,"2,8,128",DT_BF16,ND,425.05,attention_generation,2,128,8,1,128
dynamic,AI_CORE,"2,8,128;2,128,512;2,128,512",DT_BF16;DT_BF16;DT_BF16,ND;ND;ND,"2,8,128",DT_BF16,ND,425.60,attention_generation,2,128,8,4,128
dynamic,AI_CORE,"2,8,128;2,128,1024;2,128,1024",DT_BF16;DT_BF16;DT_BF16,ND;ND;ND,"2,8,128",DT_BF16,ND,423.40,attention_generation,2,128,8,8,128
dynamic,AI_CORE,"2,16,128;2,128,2048;2,128,2048",DT_BF16;DT_BF16;DT_BF16,ND;ND;ND,"2,16,128",DT_BF16,ND,672.38,attention_generation,2,128,16,0,128
dynamic,AI_CORE,"2,16,128;2,128,128;2,128,128",DT_BF16;DT_BF16;DT_BF16,ND;ND;ND,"2,16,128",DT_BF16,ND,425.87,attention_generation,2,128,16,1,128
dynamic,AI_CORE,"2,16,128;2,128,512;2,128,512",DT_BF16;DT_BF16;DT_BF16,ND;ND;ND,"2,16,128",DT_BF16,ND,424.41,attention_generation,2,128,16,4,128
dynamic,AI_CORE,"2,16,128;2,128,1024;2,128,1024",DT_BF16;DT_BF16;DT_BF16,ND;ND;ND,"2,16,128",DT_BF16,ND,424.63,attention_generation,2,128,16,8,128
dynamic,AI_CORE,"2,32,128;2,128,4096;2,128,4096",DT_BF16;DT_BF16;DT_BF16,ND;ND;ND,"2,32,128",DT_BF16,ND,426.27,attention_generation,2,128,32,0,128
dynamic,AI_CORE,"2,32,128;2,128,128;2,128,128",DT_BF16;DT_BF16;DT_BF16,ND;ND;ND,"2,32,128",DT_BF16,ND,423.30,attention_generation,2,128,32,1,128
dynamic,AI_CORE,"2,32,128;2,128,512;2,128,512",DT_BF16;DT_BF16;DT_BF16,ND;ND;ND,"2,32,128",DT_BF16,ND,423.42,attention_generation,2,128,32,4,128
dynamic,AI_CORE,"2,32,128;2,128,1024;2,128,1024",DT_BF16;DT_BF16;DT_BF16,ND;ND;ND,"2,32,128",DT_BF16,ND,423.66,attention_generation,2,128,32,8,128
dynamic,AI_CORE,"2,40,128;2,128,5120;2,128,5120",DT_BF16;DT_BF16;DT_BF16,ND;ND;ND,"2,40,128",DT_BF16,ND,425.49,attention_generation,2,128,40,0,128
dynamic,AI_CORE,"2,40,128;2,128,128;2,128,128",DT_BF16;DT_BF16;DT_BF16,ND;ND;ND,"2,40,128",DT_BF16,ND,425.61,attention_generation,2,128,40,1,128
dynamic,AI_CORE,"2,40,128;2,128,512;2,128,512",DT_BF16;DT_BF16;DT_BF16,ND;ND;ND,"2,40,128",DT_BF16,ND,431.25,attention_generation,2,128,40,4,128
dynamic,AI_CORE,"2,40,128;2,128,1024;2,128,1024",DT_BF16;DT_BF16;DT_BF16,ND;ND;ND,"2,40,128",DT_BF16,ND,432.00,attention_generation,2,128,40,8,128
dynamic,AI_CORE,"2,64,128;2,128,8192;2,128,8192",DT_BF16;DT_BF16;DT_BF16,ND;ND;ND,"2,64,128",DT_BF16,ND,430.26,attention_generation,2,128,64,0,128
dynamic,AI_CORE,"2,64,128;2,128,128;2,128,128",DT_BF16;DT_BF16;DT_BF16,ND;ND;ND,"2,64,128",DT_BF16,ND,439.13,attention_generation,2,128,64,1,128
dynamic,AI_CORE,"2,64,128;2,128,512;2,128,512",DT_BF16;DT_BF16;DT_BF16,ND;ND;ND,"2,64,128",DT_BF16,ND,429.42,attention_generation,2,128,64,4,128
dynamic,AI_CORE,"2,64,128;2,128,1024;2,128,1024",DT_BF16;DT_BF16;DT_BF16,ND;ND;ND,"2,64,128",DT_BF16,ND,428.53,attention_generation,2,128,64,8,128
dynamic,AI_CORE,"2,8,128;4,128,1024;4,128,1024",DT_BF16;DT_BF16;DT_BF16,ND;ND;ND,"2,8,128",DT_BF16,ND,425.54,attention_generation,2,256,8,0,128
dynamic,AI_CORE,"2,8,128;4,128,128;4,128,128",DT_BF16;DT_BF16;DT_BF16,ND;ND;ND,"2,8,128",DT_BF16,ND,425.97,attention_generation,2,256,8,1,128
dynamic,AI_CORE,"2,8,128;4,128,512;4,128,512",DT_BF16;DT_BF16;DT_BF16,ND;ND;ND,"2,8,128",DT_BF16,ND,424.66,attention_generation,2,256,8,4,128
dynamic,AI_CORE,"2,8,128;4,128,1024;4,128,1024",DT_BF16;DT_BF16;DT_BF16,ND;ND;ND,"2,8,128",DT_BF16,ND,422.60,attention_generation,2,256,8,8,128
dynamic,AI_CORE,"2,16,128;4,128,2048;4,128,2048",DT_BF16;DT_BF16;DT_BF16,ND;ND;ND,"2,16,128",DT_BF16,ND,427.42,attention_generation,2,256,16,0,128
dynamic,AI_CORE,"2,16,128;4,128,128;4,128,128",DT_BF16;DT_BF16;DT_BF16,ND;ND;ND,"2,16,128",DT_BF16,ND,433.19,attention_generation,2,256,16,1,128
dynamic,AI_CORE,"2,16,128;4,128,512;4,128,512",DT_BF16;DT_BF16;DT_BF16,ND;ND;ND,"2,16,128",DT_BF16,ND,430.09,attention_generation,2,256,16,4,128
dynamic,AI_CORE,"2,16,128;4,128,1024;4,128,1024",DT_BF16;DT_BF16;DT_BF16,ND;ND;ND,"2,16,128",DT_BF16,ND,428.06,attention_generation,2,256,16,8,128
dynamic,AI_CORE,"2,32,128;4,128,4096;4,128,4096",DT_BF16;DT_BF16;DT_BF16,ND;ND;ND,"2,32,128",DT_BF16,ND,428.17,attention_generation,2,256,32,0,128
dynamic,AI_CORE,"2,32,128;4,128,128;4,128,128",DT_BF16;DT_BF16;DT_BF16,ND;ND;ND,"2,32,128",DT_BF16,ND,426.92,attention_generation,2,256,32,1,128
dynamic,AI_CORE,"2,32,128;4,128,512;4,128,512",DT_BF16;DT_BF16;DT_BF16,ND;ND;ND,"2,32,128",DT_BF16,ND,431.71,attention_generation,2,256,32,4,128
dynamic,AI_CORE,"2,32,128;4,128,1024;4,128,1024",DT_BF16;DT_BF16;DT_BF16,ND;ND;ND,"2,32,128",DT_BF16,ND,428.84,attention_generation,2,256,32,8,128
dynamic,AI_CORE,"2,40,128;4,128,5120;4,128,5120",DT_BF16;DT_BF16;DT_BF16,ND;ND;ND,"2,40,128",DT_BF16,ND,429.72,attention_generation,2,256,40,0,128
dynamic,AI_CORE,"2,40,128;4,128,128;4,128,128",DT_BF16;DT_BF16;DT_BF16,ND;ND;ND,"2,40,128",DT_BF16,ND,442.92,attention_generation,2,256,40,1,128
dynamic,AI_CORE,"2,40,128;4,128,512;4,128,512",DT_BF16;DT_BF16;DT_BF16,ND;ND;ND,"2,40,128",DT_BF16,ND,438.58,attention_generation,2,256,40,4,128
dynamic,AI_CORE,"2,40,128;4,128,1024;4,128,1024",DT_BF16;DT_BF16;DT_BF16,ND;ND;ND,"2,40,128",DT_BF16,ND,430.83,attention_generation,2,256,40,8,128
dynamic,AI_CORE,"2,64,128;4,128,8192;4,128,8192",DT_BF16;DT_BF16;DT_BF16,ND;ND;ND,"2,64,128",DT_BF16,ND,428.88,attention_generation,2,256,64,0,128
dynamic,AI_CORE,"2,64,128;4,128,128;4,128,128",DT_BF16;DT_BF16;DT_BF16,ND;ND;ND,"2,64,128",DT_BF16,ND,428.53,attention_generation,2,256,64,1,128
dynamic,AI_CORE,"2,64,128;4,128,512;4,128,512",DT_BF16;DT_BF16;DT_BF16,ND;ND;ND,"2,64,128",DT_BF16,ND,428.81,attention_generation,2,256,64,4,128
dynamic,AI_CORE,"2,64,128;4,128,1024;4,128,1024",DT_BF16;DT_BF16;DT_BF16,ND;ND;ND,"2,64,128",DT_BF16,ND,428.65,attention_generation,2,256,64,8,128
dynamic,AI_CORE,"2,8,128;8,128,1024;8,128,1024",DT_BF16;DT_BF16;DT_BF16,ND;ND;ND,"2,8,128",DT_BF16,ND,427.66,attention_generation,2,512,8,0,128
dynamic,AI_CORE,"2,8,128;8,128,128;8,128,128",DT_BF16;DT_BF16;DT_BF16,ND;ND;ND,"2,8,128",DT_BF16,ND,428.92,attention_generation,2,512,8,1,128
dynamic,AI_CORE,"2,8,128;8,128,512;8,128,512",DT_BF16;DT_BF16;DT_BF16,ND;ND;ND,"2,8,128",DT_BF16,ND,426.10,attention_generation,2,512,8,4,128
dynamic,AI_CORE,"2,8,128;8,128,1024;8,128,1024",DT_BF16;DT_BF16;DT_BF16,ND;ND;ND,"2,8,128",DT_BF16,ND,428.66,attention_generation,2,512,8,8,128
dynamic,AI_CORE,"2,16,128;8,128,2048;8,128,2048",DT_BF16;DT_BF16;DT_BF16,ND;ND;ND,"2,16,128",DT_BF16,ND,424.91,attention_generation,2,512,16,0,128
dynamic,AI_CORE,"2,16,128;8,128,128;8,128,128",DT_BF16;DT_BF16;DT_BF16,ND;ND;ND,"2,16,128",DT_BF16,ND,426.76,attention_generation,2,512,16,1,128
dynamic,AI_CORE,"2,16,128;8,128,512;8,128,512",DT_BF16;DT_BF16;DT_BF16,ND;ND;ND,"2,16,128",DT_BF16,ND,425.08,attention_generation,2,512,16,4,128
dynamic,AI_CORE,"2,16,128;8,128,1024;8,128,1024",DT_BF16;DT_BF16;DT_BF16,ND;ND;ND,"2,16,128",DT_BF16,ND,424.63,attention_generation,2,512,16,8,128
dynamic,AI_CORE,"2,32,128;8,128,4096;8,128,4096",DT_BF16;DT_BF16;DT_BF16,ND;ND;ND,"2,32,128",DT_BF16,ND,423.97,attention_generation,2,512,32,0,128
dynamic,AI_CORE,"2,32,128;8,128,128;8,128,128",DT_BF16;DT_BF16;DT_BF16,ND;ND;ND,"2,32,128",DT_BF16,ND,424.71,attention_generation,2,512,32,1,128
dynamic,AI_CORE,"2,32,128;8,128,512;8,128,512",DT_BF16;DT_BF16;DT_BF16,ND;ND;ND,"2,32,128",DT_BF16,ND,424.18,attention_generation,2,512,32,4,128
dynamic,AI_CORE,"2,32,128;8,128,1024;8,128,1024",DT_BF16;DT_BF16;DT_BF16,ND;ND;ND,"2,32,128",DT_BF16,ND,428.33,attention_generation,2,512,32,8,128
dynamic,AI_CORE,"2,40,128;8,128,5120;8,128,5120",DT_BF16;DT_BF16;DT_BF16,ND;ND;ND,"2,40,128",DT_BF16,ND,426.62,attention_generation,2,512,40,0,128
dynamic,AI_CORE,"2,40,128;8,128,128;8,128,128",DT_BF16;DT_BF16;DT_BF16,ND;ND;ND,"2,40,128",DT_BF16,ND,425.03,attention_generation,2,512,40,1,128
dynamic,AI_CORE,"2,40,128;8,128,512;8,128,512",DT_BF16;DT_BF16;DT_BF16,ND;ND;ND,"2,40,128",DT_BF16,ND,423.60,attention_generation,2,512,40,4,128
dynamic,AI_CORE,"2,40,128;8,128,1024;8,128,1024",DT_BF16;DT_BF16;DT_BF16,ND;ND;ND,"2,40,128",DT_BF16,ND,423.96,attention_generation,2,512,40,8,128
dynamic,AI_CORE,"2,64,128;8,128,8192;8,128,8192",DT_BF16;DT_BF16;DT_BF16,ND;ND;ND,"2,64,128",DT_BF16,ND,424.31,attention_generation,2,512,64,0,128
dynamic,AI_CORE,"2,64,128;8,128,128;8,128,128",DT_BF16;DT_BF16;DT_BF16,ND;ND;ND,"2,64,128",DT_BF16,ND,424.55,attention_generation,2,512,64,1,128
dynamic,AI_CORE,"2,64,128;8,128,512;8,128,512",DT_BF16;DT_BF16;DT_BF16,ND;ND;ND,"2,64,128",DT_BF16,ND,425.50,attention_generation,2,512,64,4,128
dynamic,AI_CORE,"2,64,128;8,128,1024;8,128,1024",DT_BF16;DT_BF16;DT_BF16,ND;ND;ND,"2,64,128",DT_BF16,ND,425.96,attention_generation,2,512,64,8,128
dynamic,AI_CORE,"2,8,128;16,128,1024;16,128,1024",DT_BF16;DT_BF16;DT_BF16,ND;ND;ND,"2,8,128",DT_BF16,ND,423.80,attention_generation,2,1024,8,0,128
dynamic,AI_CORE,"2,8,128;16,128,128;16,128,128",DT_BF16;DT_BF16;DT_BF16,ND;ND;ND,"2,8,128",DT_BF16,ND,431.13,attention_generation,2,1024,8,1,128
dynamic,AI_CORE,"2,8,128;16,128,512;16,128,512",DT_BF16;DT_BF16;DT_BF16,ND;ND;ND,"2,8,128",DT_BF16,ND,427.64,attention_generation,2,1024,8,4,128
dynamic,AI_CORE,"2,8,128;16,128,1024;16,128,1024",DT_BF16;DT_BF16;DT_BF16,ND;ND;ND,"2,8,128",DT_BF16,ND,421.78,attention_generation,2,1024,8,8,128
dynamic,AI_CORE,"2,16,128;16,128,2048;16,128,2048",DT_BF16;DT_BF16;DT_BF16,ND;ND;ND,"2,16,128",DT_BF16,ND,429.71,attention_generation,2,1024,16,0,128
dynamic,AI_CORE,"2,16,128;16,128,128;16,128,128",DT_BF16;DT_BF16;DT_BF16,ND;ND;ND,"2,16,128",DT_BF16,ND,422.56,attention_generation,2,1024,16,1,128
dynamic,AI_CORE,"2,16,128;16,128,512;16,128,512",DT_BF16;DT_BF16;DT_BF16,ND;ND;ND,"2,16,128",DT_BF16,ND,424.67,attention_generation,2,1024,16,4,128
dynamic,AI_CORE,"2,16,128;16,128,1024;16,128,1024",DT_BF16;DT_BF16;DT_BF16,ND;ND;ND,"2,16,128",DT_BF16,ND,429.84,attention_generation,2,1024,16,8,128
dynamic,AI_CORE,"2,32,128;16,128,4096;16,128,4096",DT_BF16;DT_BF16;DT_BF16,ND;ND;ND,"2,32,128",DT_BF16,ND,428.32,attention_generation,2,1024,32,0,128
dynamic,AI_CORE,"2,32,128;16,128,128;16,128,128",DT_BF16;DT_BF16;DT_BF16,ND;ND;ND,"2,32,128",DT_BF16,ND,426.36,attention_generation,2,1024,32,1,128
dynamic,AI_CORE,"2,32,128;16,128,512;16,128,512",DT_BF16;DT_BF16;DT_BF16,ND;ND;ND,"2,32,128",DT_BF16,ND,426.91,attention_generation,2,1024,32,4,128
dynamic,AI_CORE,"2,32,128;16,128,1024;16,128,1024",DT_BF16;DT_BF16;DT_BF16,ND;ND;ND,"2,32,128",DT_BF16,ND,429.41,attention_generation,2,1024,32,8,128
dynamic,AI_CORE,"2,40,128;16,128,5120;16,128,5120",DT_BF16;DT_BF16;DT_BF16,ND;ND;ND,"2,40,128",DT_BF16,ND,440.03,attention_generation,2,1024,40,0,128
dynamic,AI_CORE,"2,40,128;16,128,128;16,128,128",DT_BF16;DT_BF16;DT_BF16,ND;ND;ND,"2,40,128",DT_BF16,ND,360.89,attention_generation,2,1024,40,1,128
dynamic,AI_CORE,"2,40,128;16,128,512;16,128,512",DT_BF16;DT_BF16;DT_BF16,ND;ND;ND,"2,40,128",DT_BF16,ND,361.40,attention_generation,2,1024,40,4,128
dynamic,AI_CORE,"2,40,128;16,128,1024;16,128,1024",DT_BF16;DT_BF16;DT_BF16,ND;ND;ND,"2,40,128",DT_BF16,ND,361.21,attention_generation,2,1024,40,8,128
dynamic,AI_CORE,"2,64,128;16,128,8192;16,128,8192",DT_BF16;DT_BF16;DT_BF16,ND;ND;ND,"2,64,128",DT_BF16,ND,360.35,attention_generation,2,1024,64,0,128
dynamic,AI_CORE,"2,64,128;16,128,128;16,128,128",DT_BF16;DT_BF16;DT_BF16,ND;ND;ND,"2,64,128",DT_BF16,ND,363.47,attention_generation,2,1024,64,1,128
dynamic,AI_CORE,"2,64,128;16,128,512;16,128,512",DT_BF16;DT_BF16;DT_BF16,ND;ND;ND,"2,64,128",DT_BF16,ND,362.20,attention_generation,2,1024,64,4,128
dynamic,AI_CORE,"2,64,128;16,128,1024;16,128,1024",DT_BF16;DT_BF16;DT_BF16,ND;ND;ND,"2,64,128",DT_BF16,ND,362.92,attention_generation,2,1024,64,8,128
dynamic,AI_CORE,"2,8,128;32,128,1024;32,128,1024",DT_BF16;DT_BF16;DT_BF16,ND;ND;ND,"2,8,128",DT_BF16,ND,359.30,attention_generation,2,2048,8,0,128
dynamic,AI_CORE,"2,8,128;32,128,128;32,128,128",DT_BF16;DT_BF16;DT_BF16,ND;ND;ND,"2,8,128",DT_BF16,ND,359.42,attention_generation,2,2048,8,1,128
dynamic,AI_CORE,"2,8,128;32,128,512;32,128,512",DT_BF16;DT_BF16;DT_BF16,ND;ND;ND,"2,8,128",DT_BF16,ND,359.65,attention_generation,2,2048,8,4,128
dynamic,AI_CORE,"2,8,128;32,128,1024;32,128,1024",DT_BF16;DT_BF16;DT_BF16,ND;ND;ND,"2,8,128",DT_BF16,ND,358.62,attention_generation,2,2048,8,8,128
dynamic,AI_CORE,"2,16,128;32,128,2048;32,128,2048",DT_BF16;DT_BF16;DT_BF16,ND;ND;ND,"2,16,128",DT_BF16,ND,359.80,attention_generation,2,2048,16,0,128
dynamic,AI_CORE,"2,16,128;32,128,128;32,128,128",DT_BF16;DT_BF16;DT_BF16,ND;ND;ND,"2,16,128",DT_BF16,ND,361.84,attention_generation,2,2048,16,1,128
dynamic,AI_CORE,"2,16,128;32,128,512;32,128,512",DT_BF16;DT_BF16;DT_BF16,ND;ND;ND,"2,16,128",DT_BF16,ND,363.66,attention_generation,2,2048,16,4,128
dynamic,AI_CORE,"2,16,128;32,128,1024;32,128,1024",DT_BF16;DT_BF16;DT_BF16,ND;ND;ND,"2,16,128",DT_BF16,ND,362.28,attention_generation,2,2048,16,8,128
dynamic,AI_CORE,"2,32,128;32,128,4096;32,128,4096",DT_BF16;DT_BF16;DT_BF16,ND;ND;ND,"2,32,128",DT_BF16,ND,361.58,attention_generation,2,2048,32,0,128
dynamic,AI_CORE,"2,32,128;32,128,128;32,128,128",DT_BF16;DT_BF16;DT_BF16,ND;ND;ND,"2,32,128",DT_BF16,ND,361.03,attention_generation,2,2048,32,1,128
dynamic,AI_CORE,"2,32,128;32,128,512;32,128,512",DT_BF16;DT_BF16;DT_BF16,ND;ND;ND,"2,32,128",DT_BF16,ND,360.51,attention_generation,2,2048,32,4,128
dynamic,AI_CORE,"2,32,128;32,128,1024;32,128,1024",DT_BF16;DT_BF16;DT_BF16,ND;ND;ND,"2,32,128",DT_BF16,ND,363.27,attention_generation,2,2048,32,8,128
dynamic,AI_CORE,"2,40,128;32,128,5120;32,128,5120",DT_BF16;DT_BF16;DT_BF16,ND;ND;ND,"2,40,128",DT_BF16,ND,364.67,attention_generation,2,2048,40,0,128
dynamic,AI_CORE,"2,40,128;32,128,128;32,128,128",DT_BF16;DT_BF16;DT_BF16,ND;ND;ND,"2,40,128",DT_BF16,ND,364.89,attention_generation,2,2048,40,1,128
dynamic,AI_CORE,"2,40,128;32,128,512;32,128,512",DT_BF16;DT_BF16;DT_BF16,ND;ND;ND,"2,40,128",DT_BF16,ND,363.72,attention_generation,2,2048,40,4,128
dynamic,AI_CORE,"2,40,128;32,128,1024;32,128,1024",DT_BF16;DT_BF16;DT_BF16,ND;ND;ND,"2,40,128",DT_BF16,ND,460.06,attention_generation,2,2048,40,8,128
dynamic,AI_CORE,"2,64,128;32,128,8192;32,128,8192",DT_BF16;DT_BF16;DT_BF16,ND;ND;ND,"2,64,128",DT_BF16,ND,421.83,attention_generation,2,2048,64,0,128
dynamic,AI_CORE,"2,64,128;32,128,128;32,128,128",DT_BF16;DT_BF16;DT_BF16,ND;ND;ND,"2,64,128",DT_BF16,ND,395.62,attention_generation,2,2048,64,1,128
dynamic,AI_CORE,"2,64,128;32,128,512;32,128,512",DT_BF16;DT_BF16;DT_BF16,ND;ND;ND,"2,64,128",DT_BF16,ND,389.91,attention_generation,2,2048,64,4,128
dynamic,AI_CORE,"2,64,128;32,128,1024;32,128,1024",DT_BF16;DT_BF16;DT_BF16,ND;ND;ND,"2,64,128",DT_BF16,ND,385.96,attention_generation,2,2048,64,8,128
dynamic,AI_CORE,"2,8,128;64,128,1024;64,128,1024",DT_BF16;DT_BF16;DT_BF16,ND;ND;ND,"2,8,128",DT_BF16,ND,386.51,attention_generation,2,4096,8,0,128
dynamic,AI_CORE,"2,8,128;64,128,128;64,128,128",DT_BF16;DT_BF16;DT_BF16,ND;ND;ND,"2,8,128",DT_BF16,ND,385.40,attention_generation,2,4096,8,1,128
dynamic,AI_CORE,"2,8,128;64,128,512;64,128,512",DT_BF16;DT_BF16;DT_BF16,ND;ND;ND,"2,8,128",DT_BF16,ND,394.18,attention_generation,2,4096,8,4,128
dynamic,AI_CORE,"2,8,128;64,128,1024;64,128,1024",DT_BF16;DT_BF16;DT_BF16,ND;ND;ND,"2,8,128",DT_BF16,ND,451.48,attention_generation,2,4096,8,8,128
dynamic,AI_CORE,"2,16,128;64,128,2048;64,128,2048",DT_BF16;DT_BF16;DT_BF16,ND;ND;ND,"2,16,128",DT_BF16,ND,444.27,attention_generation,2,4096,16,0,128
dynamic,AI_CORE,"2,16,128;64,128,128;64,128,128",DT_BF16;DT_BF16;DT_BF16,ND;ND;ND,"2,16,128",DT_BF16,ND,440.94,attention_generation,2,4096,16,1,128
dynamic,AI_CORE,"2,16,128;64,128,512;64,128,512",DT_BF16;DT_BF16;DT_BF16,ND;ND;ND,"2,16,128",DT_BF16,ND,460.44,attention_generation,2,4096,16,4,128
dynamic,AI_CORE,"2,16,128;64,128,1024;64,128,1024",DT_BF16;DT_BF16;DT_BF16,ND;ND;ND,"2,16,128",DT_BF16,ND,428.73,attention_generation,2,4096,16,8,128
dynamic,AI_CORE,"2,32,128;64,128,4096;64,128,4096",DT_BF16;DT_BF16;DT_BF16,ND;ND;ND,"2,32,128",DT_BF16,ND,426.06,attention_generation,2,4096,32,0,128
dynamic,AI_CORE,"2,32,128;64,128,128;64,128,128",DT_BF16;DT_BF16;DT_BF16,ND;ND;ND,"2,32,128",DT_BF16,ND,411.84,attention_generation,2,4096,32,1,128
dynamic,AI_CORE,"2,32,128;64,128,512;64,128,512",DT_BF16;DT_BF16;DT_BF16,ND;ND;ND,"2,32,128",DT_BF16,ND,408.00,attention_generation,2,4096,32,4,128
dynamic,AI_CORE,"2,32,128;64,128,1024;64,128,1024",DT_BF16;DT_BF16;DT_BF16,ND;ND;ND,"2,32,128",DT_BF16,ND,394.02,attention_generation,2,4096,32,8,128
dynamic,AI_CORE,"2,40,128;64,128,5120;64,128,5120",DT_BF16;DT_BF16;DT_BF16,ND;ND;ND,"2,40,128",DT_BF16,ND,389.04,attention_generation,2,4096,40,0,128
dynamic,AI_CORE,"2,40,128;64,128,128;64,128,128",DT_BF16;DT_BF16;DT_BF16,ND;ND;ND,"2,40,128",DT_BF16,ND,392.90,attention_generation,2,4096,40,1,128
dynamic,AI_CORE,"2,40,128;64,128,512;64,128,512",DT_BF16;DT_BF16;DT_BF16,ND;ND;ND,"2,40,128",DT_BF16,ND,388.92,attention_generation,2,4096,40,4,128
dynamic,AI_CORE,"2,40,128;64,128,1024;64,128,1024",DT_BF16;DT_BF16;DT_BF16,ND;ND;ND,"2,40,128",DT_BF16,ND,388.49,attention_generation,2,4096,40,8,128
dynamic,AI_CORE,"2,64,128;64,128,8192;64,128,8192",DT_BF16;DT_BF16;DT_BF16,ND;ND;ND,"2,64,128",DT_BF16,ND,436.94,attention_generation,2,4096,64,0,128
dynamic,AI_CORE,"2,64,128;64,128,128;64,128,128",DT_BF16;DT_BF16;DT_BF16,ND;ND;ND,"2,64,128",DT_BF16,ND,433.00,attention_generation,2,4096,64,1,128
dynamic,AI_CORE,"2,64,128;64,128,512;64,128,512",DT_BF16;DT_BF16;DT_BF16,ND;ND;ND,"2,64,128",DT_BF16,ND,355.98,attention_generation,2,4096,64,4,128
dynamic,AI_CORE,"2,64,128;64,128,1024;64,128,1024",DT_BF16;DT_BF16;DT_BF16,ND;ND;ND,"2,64,128",DT_BF16,ND,354.52,attention_generation,2,4096,64,8,128
dynamic,AI_CORE,"2,8,128;128,128,1024;128,128,1024",DT_BF16;DT_BF16;DT_BF16,ND;ND;ND,"2,8,128",DT_BF16,ND,351.85,attention_generation,2,8192,8,0,128
dynamic,AI_CORE,"2,8,128;128,128,128;128,128,128",DT_BF16;DT_BF16;DT_BF16,ND;ND;ND,"2,8,128",DT_BF16,ND,353.16,attention_generation,2,8192,8,1,128
dynamic,AI_CORE,"2,8,128;128,128,512;128,128,512",DT_BF16;DT_BF16;DT_BF16,ND;ND;ND,"2,8,128",DT_BF16,ND,352.82,attention_generation,2,8192,8,4,128
dynamic,AI_CORE,"2,8,128;128,128,1024;128,128,1024",DT_BF16;DT_BF16;DT_BF16,ND;ND;ND,"2,8,128",DT_BF16,ND,350.54,attention_generation,2,8192,8,8,128
dynamic,AI_CORE,"2,16,128;128,128,2048;128,128,2048",DT_BF16;DT_BF16;DT_BF16,ND;ND;ND,"2,16,128",DT_BF16,ND,350.14,attention_generation,2,8192,16,0,128
dynamic,AI_CORE,"2,16,128;128,128,128;128,128,128",DT_BF16;DT_BF16;DT_BF16,ND;ND;ND,"2,16,128",DT_BF16,ND,357.42,attention_generation,2,8192,16,1,128
dynamic,AI_CORE,"2,16,128;128,128,512;128,128,512",DT_BF16;DT_BF16;DT_BF16,ND;ND;ND,"2,16,128",DT_BF16,ND,357.07,attention_generation,2,8192,16,4,128
dynamic,AI_CORE,"2,16,128;128,128,1024;128,128,1024",DT_BF16;DT_BF16;DT_BF16,ND;ND;ND,"2,16,128",DT_BF16,ND,356.06,attention_generation,2,8192,16,8,128
dynamic,AI_CORE,"2,32,128;128,128,4096;128,128,4096",DT_BF16;DT_BF16;DT_BF16,ND;ND;ND,"2,32,128",DT_BF16,ND,358.74,attention_generation,2,8192,32,0,128
dynamic,AI_CORE,"2,32,128;128,128,128;128,128,128",DT_BF16;DT_BF16;DT_BF16,ND;ND;ND,"2,32,128",DT_BF16,ND,359.84,attention_generation,2,8192,32,1,128
dynamic,AI_CORE,"2,32,128;128,128,512;128,128,512",DT_BF16;DT_BF16;DT_BF16,ND;ND;ND,"2,32,128",DT_BF16,ND,363.46,attention_generation,2,8192,32,4,128
dynamic,AI_CORE,"2,32,128;128,128,1024;128,128,1024",DT_BF16;DT_BF16;DT_BF16,ND;ND;ND,"2,32,128",DT_BF16,ND,376.89,attention_generation,2,8192,32,8,128
dynamic,AI_CORE,"2,40,128;128,128,5120;128,128,5120",DT_BF16;DT_BF16;DT_BF16,ND;ND;ND,"2,40,128",DT_BF16,ND,363.86,attention_generation,2,8192,40,0,128
dynamic,AI_CORE,"2,40,128;128,128,128;128,128,128",DT_BF16;DT_BF16;DT_BF16,ND;ND;ND,"2,40,128",DT_BF16,ND,365.93,attention_generation,2,8192,40,1,128
dynamic,AI_CORE,"2,40,128;128,128,512;128,128,512",DT_BF16;DT_BF16;DT_BF16,ND;ND;ND,"2,40,128",DT_BF16,ND,366.82,attention_generation,2,8192,40,4,128
dynamic,AI_CORE,"2,40,128;128,128,1024;128,128,1024",DT_BF16;DT_BF16;DT_BF16,ND;ND;ND,"2,40,128",DT_BF16,ND,367.70,attention_generation,2,8192,40,8,128
dynamic,AI_CORE,"2,64,128;128,128,8192;128,128,8192",DT_BF16;DT_BF16;DT_BF16,ND;ND;ND,"2,64,128",DT_BF16,ND,478.62,attention_generation,2,8192,64,0,128
dynamic,AI_CORE,"2,64,128;128,128,128;128,128,128",DT_BF16;DT_BF16;DT_BF16,ND;ND;ND,"2,64,128",DT_BF16,ND,344.94,attention_generation,2,8192,64,1,128
dynamic,AI_CORE,"2,64,128;128,128,512;128,128,512",DT_BF16;DT_BF16;DT_BF16,ND;ND;ND,"2,64,128",DT_BF16,ND,360.77,attention_generation,2,8192,64,4,128
dynamic,AI_CORE,"2,64,128;128,128,1024;128,128,1024",DT_BF16;DT_BF16;DT_BF16,ND;ND;ND,"2,64,128",DT_BF16,ND,363.80,attention_generation,2,8192,64,8,128
dynamic,AI_CORE,"2,8,128;256,128,1024;256,128,1024",DT_BF16;DT_BF16;DT_BF16,ND;ND;ND,"2,8,128",DT_BF16,ND,364.08,attention_generation,2,16384,8,0,128
dynamic,AI_CORE,"2,8,128;256,128,128;256,128,128",DT_BF16;DT_BF16;DT_BF16,ND;ND;ND,"2,8,128",DT_BF16,ND,369.02,attention_generation,2,16384,8,1,128
dynamic,AI_CORE,"2,8,128;256,128,512;256,128,512",DT_BF16;DT_BF16;DT_BF16,ND;ND;ND,"2,8,128",DT_BF16,ND,366.20,attention_generation,2,16384,8,4,128
dynamic,AI_CORE,"2,8,128;256,128,1024;256,128,1024",DT_BF16;DT_BF16;DT_BF16,ND;ND;ND,"2,8,128",DT_BF16,ND,410.23,attention_generation,2,16384,8,8,128
dynamic,AI_CORE,"2,16,128;256,128,2048;256,128,2048",DT_BF16;DT_BF16;DT_BF16,ND;ND;ND,"2,16,128",DT_BF16,ND,368.64,attention_generation,2,16384,16,0,128
dynamic,AI_CORE,"2,16,128;256,128,128;256,128,128",DT_BF16;DT_BF16;DT_BF16,ND;ND;ND,"2,16,128",DT_BF16,ND,369.76,attention_generation,2,16384,16,1,128
dynamic,AI_CORE,"2,16,128;256,128,512;256,128,512",DT_BF16;DT_BF16;DT_BF16,ND;ND;ND,"2,16,128",DT_BF16,ND,368.45,attention_generation,2,16384,16,4,128
dynamic,AI_CORE,"2,16,128;256,128,1024;256,128,1024",DT_BF16;DT_BF16;DT_BF16,ND;ND;ND,"2,16,128",DT_BF16,ND,372.33,attention_generation,2,16384,16,8,128
dynamic,AI_CORE,"2,32,128;256,128,4096;256,128,4096",DT_BF16;DT_BF16;DT_BF16,ND;ND;ND,"2,32,128",DT_BF16,ND,479.79,attention_generation,2,16384,32,0,128
dynamic,AI_CORE,"2,32,128;256,128,128;256,128,128",DT_BF16;DT_BF16;DT_BF16,ND;ND;ND,"2,32,128",DT_BF16,ND,368.36,attention_generation,2,16384,32,1,128
dynamic,AI_CORE,"2,32,128;256,128,512;256,128,512",DT_BF16;DT_BF16;DT_BF16,ND;ND;ND,"2,32,128",DT_BF16,ND,369.00,attention_generation,2,16384,32,4,128
dynamic,AI_CORE,"2,32,128;256,128,1024;256,128,1024",DT_BF16;DT_BF16;DT_BF16,ND;ND;ND,"2,32,128",DT_BF16,ND,369.07,attention_generation,2,16384,32,8,128
dynamic,AI_CORE,"2,40,128;256,128,5120;256,128,5120",DT_BF16;DT_BF16;DT_BF16,ND;ND;ND,"2,40,128",DT_BF16,ND,619.18,attention_generation,2,16384,40,0,128
dynamic,AI_CORE,"2,40,128;256,128,128;256,128,128",DT_BF16;DT_BF16;DT_BF16,ND;ND;ND,"2,40,128",DT_BF16,ND,368.68,attention_generation,2,16384,40,1,128
dynamic,AI_CORE,"2,40,128;256,128,512;256,128,512",DT_BF16;DT_BF16;DT_BF16,ND;ND;ND,"2,40,128",DT_BF16,ND,370.52,attention_generation,2,16384,40,4,128
dynamic,AI_CORE,"2,40,128;256,128,1024;256,128,1024",DT_BF16;DT_BF16;DT_BF16,ND;ND;ND,"2,40,128",DT_BF16,ND,369.19,attention_generation,2,16384,40,8,128
dynamic,AI_CORE,"2,64,128;256,128,8192;256,128,8192",DT_BF16;DT_BF16;DT_BF16,ND;ND;ND,"2,64,128",DT_BF16,ND,951.92,attention_generation,2,16384,64,0,128
dynamic,AI_CORE,"2,64,128;256,128,128;256,128,128",DT_BF16;DT_BF16;DT_BF16,ND;ND;ND,"2,64,128",DT_BF16,ND,453.71,attention_generation,2,16384,64,1,128
dynamic,AI_CORE,"2,64,128;256,128,512;256,128,512",DT_BF16;DT_BF16;DT_BF16,ND;ND;ND,"2,64,128",DT_BF16,ND,424.72,attention_generation,2,16384,64,4,128
dynamic,AI_CORE,"2,64,128;256,128,1024;256,128,1024",DT_BF16;DT_BF16;DT_BF16,ND;ND;ND,"2,64,128",DT_BF16,ND,408.40,attention_generation,2,16384,64,8,128
dynamic,AI_CORE,"4,8,128;4,128,1024;4,128,1024",DT_BF16;DT_BF16;DT_BF16,ND;ND;ND,"4,8,128",DT_BF16,ND,409.97,attention_generation,4,128,8,0,128
dynamic,AI_CORE,"4,8,128;4,128,128;4,128,128",DT_BF16;DT_BF16;DT_BF16,ND;ND;ND,"4,8,128",DT_BF16,ND,392.10,attention_generation,4,128,8,1,128
dynamic,AI_CORE,"4,8,128;4,128,512;4,128,512",DT_BF16;DT_BF16;DT_BF16,ND;ND;ND,"4,8,128",DT_BF16,ND,393.71,attention_generation,4,128,8,4,128
dynamic,AI_CORE,"4,8,128;4,128,1024;4,128,1024",DT_BF16;DT_BF16;DT_BF16,ND;ND;ND,"4,8,128",DT_BF16,ND,393.11,attention_generation,4,128,8,8,128
dynamic,AI_CORE,"4,16,128;4,128,2048;4,128,2048",DT_BF16;DT_BF16;DT_BF16,ND;ND;ND,"4,16,128",DT_BF16,ND,394.02,attention_generation,4,128,16,0,128
dynamic,AI_CORE,"4,16,128;4,128,128;4,128,128",DT_BF16;DT_BF16;DT_BF16,ND;ND;ND,"4,16,128",DT_BF16,ND,469.65,attention_generation,4,128,16,1,128
dynamic,AI_CORE,"4,16,128;4,128,512;4,128,512",DT_BF16;DT_BF16;DT_BF16,ND;ND;ND,"4,16,128",DT_BF16,ND,442.56,attention_generation,4,128,16,4,128
dynamic,AI_CORE,"4,16,128;4,128,1024;4,128,1024",DT_BF16;DT_BF16;DT_BF16,ND;ND;ND,"4,16,128",DT_BF16,ND,435.00,attention_generation,4,128,16,8,128
dynamic,AI_CORE,"4,32,128;4,128,4096;4,128,4096",DT_BF16;DT_BF16;DT_BF16,ND;ND;ND,"4,32,128",DT_BF16,ND,427.09,attention_generation,4,128,32,0,128
dynamic,AI_CORE,"4,32,128;4,128,128;4,128,128",DT_BF16;DT_BF16;DT_BF16,ND;ND;ND,"4,32,128",DT_BF16,ND,426.78,attention_generation,4,128,32,1,128
dynamic,AI_CORE,"4,32,128;4,128,512;4,128,512",DT_BF16;DT_BF16;DT_BF16,ND;ND;ND,"4,32,128",DT_BF16,ND,387.41,attention_generation,4,128,32,4,128
dynamic,AI_CORE,"4,32,128;4,128,1024;4,128,1024",DT_BF16;DT_BF16;DT_BF16,ND;ND;ND,"4,32,128",DT_BF16,ND,377.63,attention_generation,4,128,32,8,128
dynamic,AI_CORE,"4,40,128;4,128,5120;4,128,5120",DT_BF16;DT_BF16;DT_BF16,ND;ND;ND,"4,40,128",DT_BF16,ND,376.62,attention_generation,4,128,40,0,128
dynamic,AI_CORE,"4,40,128;4,128,128;4,128,128",DT_BF16;DT_BF16;DT_BF16,ND;ND;ND,"4,40,128",DT_BF16,ND,443.82,attention_generation,4,128,40,1,128
dynamic,AI_CORE,"4,40,128;4,128,512;4,128,512",DT_BF16;DT_BF16;DT_BF16,ND;ND;ND,"4,40,128",DT_BF16,ND,363.30,attention_generation,4,128,40,4,128
dynamic,AI_CORE,"4,40,128;4,128,1024;4,128,1024",DT_BF16;DT_BF16;DT_BF16,ND;ND;ND,"4,40,128",DT_BF16,ND,423.78,attention_generation,4,128,40,8,128
dynamic,AI_CORE,"4,64,128;4,128,8192;4,128,8192",DT_BF16;DT_BF16;DT_BF16,ND;ND;ND,"4,64,128",DT_BF16,ND,412.76,attention_generation,4,128,64,0,128
dynamic,AI_CORE,"4,64,128;4,128,128;4,128,128",DT_BF16;DT_BF16;DT_BF16,ND;ND;ND,"4,64,128",DT_BF16,ND,375.22,attention_generation,4,128,64,1,128
dynamic,AI_CORE,"4,64,128;4,128,512;4,128,512",DT_BF16;DT_BF16;DT_BF16,ND;ND;ND,"4,64,128",DT_BF16,ND,371.82,attention_generation,4,128,64,4,128
dynamic,AI_CORE,"4,64,128;4,128,1024;4,128,1024",DT_BF16;DT_BF16;DT_BF16,ND;ND;ND,"4,64,128",DT_BF16,ND,373.45,attention_generation,4,128,64,8,128
dynamic,AI_CORE,"4,8,128;8,128,1024;8,128,1024",DT_BF16;DT_BF16;DT_BF16,ND;ND;ND,"4,8,128",DT_BF16,ND,371.46,attention_generation,4,256,8,0,128
dynamic,AI_CORE,"4,8,128;8,128,128;8,128,128",DT_BF16;DT_BF16;DT_BF16,ND;ND;ND,"4,8,128",DT_BF16,ND,373.40,attention_generation,4,256,8,1,128
dynamic,AI_CORE,"4,8,128;8,128,512;8,128,512",DT_BF16;DT_BF16;DT_BF16,ND;ND;ND,"4,8,128",DT_BF16,ND,371.16,attention_generation,4,256,8,4,128
dynamic,AI_CORE,"4,8,128;8,128,1024;8,128,1024",DT_BF16;DT_BF16;DT_BF16,ND;ND;ND,"4,8,128",DT_BF16,ND,367.58,attention_generation,4,256,8,8,128
dynamic,AI_CORE,"4,16,128;8,128,2048;8,128,2048",DT_BF16;DT_BF16;DT_BF16,ND;ND;ND,"4,16,128",DT_BF16,ND,369.91,attention_generation,4,256,16,0,128
dynamic,AI_CORE,"4,16,128;8,128,128;8,128,128",DT_BF16;DT_BF16;DT_BF16,ND;ND;ND,"4,16,128",DT_BF16,ND,369.31,attention_generation,4,256,16,1,128
dynamic,AI_CORE,"4,16,128;8,128,512;8,128,512",DT_BF16;DT_BF16;DT_BF16,ND;ND;ND,"4,16,128",DT_BF16,ND,369.84,attention_generation,4,256,16,4,128
dynamic,AI_CORE,"4,16,128;8,128,1024;8,128,1024",DT_BF16;DT_BF16;DT_BF16,ND;ND;ND,"4,16,128",DT_BF16,ND,400.94,attention_generation,4,256,16,8,128
dynamic,AI_CORE,"4,32,128;8,128,4096;8,128,4096",DT_BF16;DT_BF16;DT_BF16,ND;ND;ND,"4,32,128",DT_BF16,ND,372.79,attention_generation,4,256,32,0,128
dynamic,AI_CORE,"4,32,128;8,128,128;8,128,128",DT_BF16;DT_BF16;DT_BF16,ND;ND;ND,"4,32,128",DT_BF16,ND,372.07,attention_generation,4,256,32,1,128
dynamic,AI_CORE,"4,32,128;8,128,512;8,128,512",DT_BF16;DT_BF16;DT_BF16,ND;ND;ND,"4,32,128",DT_BF16,ND,366.31,attention_generation,4,256,32,4,128
dynamic,AI_CORE,"4,32,128;8,128,1024;8,128,1024",DT_BF16;DT_BF16;DT_BF16,ND;ND;ND,"4,32,128",DT_BF16,ND,364.66,attention_generation,4,256,32,8,128
dynamic,AI_CORE,"4,40,128;8,128,5120;8,128,5120",DT_BF16;DT_BF16;DT_BF16,ND;ND;ND,"4,40,128",DT_BF16,ND,367.69,attention_generation,4,256,40,0,128
dynamic,AI_CORE,"4,40,128;8,128,128;8,128,128",DT_BF16;DT_BF16;DT_BF16,ND;ND;ND,"4,40,128",DT_BF16,ND,369.19,attention_generation,4,256,40,1,128
dynamic,AI_CORE,"4,40,128;8,128,512;8,128,512",DT_BF16;DT_BF16;DT_BF16,ND;ND;ND,"4,40,128",DT_BF16,ND,373.60,attention_generation,4,256,40,4,128
dynamic,AI_CORE,"4,40,128;8,128,1024;8,128,1024",DT_BF16;DT_BF16;DT_BF16,ND;ND;ND,"4,40,128",DT_BF16,ND,366.57,attention_generation,4,256,40,8,128
dynamic,AI_CORE,"4,64,128;8,128,8192;8,128,8192",DT_BF16;DT_BF16;DT_BF16,ND;ND;ND,"4,64,128",DT_BF16,ND,366.73,attention_generation,4,256,64,0,128
dynamic,AI_CORE,"4,64,128;8,128,128;8,128,128",DT_BF16;DT_BF16;DT_BF16,ND;ND;ND,"4,64,128",DT_BF16,ND,367.91,attention_generation,4,256,64,1,128
dynamic,AI_CORE,"4,64,128;8,128,512;8,128,512",DT_BF16;DT_BF16;DT_BF16,ND;ND;ND,"4,64,128",DT_BF16,ND,368.00,attention_generation,4,256,64,4,128
dynamic,AI_CORE,"4,64,128;8,128,1024;8,128,1024",DT_BF16;DT_BF16;DT_BF16,ND;ND;ND,"4,64,128",DT_BF16,ND,368.30,attention_generation,4,256,64,8,128
dynamic,AI_CORE,"4,8,128;16,128,1024;16,128,1024",DT_BF16;DT_BF16;DT_BF16,ND;ND;ND,"4,8,128",DT_BF16,ND,364.66,attention_generation,4,512,8,0,128
dynamic,AI_CORE,"4,8,128;16,128,128;16,128,128",DT_BF16;DT_BF16;DT_BF16,ND;ND;ND,"4,8,128",DT_BF16,ND,368.34,attention_generation,4,512,8,1,128
dynamic,AI_CORE,"4,8,128;16,128,512;16,128,512",DT_BF16;DT_BF16;DT_BF16,ND;ND;ND,"4,8,128",DT_BF16,ND,368.20,attention_generation,4,512,8,4,128
dynamic,AI_CORE,"4,8,128;16,128,1024;16,128,1024",DT_BF16;DT_BF16;DT_BF16,ND;ND;ND,"4,8,128",DT_BF16,ND,365.16,attention_generation,4,512,8,8,128
dynamic,AI_CORE,"4,16,128;16,128,2048;16,128,2048",DT_BF16;DT_BF16;DT_BF16,ND;ND;ND,"4,16,128",DT_BF16,ND,367.29,attention_generation,4,512,16,0,128
dynamic,AI_CORE,"4,16,128;16,128,128;16,128,128",DT_BF16;DT_BF16;DT_BF16,ND;ND;ND,"4,16,128",DT_BF16,ND,368.30,attention_generation,4,512,16,1,128
dynamic,AI_CORE,"4,16,128;16,128,512;16,128,512",DT_BF16;DT_BF16;DT_BF16,ND;ND;ND,"4,16,128",DT_BF16,ND,368.70,attention_generation,4,512,16,4,128
dynamic,AI_CORE,"4,16,128;16,128,1024;16,128,1024",DT_BF16;DT_BF16;DT_BF16,ND;ND;ND,"4,16,128",DT_BF16,ND,368.52,attention_generation,4,512,16,8,128
dynamic,AI_CORE,"4,32,128;16,128,4096;16,128,4096",DT_BF16;DT_BF16;DT_BF16,ND;ND;ND,"4,32,128",DT_BF16,ND,365.58,attention_generation,4,512,32,0,128
dynamic,AI_CORE,"4,32,128;16,128,128;16,128,128",DT_BF16;DT_BF16;DT_BF16,ND;ND;ND,"4,32,128",DT_BF16,ND,366.55,attention_generation,4,512,32,1,128
dynamic,AI_CORE,"4,32,128;16,128,512;16,128,512",DT_BF16;DT_BF16;DT_BF16,ND;ND;ND,"4,32,128",DT_BF16,ND,369.67,attention_generation,4,512,32,4,128
dynamic,AI_CORE,"4,32,128;16,128,1024;16,128,1024",DT_BF16;DT_BF16;DT_BF16,ND;ND;ND,"4,32,128",DT_BF16,ND,365.73,attention_generation,4,512,32,8,128
dynamic,AI_CORE,"4,40,128;16,128,5120;16,128,5120",DT_BF16;DT_BF16;DT_BF16,ND;ND;ND,"4,40,128",DT_BF16,ND,365.59,attention_generation,4,512,40,0,128
dynamic,AI_CORE,"4,40,128;16,128,128;16,128,128",DT_BF16;DT_BF16;DT_BF16,ND;ND;ND,"4,40,128",DT_BF16,ND,365.30,attention_generation,4,512,40,1,128
dynamic,AI_CORE,"4,40,128;16,128,512;16,128,512",DT_BF16;DT_BF16;DT_BF16,ND;ND;ND,"4,40,128",DT_BF16,ND,377.97,attention_generation,4,512,40,4,128
dynamic,AI_CORE,"4,40,128;16,128,1024;16,128,1024",DT_BF16;DT_BF16;DT_BF16,ND;ND;ND,"4,40,128",DT_BF16,ND,380.62,attention_generation,4,512,40,8,128
dynamic,AI_CORE,"4,64,128;16,128,8192;16,128,8192",DT_BF16;DT_BF16;DT_BF16,ND;ND;ND,"4,64,128",DT_BF16,ND,377.00,attention_generation,4,512,64,0,128
dynamic,AI_CORE,"4,64,128;16,128,128;16,128,128",DT_BF16;DT_BF16;DT_BF16,ND;ND;ND,"4,64,128",DT_BF16,ND,378.35,attention_generation,4,512,64,1,128
dynamic,AI_CORE,"4,64,128;16,128,512;16,128,512",DT_BF16;DT_BF16;DT_BF16,ND;ND;ND,"4,64,128",DT_BF16,ND,377.00,attention_generation,4,512,64,4,128
dynamic,AI_CORE,"4,64,128;16,128,1024;16,128,1024",DT_BF16;DT_BF16;DT_BF16,ND;ND;ND,"4,64,128",DT_BF16,ND,380.56,attention_generation,4,512,64,8,128
dynamic,AI_CORE,"4,8,128;32,128,1024;32,128,1024",DT_BF16;DT_BF16;DT_BF16,ND;ND;ND,"4,8,128",DT_BF16,ND,377.52,attention_generation,4,1024,8,0,128
dynamic,AI_CORE,"4,8,128;32,128,128;32,128,128",DT_BF16;DT_BF16;DT_BF16,ND;ND;ND,"4,8,128",DT_BF16,ND,400.92,attention_generation,4,1024,8,1,128
dynamic,AI_CORE,"4,8,128;32,128,512;32,128,512",DT_BF16;DT_BF16;DT_BF16,ND;ND;ND,"4,8,128",DT_BF16,ND,401.45,attention_generation,4,1024,8,4,128
dynamic,AI_CORE,"4,8,128;32,128,1024;32,128,1024",DT_BF16;DT_BF16;DT_BF16,ND;ND;ND,"4,8,128",DT_BF16,ND,381.19,attention_generation,4,1024,8,8,128
dynamic,AI_CORE,"4,16,128;32,128,2048;32,128,2048",DT_BF16;DT_BF16;DT_BF16,ND;ND;ND,"4,16,128",DT_BF16,ND,378.56,attention_generation,4,1024,16,0,128
dynamic,AI_CORE,"4,16,128;32,128,128;32,128,128",DT_BF16;DT_BF16;DT_BF16,ND;ND;ND,"4,16,128",DT_BF16,ND,478.08,attention_generation,4,1024,16,1,128
dynamic,AI_CORE,"4,16,128;32,128,512;32,128,512",DT_BF16;DT_BF16;DT_BF16,ND;ND;ND,"4,16,128",DT_BF16,ND,371.05,attention_generation,4,1024,16,4,128
dynamic,AI_CORE,"4,16,128;32,128,1024;32,128,1024",DT_BF16;DT_BF16;DT_BF16,ND;ND;ND,"4,16,128",DT_BF16,ND,365.30,attention_generation,4,1024,16,8,128
dynamic,AI_CORE,"4,32,128;32,128,4096;32,128,4096",DT_BF16;DT_BF16;DT_BF16,ND;ND;ND,"4,32,128",DT_BF16,ND,360.70,attention_generation,4,1024,32,0,128
dynamic,AI_CORE,"4,32,128;32,128,128;32,128,128",DT_BF16;DT_BF16;DT_BF16,ND;ND;ND,"4,32,128",DT_BF16,ND,362.89,attention_generation,4,1024,32,1,128
dynamic,AI_CORE,"4,32,128;32,128,512;32,128,512",DT_BF16;DT_BF16;DT_BF16,ND;ND;ND,"4,32,128",DT_BF16,ND,363.29,attention_generation,4,1024,32,4,128
dynamic,AI_CORE,"4,32,128;32,128,1024;32,128,1024",DT_BF16;DT_BF16;DT_BF16,ND;ND;ND,"4,32,128",DT_BF16,ND,363.21,attention_generation,4,1024,32,8,128
dynamic,AI_CORE,"4,40,128;32,128,5120;32,128,5120",DT_BF16;DT_BF16;DT_BF16,ND;ND;ND,"4,40,128",DT_BF16,ND,363.10,attention_generation,4,1024,40,0,128
dynamic,AI_CORE,"4,40,128;32,128,128;32,128,128",DT_BF16;DT_BF16;DT_BF16,ND;ND;ND,"4,40,128",DT_BF16,ND,362.59,attention_generation,4,1024,40,1,128
dynamic,AI_CORE,"4,40,128;32,128,512;32,128,512",DT_BF16;DT_BF16;DT_BF16,ND;ND;ND,"4,40,128",DT_BF16,ND,364.21,attention_generation,4,1024,40,4,128
dynamic,AI_CORE,"4,40,128;32,128,1024;32,128,1024",DT_BF16;DT_BF16;DT_BF16,ND;ND;ND,"4,40,128",DT_BF16,ND,365.44,attention_generation,4,1024,40,8,128
dynamic,AI_CORE,"4,64,128;32,128,8192;32,128,8192",DT_BF16;DT_BF16;DT_BF16,ND;ND;ND,"4,64,128",DT_BF16,ND,361.23,attention_generation,4,1024,64,0,128
dynamic,AI_CORE,"4,64,128;32,128,128;32,128,128",DT_BF16;DT_BF16;DT_BF16,ND;ND;ND,"4,64,128",DT_BF16,ND,363.64,attention_generation,4,1024,64,1,128
dynamic,AI_CORE,"4,64,128;32,128,512;32,128,512",DT_BF16;DT_BF16;DT_BF16,ND;ND;ND,"4,64,128",DT_BF16,ND,361.36,attention_generation,4,1024,64,4,128
dynamic,AI_CORE,"4,64,128;32,128,1024;32,128,1024",DT_BF16;DT_BF16;DT_BF16,ND;ND;ND,"4,64,128",DT_BF16,ND,362.95,attention_generation,4,1024,64,8,128
dynamic,AI_CORE,"4,8,128;64,128,1024;64,128,1024",DT_BF16;DT_BF16;DT_BF16,ND;ND;ND,"4,8,128",DT_BF16,ND,364.04,attention_generation,4,2048,8,0,128
dynamic,AI_CORE,"4,8,128;64,128,128;64,128,128",DT_BF16;DT_BF16;DT_BF16,ND;ND;ND,"4,8,128",DT_BF16,ND,363.44,attention_generation,4,2048,8,1,128
dynamic,AI_CORE,"4,8,128;64,128,512;64,128,512",DT_BF16;DT_BF16;DT_BF16,ND;ND;ND,"4,8,128",DT_BF16,ND,369.93,attention_generation,4,2048,8,4,128
dynamic,AI_CORE,"4,8,128;64,128,1024;64,128,1024",DT_BF16;DT_BF16;DT_BF16,ND;ND;ND,"4,8,128",DT_BF16,ND,364.21,attention_generation,4,2048,8,8,128
dynamic,AI_CORE,"4,16,128;64,128,2048;64,128,2048",DT_BF16;DT_BF16;DT_BF16,ND;ND;ND,"4,16,128",DT_BF16,ND,361.89,attention_generation,4,2048,16,0,128
dynamic,AI_CORE,"4,16,128;64,128,128;64,128,128",DT_BF16;DT_BF16;DT_BF16,ND;ND;ND,"4,16,128",DT_BF16,ND,362.14,attention_generation,4,2048,16,1,128
dynamic,AI_CORE,"4,16,128;64,128,512;64,128,512",DT_BF16;DT_BF16;DT_BF16,ND;ND;ND,"4,16,128",DT_BF16,ND,358.06,attention_generation,4,2048,16,4,128
dynamic,AI_CORE,"4,16,128;64,128,1024;64,128,1024",DT_BF16;DT_BF16;DT_BF16,ND;ND;ND,"4,16,128",DT_BF16,ND,357.21,attention_generation,4,2048,16,8,128
dynamic,AI_CORE,"4,32,128;64,128,4096;64,128,4096",DT_BF16;DT_BF16;DT_BF16,ND;ND;ND,"4,32,128",DT_BF16,ND,356.11,attention_generation,4,2048,32,0,128
dynamic,AI_CORE,"4,32,128;64,128,128;64,128,128",DT_BF16;DT_BF16;DT_BF16,ND;ND;ND,"4,32,128",DT_BF16,ND,354.57,attention_generation,4,2048,32,1,128
dynamic,AI_CORE,"4,32,128;64,128,512;64,128,512",DT_BF16;DT_BF16;DT_BF16,ND;ND;ND,"4,32,128",DT_BF16,ND,355.79,attention_generation,4,2048,32,4,128
dynamic,AI_CORE,"4,32,128;64,128,1024;64,128,1024",DT_BF16;DT_BF16;DT_BF16,ND;ND;ND,"4,32,128",DT_BF16,ND,356.50,attention_generation,4,2048,32,8,128
dynamic,AI_CORE,"4,40,128;64,128,5120;64,128,5120",DT_BF16;DT_BF16;DT_BF16,ND;ND;ND,"4,40,128",DT_BF16,ND,359.83,attention_generation,4,2048,40,0,128
dynamic,AI_CORE,"4,40,128;64,128,128;64,128,128",DT_BF16;DT_BF16;DT_BF16,ND;ND;ND,"4,40,128",DT_BF16,ND,378.61,attention_generation,4,2048,40,1,128
dynamic,AI_CORE,"4,40,128;64,128,512;64,128,512",DT_BF16;DT_BF16;DT_BF16,ND;ND;ND,"4,40,128",DT_BF16,ND,368.97,attention_generation,4,2048,40,4,128
dynamic,AI_CORE,"4,40,128;64,128,1024;64,128,1024",DT_BF16;DT_BF16;DT_BF16,ND;ND;ND,"4,40,128",DT_BF16,ND,368.21,attention_generation,4,2048,40,8,128
dynamic,AI_CORE,"4,64,128;64,128,8192;64,128,8192",DT_BF16;DT_BF16;DT_BF16,ND;ND;ND,"4,64,128",DT_BF16,ND,365.23,attention_generation,4,2048,64,0,128
dynamic,AI_CORE,"4,64,128;64,128,128;64,128,128",DT_BF16;DT_BF16;DT_BF16,ND;ND;ND,"4,64,128",DT_BF16,ND,366.78,attention_generation,4,2048,64,1,128
dynamic,AI_CORE,"4,64,128;64,128,512;64,128,512",DT_BF16;DT_BF16;DT_BF16,ND;ND;ND,"4,64,128",DT_BF16,ND,364.93,attention_generation,4,2048,64,4,128
dynamic,AI_CORE,"4,64,128;64,128,1024;64,128,1024",DT_BF16;DT_BF16;DT_BF16,ND;ND;ND,"4,64,128",DT_BF16,ND,365.18,attention_generation,4,2048,64,8,128
dynamic,AI_CORE,"4,8,128;128,128,1024;128,128,1024",DT_BF16;DT_BF16;DT_BF16,ND;ND;ND,"4,8,128",DT_BF16,ND,366.28,attention_generation,4,4096,8,0,128
dynamic,AI_CORE,"4,8,128;128,128,128;128,128,128",DT_BF16;DT_BF16;DT_BF16,ND;ND;ND,"4,8,128",DT_BF16,ND,364.39,attention_generation,4,4096,8,1,128
dynamic,AI_CORE,"4,8,128;128,128,512;128,128,512",DT_BF16;DT_BF16;DT_BF16,ND;ND;ND,"4,8,128",DT_BF16,ND,366.59,attention_generation,4,4096,8,4,128
dynamic,AI_CORE,"4,8,128;128,128,1024;128,128,1024",DT_BF16;DT_BF16;DT_BF16,ND;ND;ND,"4,8,128",DT_BF16,ND,364.20,attention_generation,4,4096,8,8,128
dynamic,AI_CORE,"4,16,128;128,128,2048;128,128,2048",DT_BF16;DT_BF16;DT_BF16,ND;ND;ND,"4,16,128",DT_BF16,ND,362.13,attention_generation,4,4096,16,0,128
dynamic,AI_CORE,"4,16,128;128,128,128;128,128,128",DT_BF16;DT_BF16;DT_BF16,ND;ND;ND,"4,16,128",DT_BF16,ND,361.48,attention_generation,4,4096,16,1,128
dynamic,AI_CORE,"4,16,128;128,128,512;128,128,512",DT_BF16;DT_BF16;DT_BF16,ND;ND;ND,"4,16,128",DT_BF16,ND,367.15,attention_generation,4,4096,16,4,128
dynamic,AI_CORE,"4,16,128;128,128,1024;128,128,1024",DT_BF16;DT_BF16;DT_BF16,ND;ND;ND,"4,16,128",DT_BF16,ND,366.08,attention_generation,4,4096,16,8,128
dynamic,AI_CORE,"4,32,128;128,128,4096;128,128,4096",DT_BF16;DT_BF16;DT_BF16,ND;ND;ND,"4,32,128",DT_BF16,ND,364.21,attention_generation,4,4096,32,0,128
dynamic,AI_CORE,"4,32,128;128,128,128;128,128,128",DT_BF16;DT_BF16;DT_BF16,ND;ND;ND,"4,32,128",DT_BF16,ND,380.49,attention_generation,4,4096,32,1,128
dynamic,AI_CORE,"4,32,128;128,128,512;128,128,512",DT_BF16;DT_BF16;DT_BF16,ND;ND;ND,"4,32,128",DT_BF16,ND,382.03,attention_generation,4,4096,32,4,128
dynamic,AI_CORE,"4,32,128;128,128,1024;128,128,1024",DT_BF16;DT_BF16;DT_BF16,ND;ND;ND,"4,32,128",DT_BF16,ND,381.15,attention_generation,4,4096,32,8,128
dynamic,AI_CORE,"4,40,128;128,128,5120;128,128,5120",DT_BF16;DT_BF16;DT_BF16,ND;ND;ND,"4,40,128",DT_BF16,ND,383.11,attention_generation,4,4096,40,0,128
dynamic,AI_CORE,"4,40,128;128,128,128;128,128,128",DT_BF16;DT_BF16;DT_BF16,ND;ND;ND,"4,40,128",DT_BF16,ND,380.36,attention_generation,4,4096,40,1,128
dynamic,AI_CORE,"4,40,128;128,128,512;128,128,512",DT_BF16;DT_BF16;DT_BF16,ND;ND;ND,"4,40,128",DT_BF16,ND,376.53,attention_generation,4,4096,40,4,128
dynamic,AI_CORE,"4,40,128;128,128,1024;128,128,1024",DT_BF16;DT_BF16;DT_BF16,ND;ND;ND,"4,40,128",DT_BF16,ND,388.27,attention_generation,4,4096,40,8,128
dynamic,AI_CORE,"4,64,128;128,128,8192;128,128,8192",DT_BF16;DT_BF16;DT_BF16,ND;ND;ND,"4,64,128",DT_BF16,ND,478.68,attention_generation,4,4096,64,0,128
dynamic,AI_CORE,"4,64,128;128,128,128;128,128,128",DT_BF16;DT_BF16;DT_BF16,ND;ND;ND,"4,64,128",DT_BF16,ND,382.66,attention_generation,4,4096,64,1,128
dynamic,AI_CORE,"4,64,128;128,128,512;128,128,512",DT_BF16;DT_BF16;DT_BF16,ND;ND;ND,"4,64,128",DT_BF16,ND,380.68,attention_generation,4,4096,64,4,128
dynamic,AI_CORE,"4,64,128;128,128,1024;128,128,1024",DT_BF16;DT_BF16;DT_BF16,ND;ND;ND,"4,64,128",DT_BF16,ND,380.58,attention_generation,4,4096,64,8,128
dynamic,AI_CORE,"4,8,128;256,128,1024;256,128,1024",DT_BF16;DT_BF16;DT_BF16,ND;ND;ND,"4,8,128",DT_BF16,ND,381.29,attention_generation,4,8192,8,0,128
dynamic,AI_CORE,"4,8,128;256,128,128;256,128,128",DT_BF16;DT_BF16;DT_BF16,ND;ND;ND,"4,8,128",DT_BF16,ND,380.23,attention_generation,4,8192,8,1,128
dynamic,AI_CORE,"4,8,128;256,128,512;256,128,512",DT_BF16;DT_BF16;DT_BF16,ND;ND;ND,"4,8,128",DT_BF16,ND,379.53,attention_generation,4,8192,8,4,128
dynamic,AI_CORE,"4,8,128;256,128,1024;256,128,1024",DT_BF16;DT_BF16;DT_BF16,ND;ND;ND,"4,8,128",DT_BF16,ND,377.00,attention_generation,4,8192,8,8,128
dynamic,AI_CORE,"4,16,128;256,128,2048;256,128,2048",DT_BF16;DT_BF16;DT_BF16,ND;ND;ND,"4,16,128",DT_BF16,ND,377.67,attention_generation,4,8192,16,0,128
dynamic,AI_CORE,"4,16,128;256,128,128;256,128,128",DT_BF16;DT_BF16;DT_BF16,ND;ND;ND,"4,16,128",DT_BF16,ND,377.65,attention_generation,4,8192,16,1,128
dynamic,AI_CORE,"4,16,128;256,128,512;256,128,512",DT_BF16;DT_BF16;DT_BF16,ND;ND;ND,"4,16,128",DT_BF16,ND,377.42,attention_generation,4,8192,16,4,128
dynamic,AI_CORE,"4,16,128;256,128,1024;256,128,1024",DT_BF16;DT_BF16;DT_BF16,ND;ND;ND,"4,16,128",DT_BF16,ND,376.80,attention_generation,4,8192,16,8,128
dynamic,AI_CORE,"4,32,128;256,128,4096;256,128,4096",DT_BF16;DT_BF16;DT_BF16,ND;ND;ND,"4,32,128",DT_BF16,ND,477.38,attention_generation,4,8192,32,0,128
dynamic,AI_CORE,"4,32,128;256,128,128;256,128,128",DT_BF16;DT_BF16;DT_BF16,ND;ND;ND,"4,32,128",DT_BF16,ND,381.42,attention_generation,4,8192,32,1,128
dynamic,AI_CORE,"4,32,128;256,128,512;256,128,512",DT_BF16;DT_BF16;DT_BF16,ND;ND;ND,"4,32,128",DT_BF16,ND,377.78,attention_generation,4,8192,32,4,128
dynamic,AI_CORE,"4,32,128;256,128,1024;256,128,1024",DT_BF16;DT_BF16;DT_BF16,ND;ND;ND,"4,32,128",DT_BF16,ND,379.10,attention_generation,4,8192,32,8,128
dynamic,AI_CORE,"4,40,128;256,128,5120;256,128,5120",DT_BF16;DT_BF16;DT_BF16,ND;ND;ND,"4,40,128",DT_BF16,ND,621.15,attention_generation,4,8192,40,0,128
dynamic,AI_CORE,"4,40,128;256,128,128;256,128,128",DT_BF16;DT_BF16;DT_BF16,ND;ND;ND,"4,40,128",DT_BF16,ND,442.89,attention_generation,4,8192,40,1,128
dynamic,AI_CORE,"4,40,128;256,128,512;256,128,512",DT_BF16;DT_BF16;DT_BF16,ND;ND;ND,"4,40,128",DT_BF16,ND,456.33,attention_generation,4,8192,40,4,128
dynamic,AI_CORE,"4,40,128;256,128,1024;256,128,1024",DT_BF16;DT_BF16;DT_BF16,ND;ND;ND,"4,40,128",DT_BF16,ND,387.63,attention_generation,4,8192,40,8,128
dynamic,AI_CORE,"4,64,128;256,128,8192;256,128,8192",DT_BF16;DT_BF16;DT_BF16,ND;ND;ND,"4,64,128",DT_BF16,ND,950.76,attention_generation,4,8192,64,0,128
dynamic,AI_CORE,"4,64,128;256,128,128;256,128,128",DT_BF16;DT_BF16;DT_BF16,ND;ND;ND,"4,64,128",DT_BF16,ND,375.29,attention_generation,4,8192,64,1,128
dynamic,AI_CORE,"4,64,128;256,128,512;256,128,512",DT_BF16;DT_BF16;DT_BF16,ND;ND;ND,"4,64,128",DT_BF16,ND,353.23,attention_generation,4,8192,64,4,128
dynamic,AI_CORE,"4,64,128;256,128,1024;256,128,1024",DT_BF16;DT_BF16;DT_BF16,ND;ND;ND,"4,64,128",DT_BF16,ND,369.35,attention_generation,4,8192,64,8,128
dynamic,AI_CORE,"4,8,128;512,128,1024;512,128,1024",DT_BF16;DT_BF16;DT_BF16,ND;ND;ND,"4,8,128",DT_BF16,ND,362.81,attention_generation,4,16384,8,0,128
dynamic,AI_CORE,"4,8,128;512,128,128;512,128,128",DT_BF16;DT_BF16;DT_BF16,ND;ND;ND,"4,8,128",DT_BF16,ND,363.73,attention_generation,4,16384,8,1,128
dynamic,AI_CORE,"4,8,128;512,128,512;512,128,512",DT_BF16;DT_BF16;DT_BF16,ND;ND;ND,"4,8,128",DT_BF16,ND,364.95,attention_generation,4,16384,8,4,128
dynamic,AI_CORE,"4,8,128;512,128,1024;512,128,1024",DT_BF16;DT_BF16;DT_BF16,ND;ND;ND,"4,8,128",DT_BF16,ND,364.53,attention_generation,4,16384,8,8,128
dynamic,AI_CORE,"4,16,128;512,128,2048;512,128,2048",DT_BF16;DT_BF16;DT_BF16,ND;ND;ND,"4,16,128",DT_BF16,ND,461.71,attention_generation,4,16384,16,0,128
dynamic,AI_CORE,"4,16,128;512,128,128;512,128,128",DT_BF16;DT_BF16;DT_BF16,ND;ND;ND,"4,16,128",DT_BF16,ND,366.20,attention_generation,4,16384,16,1,128
dynamic,AI_CORE,"4,16,128;512,128,512;512,128,512",DT_BF16;DT_BF16;DT_BF16,ND;ND;ND,"4,16,128",DT_BF16,ND,371.44,attention_generation,4,16384,16,4,128
dynamic,AI_CORE,"4,16,128;512,128,1024;512,128,1024",DT_BF16;DT_BF16;DT_BF16,ND;ND;ND,"4,16,128",DT_BF16,ND,378.75,attention_generation,4,16384,16,8,128
dynamic,AI_CORE,"4,32,128;512,128,4096;512,128,4096",DT_BF16;DT_BF16;DT_BF16,ND;ND;ND,"4,32,128",DT_BF16,ND,948.00,attention_generation,4,16384,32,0,128
dynamic,AI_CORE,"4,32,128;512,128,128;512,128,128",DT_BF16;DT_BF16;DT_BF16,ND;ND;ND,"4,32,128",DT_BF16,ND,382.70,attention_generation,4,16384,32,1,128
dynamic,AI_CORE,"4,32,128;512,128,512;512,128,512",DT_BF16;DT_BF16;DT_BF16,ND;ND;ND,"4,32,128",DT_BF16,ND,382.62,attention_generation,4,16384,32,4,128
dynamic,AI_CORE,"4,32,128;512,128,1024;512,128,1024",DT_BF16;DT_BF16;DT_BF16,ND;ND;ND,"4,32,128",DT_BF16,ND,386.38,attention_generation,4,16384,32,8,128
dynamic,AI_CORE,"4,40,128;512,128,5120;512,128,5120",DT_BF16;DT_BF16;DT_BF16,ND;ND;ND,"4,40,128",DT_BF16,ND,1232.15,attention_generation,4,16384,40,0,128
dynamic,AI_CORE,"4,40,128;512,128,128;512,128,128",DT_BF16;DT_BF16;DT_BF16,ND;ND;ND,"4,40,128",DT_BF16,ND,383.14,attention_generation,4,16384,40,1,128
dynamic,AI_CORE,"4,40,128;512,128,512;512,128,512",DT_BF16;DT_BF16;DT_BF16,ND;ND;ND,"4,40,128",DT_BF16,ND,382.05,attention_generation,4,16384,40,4,128
dynamic,AI_CORE,"4,40,128;512,128,1024;512,128,1024",DT_BF16;DT_BF16;DT_BF16,ND;ND;ND,"4,40,128",DT_BF16,ND,383.10,attention_generation,4,16384,40,8,128
dynamic,AI_CORE,"4,64,128;512,128,8192;512,128,8192",DT_BF16;DT_BF16;DT_BF16,ND;ND;ND,"4,64,128",DT_BF16,ND,1890.76,attention_generation,4,16384,64,0,128
dynamic,AI_CORE,"4,64,128;512,128,128;512,128,128",DT_BF16;DT_BF16;DT_BF16,ND;ND;ND,"4,64,128",DT_BF16,ND,378.30,attention_generation,4,16384,64,1,128
dynamic,AI_CORE,"4,64,128;512,128,512;512,128,512",DT_BF16;DT_BF16;DT_BF16,ND;ND;ND,"4,64,128",DT_BF16,ND,374.80,attention_generation,4,16384,64,4,128
dynamic,AI_CORE,"4,64,128;512,128,1024;512,128,1024",DT_BF16;DT_BF16;DT_BF16,ND;ND;ND,"4,64,128",DT_BF16,ND,385.44,attention_generation,4,16384,64,8,128
dynamic,AI_CORE,"8,8,128;8,128,1024;8,128,1024",DT_BF16;DT_BF16;DT_BF16,ND;ND;ND,"8,8,128",DT_BF16,ND,379.23,attention_generation,8,128,8,0,128
dynamic,AI_CORE,"8,8,128;8,128,128;8,128,128",DT_BF16;DT_BF16;DT_BF16,ND;ND;ND,"8,8,128",DT_BF16,ND,384.61,attention_generation,8,128,8,1,128
dynamic,AI_CORE,"8,8,128;8,128,512;8,128,512",DT_BF16;DT_BF16;DT_BF16,ND;ND;ND,"8,8,128",DT_BF16,ND,378.86,attention_generation,8,128,8,4,128
dynamic,AI_CORE,"8,8,128;8,128,1024;8,128,1024",DT_BF16;DT_BF16;DT_BF16,ND;ND;ND,"8,8,128",DT_BF16,ND,379.85,attention_generation,8,128,8,8,128
dynamic,AI_CORE,"8,16,128;8,128,2048;8,128,2048",DT_BF16;DT_BF16;DT_BF16,ND;ND;ND,"8,16,128",DT_BF16,ND,374.12,attention_generation,8,128,16,0,128
dynamic,AI_CORE,"8,16,128;8,128,128;8,128,128",DT_BF16;DT_BF16;DT_BF16,ND;ND;ND,"8,16,128",DT_BF16,ND,374.98,attention_generation,8,128,16,1,128
dynamic,AI_CORE,"8,16,128;8,128,512;8,128,512",DT_BF16;DT_BF16;DT_BF16,ND;ND;ND,"8,16,128",DT_BF16,ND,375.72,attention_generation,8,128,16,4,128
dynamic,AI_CORE,"8,16,128;8,128,1024;8,128,1024",DT_BF16;DT_BF16;DT_BF16,ND;ND;ND,"8,16,128",DT_BF16,ND,371.17,attention_generation,8,128,16,8,128
dynamic,AI_CORE,"8,32,128;8,128,4096;8,128,4096",DT_BF16;DT_BF16;DT_BF16,ND;ND;ND,"8,32,128",DT_BF16,ND,387.20,attention_generation,8,128,32,0,128
dynamic,AI_CORE,"8,32,128;8,128,128;8,128,128",DT_BF16;DT_BF16;DT_BF16,ND;ND;ND,"8,32,128",DT_BF16,ND,375.32,attention_generation,8,128,32,1,128
dynamic,AI_CORE,"8,32,128;8,128,512;8,128,512",DT_BF16;DT_BF16;DT_BF16,ND;ND;ND,"8,32,128",DT_BF16,ND,374.98,attention_generation,8,128,32,4,128
dynamic,AI_CORE,"8,32,128;8,128,1024;8,128,1024",DT_BF16;DT_BF16;DT_BF16,ND;ND;ND,"8,32,128",DT_BF16,ND,382.53,attention_generation,8,128,32,8,128
dynamic,AI_CORE,"8,40,128;8,128,5120;8,128,5120",DT_BF16;DT_BF16;DT_BF16,ND;ND;ND,"8,40,128",DT_BF16,ND,374.24,attention_generation,8,128,40,0,128
dynamic,AI_CORE,"8,40,128;8,128,128;8,128,128",DT_BF16;DT_BF16;DT_BF16,ND;ND;ND,"8,40,128",DT_BF16,ND,467.52,attention_generation,8,128,40,1,128
dynamic,AI_CORE,"8,40,128;8,128,512;8,128,512",DT_BF16;DT_BF16;DT_BF16,ND;ND;ND,"8,40,128",DT_BF16,ND,436.93,attention_generation,8,128,40,4,128
dynamic,AI_CORE,"8,40,128;8,128,1024;8,128,1024",DT_BF16;DT_BF16;DT_BF16,ND;ND;ND,"8,40,128",DT_BF16,ND,426.97,attention_generation,8,128,40,8,128
dynamic,AI_CORE,"8,64,128;8,128,8192;8,128,8192",DT_BF16;DT_BF16;DT_BF16,ND;ND;ND,"8,64,128",DT_BF16,ND,405.55,attention_generation,8,128,64,0,128
dynamic,AI_CORE,"8,64,128;8,128,128;8,128,128",DT_BF16;DT_BF16;DT_BF16,ND;ND;ND,"8,64,128",DT_BF16,ND,399.12,attention_generation,8,128,64,1,128
dynamic,AI_CORE,"8,64,128;8,128,512;8,128,512",DT_BF16;DT_BF16;DT_BF16,ND;ND;ND,"8,64,128",DT_BF16,ND,453.87,attention_generation,8,128,64,4,128
dynamic,AI_CORE,"8,64,128;8,128,1024;8,128,1024",DT_BF16;DT_BF16;DT_BF16,ND;ND;ND,"8,64,128",DT_BF16,ND,396.45,attention_generation,8,128,64,8,128
dynamic,AI_CORE,"8,8,128;16,128,1024;16,128,1024",DT_BF16;DT_BF16;DT_BF16,ND;ND;ND,"8,8,128",DT_BF16,ND,392.37,attention_generation,8,256,8,0,128
dynamic,AI_CORE,"8,8,128;16,128,128;16,128,128",DT_BF16;DT_BF16;DT_BF16,ND;ND;ND,"8,8,128",DT_BF16,ND,361.16,attention_generation,8,256,8,1,128
dynamic,AI_CORE,"8,8,128;16,128,512;16,128,512",DT_BF16;DT_BF16;DT_BF16,ND;ND;ND,"8,8,128",DT_BF16,ND,360.21,attention_generation,8,256,8,4,128
dynamic,AI_CORE,"8,8,128;16,128,1024;16,128,1024",DT_BF16;DT_BF16;DT_BF16,ND;ND;ND,"8,8,128",DT_BF16,ND,366.31,attention_generation,8,256,8,8,128
dynamic,AI_CORE,"8,16,128;16,128,2048;16,128,2048",DT_BF16;DT_BF16;DT_BF16,ND;ND;ND,"8,16,128",DT_BF16,ND,367.07,attention_generation,8,256,16,0,128
dynamic,AI_CORE,"8,16,128;16,128,128;16,128,128",DT_BF16;DT_BF16;DT_BF16,ND;ND;ND,"8,16,128",DT_BF16,ND,366.95,attention_generation,8,256,16,1,128
dynamic,AI_CORE,"8,16,128;16,128,512;16,128,512",DT_BF16;DT_BF16;DT_BF16,ND;ND;ND,"8,16,128",DT_BF16,ND,366.07,attention_generation,8,256,16,4,128
dynamic,AI_CORE,"8,16,128;16,128,1024;16,128,1024",DT_BF16;DT_BF16;DT_BF16,ND;ND;ND,"8,16,128",DT_BF16,ND,369.04,attention_generation,8,256,16,8,128
dynamic,AI_CORE,"8,32,128;16,128,4096;16,128,4096",DT_BF16;DT_BF16;DT_BF16,ND;ND;ND,"8,32,128",DT_BF16,ND,368.25,attention_generation,8,256,32,0,128
dynamic,AI_CORE,"8,32,128;16,128,128;16,128,128",DT_BF16;DT_BF16;DT_BF16,ND;ND;ND,"8,32,128",DT_BF16,ND,367.93,attention_generation,8,256,32,1,128
dynamic,AI_CORE,"8,32,128;16,128,512;16,128,512",DT_BF16;DT_BF16;DT_BF16,ND;ND;ND,"8,32,128",DT_BF16,ND,372.20,attention_generation,8,256,32,4,128
dynamic,AI_CORE,"8,32,128;16,128,1024;16,128,1024",DT_BF16;DT_BF16;DT_BF16,ND;ND;ND,"8,32,128",DT_BF16,ND,370.98,attention_generation,8,256,32,8,128
dynamic,AI_CORE,"8,40,128;16,128,5120;16,128,5120",DT_BF16;DT_BF16;DT_BF16,ND;ND;ND,"8,40,128",DT_BF16,ND,369.88,attention_generation,8,256,40,0,128
dynamic,AI_CORE,"8,40,128;16,128,128;16,128,128",DT_BF16;DT_BF16;DT_BF16,ND;ND;ND,"8,40,128",DT_BF16,ND,370.06,attention_generation,8,256,40,1,128
dynamic,AI_CORE,"8,40,128;16,128,512;16,128,512",DT_BF16;DT_BF16;DT_BF16,ND;ND;ND,"8,40,128",DT_BF16,ND,395.29,attention_generation,8,256,40,4,128
dynamic,AI_CORE,"8,40,128;16,128,1024;16,128,1024",DT_BF16;DT_BF16;DT_BF16,ND;ND;ND,"8,40,128",DT_BF16,ND,382.79,attention_generation,8,256,40,8,128
dynamic,AI_CORE,"8,64,128;16,128,8192;16,128,8192",DT_BF16;DT_BF16;DT_BF16,ND;ND;ND,"8,64,128",DT_BF16,ND,382.74,attention_generation,8,256,64,0,128
dynamic,AI_CORE,"8,64,128;16,128,128;16,128,128",DT_BF16;DT_BF16;DT_BF16,ND;ND;ND,"8,64,128",DT_BF16,ND,382.47,attention_generation,8,256,64,1,128
dynamic,AI_CORE,"8,64,128;16,128,512;16,128,512",DT_BF16;DT_BF16;DT_BF16,ND;ND;ND,"8,64,128",DT_BF16,ND,381.94,attention_generation,8,256,64,4,128
dynamic,AI_CORE,"8,64,128;16,128,1024;16,128,1024",DT_BF16;DT_BF16;DT_BF16,ND;ND;ND,"8,64,128",DT_BF16,ND,386.33,attention_generation,8,256,64,8,128
dynamic,AI_CORE,"8,8,128;32,128,1024;32,128,1024",DT_BF16;DT_BF16;DT_BF16,ND;ND;ND,"8,8,128",DT_BF16,ND,379.98,attention_generation,8,512,8,0,128
dynamic,AI_CORE,"8,8,128;32,128,128;32,128,128",DT_BF16;DT_BF16;DT_BF16,ND;ND;ND,"8,8,128",DT_BF16,ND,384.26,attention_generation,8,512,8,1,128
dynamic,AI_CORE,"8,8,128;32,128,512;32,128,512",DT_BF16;DT_BF16;DT_BF16,ND;ND;ND,"8,8,128",DT_BF16,ND,380.79,attention_generation,8,512,8,4,128
dynamic,AI_CORE,"8,8,128;32,128,1024;32,128,1024",DT_BF16;DT_BF16;DT_BF16,ND;ND;ND,"8,8,128",DT_BF16,ND,378.86,attention_generation,8,512,8,8,128
dynamic,AI_CORE,"8,16,128;32,128,2048;32,128,2048",DT_BF16;DT_BF16;DT_BF16,ND;ND;ND,"8,16,128",DT_BF16,ND,379.03,attention_generation,8,512,16,0,128
dynamic,AI_CORE,"8,16,128;32,128,128;32,128,128",DT_BF16;DT_BF16;DT_BF16,ND;ND;ND,"8,16,128",DT_BF16,ND,380.82,attention_generation,8,512,16,1,128
dynamic,AI_CORE,"8,16,128;32,128,512;32,128,512",DT_BF16;DT_BF16;DT_BF16,ND;ND;ND,"8,16,128",DT_BF16,ND,382.26,attention_generation,8,512,16,4,128
dynamic,AI_CORE,"8,16,128;32,128,1024;32,128,1024",DT_BF16;DT_BF16;DT_BF16,ND;ND;ND,"8,16,128",DT_BF16,ND,379.98,attention_generation,8,512,16,8,128
dynamic,AI_CORE,"8,32,128;32,128,4096;32,128,4096",DT_BF16;DT_BF16;DT_BF16,ND;ND;ND,"8,32,128",DT_BF16,ND,378.46,attention_generation,8,512,32,0,128
dynamic,AI_CORE,"8,32,128;32,128,128;32,128,128",DT_BF16;DT_BF16;DT_BF16,ND;ND;ND,"8,32,128",DT_BF16,ND,379.86,attention_generation,8,512,32,1,128
dynamic,AI_CORE,"8,32,128;32,128,512;32,128,512",DT_BF16;DT_BF16;DT_BF16,ND;ND;ND,"8,32,128",DT_BF16,ND,377.47,attention_generation,8,512,32,4,128
dynamic,AI_CORE,"8,32,128;32,128,1024;32,128,1024",DT_BF16;DT_BF16;DT_BF16,ND;ND;ND,"8,32,128",DT_BF16,ND,382.44,attention_generation,8,512,32,8,128
dynamic,AI_CORE,"8,40,128;32,128,5120;32,128,5120",DT_BF16;DT_BF16;DT_BF16,ND;ND;ND,"8,40,128",DT_BF16,ND,383.60,attention_generation,8,512,40,0,128
dynamic,AI_CORE,"8,40,128;32,128,128;32,128,128",DT_BF16;DT_BF16;DT_BF16,ND;ND;ND,"8,40,128",DT_BF16,ND,433.78,attention_generation,8,512,40,1,128
dynamic,AI_CORE,"8,40,128;32,128,512;32,128,512",DT_BF16;DT_BF16;DT_BF16,ND;ND;ND,"8,40,128",DT_BF16,ND,387.10,attention_generation,8,512,40,4,128
dynamic,AI_CORE,"8,40,128;32,128,1024;32,128,1024",DT_BF16;DT_BF16;DT_BF16,ND;ND;ND,"8,40,128",DT_BF16,ND,387.68,attention_generation,8,512,40,8,128
dynamic,AI_CORE,"8,64,128;32,128,8192;32,128,8192",DT_BF16;DT_BF16;DT_BF16,ND;ND;ND,"8,64,128",DT_BF16,ND,473.64,attention_generation,8,512,64,0,128
dynamic,AI_CORE,"8,64,128;32,128,128;32,128,128",DT_BF16;DT_BF16;DT_BF16,ND;ND;ND,"8,64,128",DT_BF16,ND,470.12,attention_generation,8,512,64,1,128
dynamic,AI_CORE,"8,64,128;32,128,512;32,128,512",DT_BF16;DT_BF16;DT_BF16,ND;ND;ND,"8,64,128",DT_BF16,ND,464.49,attention_generation,8,512,64,4,128
dynamic,AI_CORE,"8,64,128;32,128,1024;32,128,1024",DT_BF16;DT_BF16;DT_BF16,ND;ND;ND,"8,64,128",DT_BF16,ND,457.83,attention_generation,8,512,64,8,128
dynamic,AI_CORE,"8,8,128;64,128,1024;64,128,1024",DT_BF16;DT_BF16;DT_BF16,ND;ND;ND,"8,8,128",DT_BF16,ND,570.78,attention_generation,8,1024,8,0,128
dynamic,AI_CORE,"8,8,128;64,128,128;64,128,128",DT_BF16;DT_BF16;DT_BF16,ND;ND;ND,"8,8,128",DT_BF16,ND,440.32,attention_generation,8,1024,8,1,128
dynamic,AI_CORE,"8,8,128;64,128,512;64,128,512",DT_BF16;DT_BF16;DT_BF16,ND;ND;ND,"8,8,128",DT_BF16,ND,429.60,attention_generation,8,1024,8,4,128
dynamic,AI_CORE,"8,8,128;64,128,1024;64,128,1024",DT_BF16;DT_BF16;DT_BF16,ND;ND;ND,"8,8,128",DT_BF16,ND,425.26,attention_generation,8,1024,8,8,128
dynamic,AI_CORE,"8,16,128;64,128,2048;64,128,2048",DT_BF16;DT_BF16;DT_BF16,ND;ND;ND,"8,16,128",DT_BF16,ND,424.73,attention_generation,8,1024,16,0,128
dynamic,AI_CORE,"8,16,128;64,128,128;64,128,128",DT_BF16;DT_BF16;DT_BF16,ND;ND;ND,"8,16,128",DT_BF16,ND,426.49,attention_generation,8,1024,16,1,128
dynamic,AI_CORE,"8,16,128;64,128,512;64,128,512",DT_BF16;DT_BF16;DT_BF16,ND;ND;ND,"8,16,128",DT_BF16,ND,432.71,attention_generation,8,1024,16,4,128
dynamic,AI_CORE,"8,16,128;64,128,1024;64,128,1024",DT_BF16;DT_BF16;DT_BF16,ND;ND;ND,"8,16,128",DT_BF16,ND,364.13,attention_generation,8,1024,16,8,128
dynamic,AI_CORE,"8,32,128;64,128,4096;64,128,4096",DT_BF16;DT_BF16;DT_BF16,ND;ND;ND,"8,32,128",DT_BF16,ND,361.89,attention_generation,8,1024,32,0,128
dynamic,AI_CORE,"8,32,128;64,128,128;64,128,128",DT_BF16;DT_BF16;DT_BF16,ND;ND;ND,"8,32,128",DT_BF16,ND,361.76,attention_generation,8,1024,32,1,128
dynamic,AI_CORE,"8,32,128;64,128,512;64,128,512",DT_BF16;DT_BF16;DT_BF16,ND;ND;ND,"8,32,128",DT_BF16,ND,358.89,attention_generation,8,1024,32,4,128
dynamic,AI_CORE,"8,32,128;64,128,1024;64,128,1024",DT_BF16;DT_BF16;DT_BF16,ND;ND;ND,"8,32,128",DT_BF16,ND,360.31,attention_generation,8,1024,32,8,128
dynamic,AI_CORE,"8,40,128;64,128,5120;64,128,5120",DT_BF16;DT_BF16;DT_BF16,ND;ND;ND,"8,40,128",DT_BF16,ND,358.74,attention_generation,8,1024,40,0,128
dynamic,AI_CORE,"8,40,128;64,128,128;64,128,128",DT_BF16;DT_BF16;DT_BF16,ND;ND;ND,"8,40,128",DT_BF16,ND,359.80,attention_generation,8,1024,40,1,128
dynamic,AI_CORE,"8,40,128;64,128,512;64,128,512",DT_BF16;DT_BF16;DT_BF16,ND;ND;ND,"8,40,128",DT_BF16,ND,360.82,attention_generation,8,1024,40,4,128
dynamic,AI_CORE,"8,40,128;64,128,1024;64,128,1024",DT_BF16;DT_BF16;DT_BF16,ND;ND;ND,"8,40,128",DT_BF16,ND,405.35,attention_generation,8,1024,40,8,128
dynamic,AI_CORE,"8,64,128;64,128,8192;64,128,8192",DT_BF16;DT_BF16;DT_BF16,ND;ND;ND,"8,64,128",DT_BF16,ND,411.30,attention_generation,8,1024,64,0,128
dynamic,AI_CORE,"8,64,128;64,128,128;64,128,128",DT_BF16;DT_BF16;DT_BF16,ND;ND;ND,"8,64,128",DT_BF16,ND,430.04,attention_generation,8,1024,64,1,128
dynamic,AI_CORE,"8,64,128;64,128,512;64,128,512",DT_BF16;DT_BF16;DT_BF16,ND;ND;ND,"8,64,128",DT_BF16,ND,426.38,attention_generation,8,1024,64,4,128
dynamic,AI_CORE,"8,64,128;64,128,1024;64,128,1024",DT_BF16;DT_BF16;DT_BF16,ND;ND;ND,"8,64,128",DT_BF16,ND,425.31,attention_generation,8,1024,64,8,128
dynamic,AI_CORE,"8,8,128;128,128,1024;128,128,1024",DT_BF16;DT_BF16;DT_BF16,ND;ND;ND,"8,8,128",DT_BF16,ND,424.42,attention_generation,8,2048,8,0,128
dynamic,AI_CORE,"8,8,128;128,128,128;128,128,128",DT_BF16;DT_BF16;DT_BF16,ND;ND;ND,"8,8,128",DT_BF16,ND,417.87,attention_generation,8,2048,8,1,128
dynamic,AI_CORE,"8,8,128;128,128,512;128,128,512",DT_BF16;DT_BF16;DT_BF16,ND;ND;ND,"8,8,128",DT_BF16,ND,415.81,attention_generation,8,2048,8,4,128
dynamic,AI_CORE,"8,8,128;128,128,1024;128,128,1024",DT_BF16;DT_BF16;DT_BF16,ND;ND;ND,"8,8,128",DT_BF16,ND,413.74,attention_generation,8,2048,8,8,128
dynamic,AI_CORE,"8,16,128;128,128,2048;128,128,2048",DT_BF16;DT_BF16;DT_BF16,ND;ND;ND,"8,16,128",DT_BF16,ND,413.78,attention_generation,8,2048,16,0,128
dynamic,AI_CORE,"8,16,128;128,128,128;128,128,128",DT_BF16;DT_BF16;DT_BF16,ND;ND;ND,"8,16,128",DT_BF16,ND,414.72,attention_generation,8,2048,16,1,128
dynamic,AI_CORE,"8,16,128;128,128,512;128,128,512",DT_BF16;DT_BF16;DT_BF16,ND;ND;ND,"8,16,128",DT_BF16,ND,449.89,attention_generation,8,2048,16,4,128
dynamic,AI_CORE,"8,16,128;128,128,1024;128,128,1024",DT_BF16;DT_BF16;DT_BF16,ND;ND;ND,"8,16,128",DT_BF16,ND,450.35,attention_generation,8,2048,16,8,128
dynamic,AI_CORE,"8,32,128;128,128,4096;128,128,4096",DT_BF16;DT_BF16;DT_BF16,ND;ND;ND,"8,32,128",DT_BF16,ND,444.81,attention_generation,8,2048,32,0,128
dynamic,AI_CORE,"8,32,128;128,128,128;128,128,128",DT_BF16;DT_BF16;DT_BF16,ND;ND;ND,"8,32,128",DT_BF16,ND,445.31,attention_generation,8,2048,32,1,128
dynamic,AI_CORE,"8,32,128;128,128,512;128,128,512",DT_BF16;DT_BF16;DT_BF16,ND;ND;ND,"8,32,128",DT_BF16,ND,441.99,attention_generation,8,2048,32,4,128
dynamic,AI_CORE,"8,32,128;128,128,1024;128,128,1024",DT_BF16;DT_BF16;DT_BF16,ND;ND;ND,"8,32,128",DT_BF16,ND,432.20,attention_generation,8,2048,32,8,128
dynamic,AI_CORE,"8,40,128;128,128,5120;128,128,5120",DT_BF16;DT_BF16;DT_BF16,ND;ND;ND,"8,40,128",DT_BF16,ND,428.42,attention_generation,8,2048,40,0,128
dynamic,AI_CORE,"8,40,128;128,128,128;128,128,128",DT_BF16;DT_BF16;DT_BF16,ND;ND;ND,"8,40,128",DT_BF16,ND,424.76,attention_generation,8,2048,40,1,128
dynamic,AI_CORE,"8,40,128;128,128,512;128,128,512",DT_BF16;DT_BF16;DT_BF16,ND;ND;ND,"8,40,128",DT_BF16,ND,425.13,attention_generation,8,2048,40,4,128
dynamic,AI_CORE,"8,40,128;128,128,1024;128,128,1024",DT_BF16;DT_BF16;DT_BF16,ND;ND;ND,"8,40,128",DT_BF16,ND,419.17,attention_generation,8,2048,40,8,128
dynamic,AI_CORE,"8,64,128;128,128,8192;128,128,8192",DT_BF16;DT_BF16;DT_BF16,ND;ND;ND,"8,64,128",DT_BF16,ND,562.53,attention_generation,8,2048,64,0,128
dynamic,AI_CORE,"8,64,128;128,128,128;128,128,128",DT_BF16;DT_BF16;DT_BF16,ND;ND;ND,"8,64,128",DT_BF16,ND,412.57,attention_generation,8,2048,64,1,128
dynamic,AI_CORE,"8,64,128;128,128,512;128,128,512",DT_BF16;DT_BF16;DT_BF16,ND;ND;ND,"8,64,128",DT_BF16,ND,409.13,attention_generation,8,2048,64,4,128
dynamic,AI_CORE,"8,64,128;128,128,1024;128,128,1024",DT_BF16;DT_BF16;DT_BF16,ND;ND;ND,"8,64,128",DT_BF16,ND,407.60,attention_generation,8,2048,64,8,128
dynamic,AI_CORE,"8,8,128;256,128,1024;256,128,1024",DT_BF16;DT_BF16;DT_BF16,ND;ND;ND,"8,8,128",DT_BF16,ND,404.91,attention_generation,8,4096,8,0,128
dynamic,AI_CORE,"8,8,128;256,128,128;256,128,128",DT_BF16;DT_BF16;DT_BF16,ND;ND;ND,"8,8,128",DT_BF16,ND,405.94,attention_generation,8,4096,8,1,128
dynamic,AI_CORE,"8,8,128;256,128,512;256,128,512",DT_BF16;DT_BF16;DT_BF16,ND;ND;ND,"8,8,128",DT_BF16,ND,405.23,attention_generation,8,4096,8,4,128
dynamic,AI_CORE,"8,8,128;256,128,1024;256,128,1024",DT_BF16;DT_BF16;DT_BF16,ND;ND;ND,"8,8,128",DT_BF16,ND,403.25,attention_generation,8,4096,8,8,128
dynamic,AI_CORE,"8,16,128;256,128,2048;256,128,2048",DT_BF16;DT_BF16;DT_BF16,ND;ND;ND,"8,16,128",DT_BF16,ND,404.42,attention_generation,8,4096,16,0,128
dynamic,AI_CORE,"8,16,128;256,128,128;256,128,128",DT_BF16;DT_BF16;DT_BF16,ND;ND;ND,"8,16,128",DT_BF16,ND,450.92,attention_generation,8,4096,16,1,128
dynamic,AI_CORE,"8,16,128;256,128,512;256,128,512",DT_BF16;DT_BF16;DT_BF16,ND;ND;ND,"8,16,128",DT_BF16,ND,442.58,attention_generation,8,4096,16,4,128
dynamic,AI_CORE,"8,16,128;256,128,1024;256,128,1024",DT_BF16;DT_BF16;DT_BF16,ND;ND;ND,"8,16,128",DT_BF16,ND,435.36,attention_generation,8,4096,16,8,128
dynamic,AI_CORE,"8,32,128;256,128,4096;256,128,4096",DT_BF16;DT_BF16;DT_BF16,ND;ND;ND,"8,32,128",DT_BF16,ND,481.35,attention_generation,8,4096,32,0,128
dynamic,AI_CORE,"8,32,128;256,128,128;256,128,128",DT_BF16;DT_BF16;DT_BF16,ND;ND;ND,"8,32,128",DT_BF16,ND,429.21,attention_generation,8,4096,32,1,128
dynamic,AI_CORE,"8,32,128;256,128,512;256,128,512",DT_BF16;DT_BF16;DT_BF16,ND;ND;ND,"8,32,128",DT_BF16,ND,421.39,attention_generation,8,4096,32,4,128
dynamic,AI_CORE,"8,32,128;256,128,1024;256,128,1024",DT_BF16;DT_BF16;DT_BF16,ND;ND;ND,"8,32,128",DT_BF16,ND,419.93,attention_generation,8,4096,32,8,128
dynamic,AI_CORE,"8,40,128;256,128,5120;256,128,5120",DT_BF16;DT_BF16;DT_BF16,ND;ND;ND,"8,40,128",DT_BF16,ND,621.26,attention_generation,8,4096,40,0,128
dynamic,AI_CORE,"8,40,128;256,128,128;256,128,128",DT_BF16;DT_BF16;DT_BF16,ND;ND;ND,"8,40,128",DT_BF16,ND,414.02,attention_generation,8,4096,40,1,128
dynamic,AI_CORE,"8,40,128;256,128,512;256,128,512",DT_BF16;DT_BF16;DT_BF16,ND;ND;ND,"8,40,128",DT_BF16,ND,447.26,attention_generation,8,4096,40,4,128
dynamic,AI_CORE,"8,40,128;256,128,1024;256,128,1024",DT_BF16;DT_BF16;DT_BF16,ND;ND;ND,"8,40,128",DT_BF16,ND,444.58,attention_generation,8,4096,40,8,128
dynamic,AI_CORE,"8,64,128;256,128,8192;256,128,8192",DT_BF16;DT_BF16;DT_BF16,ND;ND;ND,"8,64,128",DT_BF16,ND,1131.84,attention_generation,8,4096,64,0,128
dynamic,AI_CORE,"8,64,128;256,128,128;256,128,128",DT_BF16;DT_BF16;DT_BF16,ND;ND;ND,"8,64,128",DT_BF16,ND,424.45,attention_generation,8,4096,64,1,128
dynamic,AI_CORE,"8,64,128;256,128,512;256,128,512",DT_BF16;DT_BF16;DT_BF16,ND;ND;ND,"8,64,128",DT_BF16,ND,404.22,attention_generation,8,4096,64,4,128
dynamic,AI_CORE,"8,64,128;256,128,1024;256,128,1024",DT_BF16;DT_BF16;DT_BF16,ND;ND;ND,"8,64,128",DT_BF16,ND,405.49,attention_generation,8,4096,64,8,128
dynamic,AI_CORE,"8,8,128;512,128,1024;512,128,1024",DT_BF16;DT_BF16;DT_BF16,ND;ND;ND,"8,8,128",DT_BF16,ND,403.24,attention_generation,8,8192,8,0,128
dynamic,AI_CORE,"8,8,128;512,128,128;512,128,128",DT_BF16;DT_BF16;DT_BF16,ND;ND;ND,"8,8,128",DT_BF16,ND,393.40,attention_generation,8,8192,8,1,128
dynamic,AI_CORE,"8,8,128;512,128,512;512,128,512",DT_BF16;DT_BF16;DT_BF16,ND;ND;ND,"8,8,128",DT_BF16,ND,398.10,attention_generation,8,8192,8,4,128
dynamic,AI_CORE,"8,8,128;512,128,1024;512,128,1024",DT_BF16;DT_BF16;DT_BF16,ND;ND;ND,"8,8,128",DT_BF16,ND,425.34,attention_generation,8,8192,8,8,128
dynamic,AI_CORE,"8,16,128;512,128,2048;512,128,2048",DT_BF16;DT_BF16;DT_BF16,ND;ND;ND,"8,16,128",DT_BF16,ND,464.98,attention_generation,8,8192,16,0,128
dynamic,AI_CORE,"8,16,128;512,128,128;512,128,128",DT_BF16;DT_BF16;DT_BF16,ND;ND;ND,"8,16,128",DT_BF16,ND,398.61,attention_generation,8,8192,16,1,128
dynamic,AI_CORE,"8,16,128;512,128,512;512,128,512",DT_BF16;DT_BF16;DT_BF16,ND;ND;ND,"8,16,128",DT_BF16,ND,397.33,attention_generation,8,8192,16,4,128
dynamic,AI_CORE,"8,16,128;512,128,1024;512,128,1024",DT_BF16;DT_BF16;DT_BF16,ND;ND;ND,"8,16,128",DT_BF16,ND,401.19,attention_generation,8,8192,16,8,128
dynamic,AI_CORE,"8,32,128;512,128,4096;512,128,4096",DT_BF16;DT_BF16;DT_BF16,ND;ND;ND,"8,32,128",DT_BF16,ND,951.26,attention_generation,8,8192,32,0,128
dynamic,AI_CORE,"8,32,128;512,128,128;512,128,128",DT_BF16;DT_BF16;DT_BF16,ND;ND;ND,"8,32,128",DT_BF16,ND,400.08,attention_generation,8,8192,32,1,128
dynamic,AI_CORE,"8,32,128;512,128,512;512,128,512",DT_BF16;DT_BF16;DT_BF16,ND;ND;ND,"8,32,128",DT_BF16,ND,459.80,attention_generation,8,8192,32,4,128
dynamic,AI_CORE,"8,32,128;512,128,1024;512,128,1024",DT_BF16;DT_BF16;DT_BF16,ND;ND;ND,"8,32,128",DT_BF16,ND,443.07,attention_generation,8,8192,32,8,128
dynamic,AI_CORE,"8,40,128;512,128,5120;512,128,5120",DT_BF16;DT_BF16;DT_BF16,ND;ND;ND,"8,40,128",DT_BF16,ND,1236.68,attention_generation,8,8192,40,0,128
dynamic,AI_CORE,"8,40,128;512,128,128;512,128,128",DT_BF16;DT_BF16;DT_BF16,ND;ND;ND,"8,40,128",DT_BF16,ND,380.32,attention_generation,8,8192,40,1,128
dynamic,AI_CORE,"8,40,128;512,128,512;512,128,512",DT_BF16;DT_BF16;DT_BF16,ND;ND;ND,"8,40,128",DT_BF16,ND,382.23,attention_generation,8,8192,40,4,128
dynamic,AI_CORE,"8,40,128;512,128,1024;512,128,1024",DT_BF16;DT_BF16;DT_BF16,ND;ND;ND,"8,40,128",DT_BF16,ND,383.82,attention_generation,8,8192,40,8,128
dynamic,AI_CORE,"8,64,128;512,128,8192;512,128,8192",DT_BF16;DT_BF16;DT_BF16,ND;ND;ND,"8,64,128",DT_BF16,ND,2355.01,attention_generation,8,8192,64,0,128
dynamic,AI_CORE,"8,64,128;512,128,128;512,128,128",DT_BF16;DT_BF16;DT_BF16,ND;ND;ND,"8,64,128",DT_BF16,ND,359.47,attention_generation,8,8192,64,1,128
dynamic,AI_CORE,"8,64,128;512,128,512;512,128,512",DT_BF16;DT_BF16;DT_BF16,ND;ND;ND,"8,64,128",DT_BF16,ND,364.74,attention_generation,8,8192,64,4,128
dynamic,AI_CORE,"8,64,128;512,128,1024;512,128,1024",DT_BF16;DT_BF16;DT_BF16,ND;ND;ND,"8,64,128",DT_BF16,ND,371.02,attention_generation,8,8192,64,8,128
dynamic,AI_CORE,"8,8,128;1024,128,1024;1024,128,1024",DT_BF16;DT_BF16;DT_BF16,ND;ND;ND,"8,8,128",DT_BF16,ND,467.92,attention_generation,8,16384,8,0,128
dynamic,AI_CORE,"8,8,128;1024,128,128;1024,128,128",DT_BF16;DT_BF16;DT_BF16,ND;ND;ND,"8,8,128",DT_BF16,ND,370.43,attention_generation,8,16384,8,1,128
dynamic,AI_CORE,"8,8,128;1024,128,512;1024,128,512",DT_BF16;DT_BF16;DT_BF16,ND;ND;ND,"8,8,128",DT_BF16,ND,370.31,attention_generation,8,16384,8,4,128
dynamic,AI_CORE,"8,8,128;1024,128,1024;1024,128,1024",DT_BF16;DT_BF16;DT_BF16,ND;ND;ND,"8,8,128",DT_BF16,ND,466.07,attention_generation,8,16384,8,8,128
dynamic,AI_CORE,"8,16,128;1024,128,2048;1024,128,2048",DT_BF16;DT_BF16;DT_BF16,ND;ND;ND,"8,16,128",DT_BF16,ND,920.08,attention_generation,8,16384,16,0,128
dynamic,AI_CORE,"8,16,128;1024,128,128;1024,128,128",DT_BF16;DT_BF16;DT_BF16,ND;ND;ND,"8,16,128",DT_BF16,ND,373.07,attention_generation,8,16384,16,1,128
dynamic,AI_CORE,"8,16,128;1024,128,512;1024,128,512",DT_BF16;DT_BF16;DT_BF16,ND;ND;ND,"8,16,128",DT_BF16,ND,380.14,attention_generation,8,16384,16,4,128
dynamic,AI_CORE,"8,16,128;1024,128,1024;1024,128,1024",DT_BF16;DT_BF16;DT_BF16,ND;ND;ND,"8,16,128",DT_BF16,ND,579.91,attention_generation,8,16384,16,8,128
dynamic,AI_CORE,"8,32,128;1024,128,4096;1024,128,4096",DT_BF16;DT_BF16;DT_BF16,ND;ND;ND,"8,32,128",DT_BF16,ND,1886.83,attention_generation,8,16384,32,0,128
dynamic,AI_CORE,"8,32,128;1024,128,128;1024,128,128",DT_BF16;DT_BF16;DT_BF16,ND;ND;ND,"8,32,128",DT_BF16,ND,381.11,attention_generation,8,16384,32,1,128
dynamic,AI_CORE,"8,32,128;1024,128,512;1024,128,512",DT_BF16;DT_BF16;DT_BF16,ND;ND;ND,"8,32,128",DT_BF16,ND,415.63,attention_generation,8,16384,32,4,128
dynamic,AI_CORE,"8,32,128;1024,128,1024;1024,128,1024",DT_BF16;DT_BF16;DT_BF16,ND;ND;ND,"8,32,128",DT_BF16,ND,582.71,attention_generation,8,16384,32,8,128
dynamic,AI_CORE,"8,40,128;1024,128,5120;1024,128,5120",DT_BF16;DT_BF16;DT_BF16,ND;ND;ND,"8,40,128",DT_BF16,ND,2469.82,attention_generation,8,16384,40,0,128
dynamic,AI_CORE,"8,40,128;1024,128,128;1024,128,128",DT_BF16;DT_BF16;DT_BF16,ND;ND;ND,"8,40,128",DT_BF16,ND,432.19,attention_generation,8,16384,40,1,128
dynamic,AI_CORE,"8,40,128;1024,128,512;1024,128,512",DT_BF16;DT_BF16;DT_BF16,ND;ND;ND,"8,40,128",DT_BF16,ND,456.38,attention_generation,8,16384,40,4,128
dynamic,AI_CORE,"8,40,128;1024,128,1024;1024,128,1024",DT_BF16;DT_BF16;DT_BF16,ND;ND;ND,"8,40,128",DT_BF16,ND,581.27,attention_generation,8,16384,40,8,128
dynamic,AI_CORE,"8,64,128;1024,128,8192;1024,128,8192",DT_BF16;DT_BF16;DT_BF16,ND;ND;ND,"8,64,128",DT_BF16,ND,4657.76,attention_generation,8,16384,64,0,128
dynamic,AI_CORE,"8,64,128;1024,128,128;1024,128,128",DT_BF16;DT_BF16;DT_BF16,ND;ND;ND,"8,64,128",DT_BF16,ND,423.17,attention_generation,8,16384,64,1,128
dynamic,AI_CORE,"8,64,128;1024,128,512;1024,128,512",DT_BF16;DT_BF16;DT_BF16,ND;ND;ND,"8,64,128",DT_BF16,ND,420.32,attention_generation,8,16384,64,4,128
dynamic,AI_CORE,"8,64,128;1024,128,1024;1024,128,1024",DT_BF16;DT_BF16;DT_BF16,ND;ND;ND,"8,64,128",DT_BF16,ND,583.57,attention_generation,8,16384,64,8,128
dynamic,AI_CORE,"16,8,128;16,128,1024;16,128,1024",DT_BF16;DT_BF16;DT_BF16,ND;ND;ND,"16,8,128",DT_BF16,ND,387.02,attention_generation,16,128,8,0,128
dynamic,AI_CORE,"16,8,128;16,128,128;16,128,128",DT_BF16;DT_BF16;DT_BF16,ND;ND;ND,"16,8,128",DT_BF16,ND,390.85,attention_generation,16,128,8,1,128
dynamic,AI_CORE,"16,8,128;16,128,512;16,128,512",DT_BF16;DT_BF16;DT_BF16,ND;ND;ND,"16,8,128",DT_BF16,ND,392.07,attention_generation,16,128,8,4,128
dynamic,AI_CORE,"16,8,128;16,128,1024;16,128,1024",DT_BF16;DT_BF16;DT_BF16,ND;ND;ND,"16,8,128",DT_BF16,ND,391.67,attention_generation,16,128,8,8,128
dynamic,AI_CORE,"16,16,128;16,128,2048;16,128,2048",DT_BF16;DT_BF16;DT_BF16,ND;ND;ND,"16,16,128",DT_BF16,ND,394.89,attention_generation,16,128,16,0,128
dynamic,AI_CORE,"16,16,128;16,128,128;16,128,128",DT_BF16;DT_BF16;DT_BF16,ND;ND;ND,"16,16,128",DT_BF16,ND,393.55,attention_generation,16,128,16,1,128
dynamic,AI_CORE,"16,16,128;16,128,512;16,128,512",DT_BF16;DT_BF16;DT_BF16,ND;ND;ND,"16,16,128",DT_BF16,ND,393.77,attention_generation,16,128,16,4,128
dynamic,AI_CORE,"16,16,128;16,128,1024;16,128,1024",DT_BF16;DT_BF16;DT_BF16,ND;ND;ND,"16,16,128",DT_BF16,ND,394.26,attention_generation,16,128,16,8,128
dynamic,AI_CORE,"16,32,128;16,128,4096;16,128,4096",DT_BF16;DT_BF16;DT_BF16,ND;ND;ND,"16,32,128",DT_BF16,ND,393.70,attention_generation,16,128,32,0,128
dynamic,AI_CORE,"16,32,128;16,128,128;16,128,128",DT_BF16;DT_BF16;DT_BF16,ND;ND;ND,"16,32,128",DT_BF16,ND,395.32,attention_generation,16,128,32,1,128
dynamic,AI_CORE,"16,32,128;16,128,512;16,128,512",DT_BF16;DT_BF16;DT_BF16,ND;ND;ND,"16,32,128",DT_BF16,ND,393.54,attention_generation,16,128,32,4,128
dynamic,AI_CORE,"16,32,128;16,128,1024;16,128,1024",DT_BF16;DT_BF16;DT_BF16,ND;ND;ND,"16,32,128",DT_BF16,ND,392.04,attention_generation,16,128,32,8,128
dynamic,AI_CORE,"16,40,128;16,128,5120;16,128,5120",DT_BF16;DT_BF16;DT_BF16,ND;ND;ND,"16,40,128",DT_BF16,ND,391.70,attention_generation,16,128,40,0,128
dynamic,AI_CORE,"16,40,128;16,128,128;16,128,128",DT_BF16;DT_BF16;DT_BF16,ND;ND;ND,"16,40,128",DT_BF16,ND,392.43,attention_generation,16,128,40,1,128
dynamic,AI_CORE,"16,40,128;16,128,512;16,128,512",DT_BF16;DT_BF16;DT_BF16,ND;ND;ND,"16,40,128",DT_BF16,ND,392.38,attention_generation,16,128,40,4,128
dynamic,AI_CORE,"16,40,128;16,128,1024;16,128,1024",DT_BF16;DT_BF16;DT_BF16,ND;ND;ND,"16,40,128",DT_BF16,ND,391.39,attention_generation,16,128,40,8,128
dynamic,AI_CORE,"16,64,128;16,128,8192;16,128,8192",DT_BF16;DT_BF16;DT_BF16,ND;ND;ND,"16,64,128",DT_BF16,ND,391.50,attention_generation,16,128,64,0,128
dynamic,AI_CORE,"16,64,128;16,128,128;16,128,128",DT_BF16;DT_BF16;DT_BF16,ND;ND;ND,"16,64,128",DT_BF16,ND,392.60,attention_generation,16,128,64,1,128
dynamic,AI_CORE,"16,64,128;16,128,512;16,128,512",DT_BF16;DT_BF16;DT_BF16,ND;ND;ND,"16,64,128",DT_BF16,ND,392.48,attention_generation,16,128,64,4,128
dynamic,AI_CORE,"16,64,128;16,128,1024;16,128,1024",DT_BF16;DT_BF16;DT_BF16,ND;ND;ND,"16,64,128",DT_BF16,ND,391.37,attention_generation,16,128,64,8,128
dynamic,AI_CORE,"16,8,128;32,128,1024;32,128,1024",DT_BF16;DT_BF16;DT_BF16,ND;ND;ND,"16,8,128",DT_BF16,ND,392.40,attention_generation,16,256,8,0,128
dynamic,AI_CORE,"16,8,128;32,128,128;32,128,128",DT_BF16;DT_BF16;DT_BF16,ND;ND;ND,"16,8,128",DT_BF16,ND,393.66,attention_generation,16,256,8,1,128
dynamic,AI_CORE,"16,8,128;32,128,512;32,128,512",DT_BF16;DT_BF16;DT_BF16,ND;ND;ND,"16,8,128",DT_BF16,ND,389.32,attention_generation,16,256,8,4,128
dynamic,AI_CORE,"16,8,128;32,128,1024;32,128,1024",DT_BF16;DT_BF16;DT_BF16,ND;ND;ND,"16,8,128",DT_BF16,ND,386.91,attention_generation,16,256,8,8,128
dynamic,AI_CORE,"16,16,128;32,128,2048;32,128,2048",DT_BF16;DT_BF16;DT_BF16,ND;ND;ND,"16,16,128",DT_BF16,ND,390.22,attention_generation,16,256,16,0,128
dynamic,AI_CORE,"16,16,128;32,128,128;32,128,128",DT_BF16;DT_BF16;DT_BF16,ND;ND;ND,"16,16,128",DT_BF16,ND,389.63,attention_generation,16,256,16,1,128
dynamic,AI_CORE,"16,16,128;32,128,512;32,128,512",DT_BF16;DT_BF16;DT_BF16,ND;ND;ND,"16,16,128",DT_BF16,ND,389.08,attention_generation,16,256,16,4,128
dynamic,AI_CORE,"16,16,128;32,128,1024;32,128,1024",DT_BF16;DT_BF16;DT_BF16,ND;ND;ND,"16,16,128",DT_BF16,ND,388.77,attention_generation,16,256,16,8,128
dynamic,AI_CORE,"16,32,128;32,128,4096;32,128,4096",DT_BF16;DT_BF16;DT_BF16,ND;ND;ND,"16,32,128",DT_BF16,ND,423.53,attention_generation,16,256,32,0,128
dynamic,AI_CORE,"16,32,128;32,128,128;32,128,128",DT_BF16;DT_BF16;DT_BF16,ND;ND;ND,"16,32,128",DT_BF16,ND,455.65,attention_generation,16,256,32,1,128
dynamic,AI_CORE,"16,32,128;32,128,512;32,128,512",DT_BF16;DT_BF16;DT_BF16,ND;ND;ND,"16,32,128",DT_BF16,ND,448.15,attention_generation,16,256,32,4,128
dynamic,AI_CORE,"16,32,128;32,128,1024;32,128,1024",DT_BF16;DT_BF16;DT_BF16,ND;ND;ND,"16,32,128",DT_BF16,ND,442.99,attention_generation,16,256,32,8,128
dynamic,AI_CORE,"16,40,128;32,128,5120;32,128,5120",DT_BF16;DT_BF16;DT_BF16,ND;ND;ND,"16,40,128",DT_BF16,ND,411.87,attention_generation,16,256,40,0,128
dynamic,AI_CORE,"16,40,128;32,128,128;32,128,128",DT_BF16;DT_BF16;DT_BF16,ND;ND;ND,"16,40,128",DT_BF16,ND,414.72,attention_generation,16,256,40,1,128
dynamic,AI_CORE,"16,40,128;32,128,512;32,128,512",DT_BF16;DT_BF16;DT_BF16,ND;ND;ND,"16,40,128",DT_BF16,ND,411.93,attention_generation,16,256,40,4,128
dynamic,AI_CORE,"16,40,128;32,128,1024;32,128,1024",DT_BF16;DT_BF16;DT_BF16,ND;ND;ND,"16,40,128",DT_BF16,ND,402.21,attention_generation,16,256,40,8,128
dynamic,AI_CORE,"16,64,128;32,128,8192;32,128,8192",DT_BF16;DT_BF16;DT_BF16,ND;ND;ND,"16,64,128",DT_BF16,ND,405.47,attention_generation,16,256,64,0,128
dynamic,AI_CORE,"16,64,128;32,128,128;32,128,128",DT_BF16;DT_BF16;DT_BF16,ND;ND;ND,"16,64,128",DT_BF16,ND,466.05,attention_generation,16,256,64,1,128
dynamic,AI_CORE,"16,64,128;32,128,512;32,128,512",DT_BF16;DT_BF16;DT_BF16,ND;ND;ND,"16,64,128",DT_BF16,ND,395.78,attention_generation,16,256,64,4,128
dynamic,AI_CORE,"16,64,128;32,128,1024;32,128,1024",DT_BF16;DT_BF16;DT_BF16,ND;ND;ND,"16,64,128",DT_BF16,ND,378.06,attention_generation,16,256,64,8,128
dynamic,AI_CORE,"16,8,128;64,128,1024;64,128,1024",DT_BF16;DT_BF16;DT_BF16,ND;ND;ND,"16,8,128",DT_BF16,ND,374.67,attention_generation,16,512,8,0,128
dynamic,AI_CORE,"16,8,128;64,128,128;64,128,128",DT_BF16;DT_BF16;DT_BF16,ND;ND;ND,"16,8,128",DT_BF16,ND,375.08,attention_generation,16,512,8,1,128
dynamic,AI_CORE,"16,8,128;64,128,512;64,128,512",DT_BF16;DT_BF16;DT_BF16,ND;ND;ND,"16,8,128",DT_BF16,ND,373.80,attention_generation,16,512,8,4,128
dynamic,AI_CORE,"16,8,128;64,128,1024;64,128,1024",DT_BF16;DT_BF16;DT_BF16,ND;ND;ND,"16,8,128",DT_BF16,ND,393.03,attention_generation,16,512,8,8,128
dynamic,AI_CORE,"16,16,128;64,128,2048;64,128,2048",DT_BF16;DT_BF16;DT_BF16,ND;ND;ND,"16,16,128",DT_BF16,ND,370.58,attention_generation,16,512,16,0,128
dynamic,AI_CORE,"16,16,128;64,128,128;64,128,128",DT_BF16;DT_BF16;DT_BF16,ND;ND;ND,"16,16,128",DT_BF16,ND,380.12,attention_generation,16,512,16,1,128
dynamic,AI_CORE,"16,16,128;64,128,512;64,128,512",DT_BF16;DT_BF16;DT_BF16,ND;ND;ND,"16,16,128",DT_BF16,ND,380.04,attention_generation,16,512,16,4,128
dynamic,AI_CORE,"16,16,128;64,128,1024;64,128,1024",DT_BF16;DT_BF16;DT_BF16,ND;ND;ND,"16,16,128",DT_BF16,ND,443.01,attention_generation,16,512,16,8,128
dynamic,AI_CORE,"16,32,128;64,128,4096;64,128,4096",DT_BF16;DT_BF16;DT_BF16,ND;ND;ND,"16,32,128",DT_BF16,ND,411.83,attention_generation,16,512,32,0,128
dynamic,AI_CORE,"16,32,128;64,128,128;64,128,128",DT_BF16;DT_BF16;DT_BF16,ND;ND;ND,"16,32,128",DT_BF16,ND,385.12,attention_generation,16,512,32,1,128
dynamic,AI_CORE,"16,32,128;64,128,512;64,128,512",DT_BF16;DT_BF16;DT_BF16,ND;ND;ND,"16,32,128",DT_BF16,ND,385.37,attention_generation,16,512,32,4,128
dynamic,AI_CORE,"16,32,128;64,128,1024;64,128,1024",DT_BF16;DT_BF16;DT_BF16,ND;ND;ND,"16,32,128",DT_BF16,ND,384.03,attention_generation,16,512,32,8,128
dynamic,AI_CORE,"16,40,128;64,128,5120;64,128,5120",DT_BF16;DT_BF16;DT_BF16,ND;ND;ND,"16,40,128",DT_BF16,ND,396.73,attention_generation,16,512,40,0,128
dynamic,AI_CORE,"16,40,128;64,128,128;64,128,128",DT_BF16;DT_BF16;DT_BF16,ND;ND;ND,"16,40,128",DT_BF16,ND,384.43,attention_generation,16,512,40,1,128
dynamic,AI_CORE,"16,40,128;64,128,512;64,128,512",DT_BF16;DT_BF16;DT_BF16,ND;ND;ND,"16,40,128",DT_BF16,ND,389.10,attention_generation,16,512,40,4,128
dynamic,AI_CORE,"16,40,128;64,128,1024;64,128,1024",DT_BF16;DT_BF16;DT_BF16,ND;ND;ND,"16,40,128",DT_BF16,ND,387.20,attention_generation,16,512,40,8,128
dynamic,AI_CORE,"16,64,128;64,128,8192;64,128,8192",DT_BF16;DT_BF16;DT_BF16,ND;ND;ND,"16,64,128",DT_BF16,ND,390.00,attention_generation,16,512,64,0,128
dynamic,AI_CORE,"16,64,128;64,128,128;64,128,128",DT_BF16;DT_BF16;DT_BF16,ND;ND;ND,"16,64,128",DT_BF16,ND,383.88,attention_generation,16,512,64,1,128
dynamic,AI_CORE,"16,64,128;64,128,512;64,128,512",DT_BF16;DT_BF16;DT_BF16,ND;ND;ND,"16,64,128",DT_BF16,ND,377.62,attention_generation,16,512,64,4,128
dynamic,AI_CORE,"16,64,128;64,128,1024;64,128,1024",DT_BF16;DT_BF16;DT_BF16,ND;ND;ND,"16,64,128",DT_BF16,ND,374.77,attention_generation,16,512,64,8,128
dynamic,AI_CORE,"16,8,128;128,128,1024;128,128,1024",DT_BF16;DT_BF16;DT_BF16,ND;ND;ND,"16,8,128",DT_BF16,ND,374.96,attention_generation,16,1024,8,0,128
dynamic,AI_CORE,"16,8,128;128,128,128;128,128,128",DT_BF16;DT_BF16;DT_BF16,ND;ND;ND,"16,8,128",DT_BF16,ND,376.30,attention_generation,16,1024,8,1,128
dynamic,AI_CORE,"16,8,128;128,128,512;128,128,512",DT_BF16;DT_BF16;DT_BF16,ND;ND;ND,"16,8,128",DT_BF16,ND,380.08,attention_generation,16,1024,8,4,128
dynamic,AI_CORE,"16,8,128;128,128,1024;128,128,1024",DT_BF16;DT_BF16;DT_BF16,ND;ND;ND,"16,8,128",DT_BF16,ND,386.01,attention_generation,16,1024,8,8,128
dynamic,AI_CORE,"16,16,128;128,128,2048;128,128,2048",DT_BF16;DT_BF16;DT_BF16,ND;ND;ND,"16,16,128",DT_BF16,ND,375.56,attention_generation,16,1024,16,0,128
dynamic,AI_CORE,"16,16,128;128,128,128;128,128,128",DT_BF16;DT_BF16;DT_BF16,ND;ND;ND,"16,16,128",DT_BF16,ND,373.54,attention_generation,16,1024,16,1,128
dynamic,AI_CORE,"16,16,128;128,128,512;128,128,512",DT_BF16;DT_BF16;DT_BF16,ND;ND;ND,"16,16,128",DT_BF16,ND,373.16,attention_generation,16,1024,16,4,128
dynamic,AI_CORE,"16,16,128;128,128,1024;128,128,1024",DT_BF16;DT_BF16;DT_BF16,ND;ND;ND,"16,16,128",DT_BF16,ND,373.43,attention_generation,16,1024,16,8,128
dynamic,AI_CORE,"16,32,128;128,128,4096;128,128,4096",DT_BF16;DT_BF16;DT_BF16,ND;ND;ND,"16,32,128",DT_BF16,ND,374.66,attention_generation,16,1024,32,0,128
dynamic,AI_CORE,"16,32,128;128,128,128;128,128,128",DT_BF16;DT_BF16;DT_BF16,ND;ND;ND,"16,32,128",DT_BF16,ND,369.85,attention_generation,16,1024,32,1,128
dynamic,AI_CORE,"16,32,128;128,128,512;128,128,512",DT_BF16;DT_BF16;DT_BF16,ND;ND;ND,"16,32,128",DT_BF16,ND,447.95,attention_generation,16,1024,32,4,128
dynamic,AI_CORE,"16,32,128;128,128,1024;128,128,1024",DT_BF16;DT_BF16;DT_BF16,ND;ND;ND,"16,32,128",DT_BF16,ND,364.18,attention_generation,16,1024,32,8,128
dynamic,AI_CORE,"16,40,128;128,128,5120;128,128,5120",DT_BF16;DT_BF16;DT_BF16,ND;ND;ND,"16,40,128",DT_BF16,ND,365.45,attention_generation,16,1024,40,0,128
dynamic,AI_CORE,"16,40,128;128,128,128;128,128,128",DT_BF16;DT_BF16;DT_BF16,ND;ND;ND,"16,40,128",DT_BF16,ND,367.27,attention_generation,16,1024,40,1,128
dynamic,AI_CORE,"16,40,128;128,128,512;128,128,512",DT_BF16;DT_BF16;DT_BF16,ND;ND;ND,"16,40,128",DT_BF16,ND,369.23,attention_generation,16,1024,40,4,128
dynamic,AI_CORE,"16,40,128;128,128,1024;128,128,1024",DT_BF16;DT_BF16;DT_BF16,ND;ND;ND,"16,40,128",DT_BF16,ND,372.20,attention_generation,16,1024,40,8,128
dynamic,AI_CORE,"16,64,128;128,128,8192;128,128,8192",DT_BF16;DT_BF16;DT_BF16,ND;ND;ND,"16,64,128",DT_BF16,ND,528.23,attention_generation,16,1024,64,0,128
dynamic,AI_CORE,"16,64,128;128,128,128;128,128,128",DT_BF16;DT_BF16;DT_BF16,ND;ND;ND,"16,64,128",DT_BF16,ND,381.36,attention_generation,16,1024,64,1,128
dynamic,AI_CORE,"16,64,128;128,128,512;128,128,512",DT_BF16;DT_BF16;DT_BF16,ND;ND;ND,"16,64,128",DT_BF16,ND,377.94,attention_generation,16,1024,64,4,128
dynamic,AI_CORE,"16,64,128;128,128,1024;128,128,1024",DT_BF16;DT_BF16;DT_BF16,ND;ND;ND,"16,64,128",DT_BF16,ND,378.24,attention_generation,16,1024,64,8,128
dynamic,AI_CORE,"16,8,128;256,128,1024;256,128,1024",DT_BF16;DT_BF16;DT_BF16,ND;ND;ND,"16,8,128",DT_BF16,ND,467.21,attention_generation,16,2048,8,0,128
dynamic,AI_CORE,"16,8,128;256,128,128;256,128,128",DT_BF16;DT_BF16;DT_BF16,ND;ND;ND,"16,8,128",DT_BF16,ND,449.25,attention_generation,16,2048,8,1,128
dynamic,AI_CORE,"16,8,128;256,128,512;256,128,512",DT_BF16;DT_BF16;DT_BF16,ND;ND;ND,"16,8,128",DT_BF16,ND,412.51,attention_generation,16,2048,8,4,128
dynamic,AI_CORE,"16,8,128;256,128,1024;256,128,1024",DT_BF16;DT_BF16;DT_BF16,ND;ND;ND,"16,8,128",DT_BF16,ND,399.81,attention_generation,16,2048,8,8,128
dynamic,AI_CORE,"16,16,128;256,128,2048;256,128,2048",DT_BF16;DT_BF16;DT_BF16,ND;ND;ND,"16,16,128",DT_BF16,ND,454.21,attention_generation,16,2048,16,0,128
dynamic,AI_CORE,"16,16,128;256,128,128;256,128,128",DT_BF16;DT_BF16;DT_BF16,ND;ND;ND,"16,16,128",DT_BF16,ND,425.37,attention_generation,16,2048,16,1,128
dynamic,AI_CORE,"16,16,128;256,128,512;256,128,512",DT_BF16;DT_BF16;DT_BF16,ND;ND;ND,"16,16,128",DT_BF16,ND,410.54,attention_generation,16,2048,16,4,128
dynamic,AI_CORE,"16,16,128;256,128,1024;256,128,1024",DT_BF16;DT_BF16;DT_BF16,ND;ND;ND,"16,16,128",DT_BF16,ND,400.65,attention_generation,16,2048,16,8,128
dynamic,AI_CORE,"16,32,128;256,128,4096;256,128,4096",DT_BF16;DT_BF16;DT_BF16,ND;ND;ND,"16,32,128",DT_BF16,ND,483.24,attention_generation,16,2048,32,0,128
dynamic,AI_CORE,"16,32,128;256,128,128;256,128,128",DT_BF16;DT_BF16;DT_BF16,ND;ND;ND,"16,32,128",DT_BF16,ND,388.25,attention_generation,16,2048,32,1,128
dynamic,AI_CORE,"16,32,128;256,128,512;256,128,512",DT_BF16;DT_BF16;DT_BF16,ND;ND;ND,"16,32,128",DT_BF16,ND,384.85,attention_generation,16,2048,32,4,128
dynamic,AI_CORE,"16,32,128;256,128,1024;256,128,1024",DT_BF16;DT_BF16;DT_BF16,ND;ND;ND,"16,32,128",DT_BF16,ND,386.63,attention_generation,16,2048,32,8,128
dynamic,AI_CORE,"16,40,128;256,128,5120;256,128,5120",DT_BF16;DT_BF16;DT_BF16,ND;ND;ND,"16,40,128",DT_BF16,ND,626.63,attention_generation,16,2048,40,0,128
dynamic,AI_CORE,"16,40,128;256,128,128;256,128,128",DT_BF16;DT_BF16;DT_BF16,ND;ND;ND,"16,40,128",DT_BF16,ND,379.86,attention_generation,16,2048,40,1,128
dynamic,AI_CORE,"16,40,128;256,128,512;256,128,512",DT_BF16;DT_BF16;DT_BF16,ND;ND;ND,"16,40,128",DT_BF16,ND,378.65,attention_generation,16,2048,40,4,128
dynamic,AI_CORE,"16,40,128;256,128,1024;256,128,1024",DT_BF16;DT_BF16;DT_BF16,ND;ND;ND,"16,40,128",DT_BF16,ND,375.49,attention_generation,16,2048,40,8,128
dynamic,AI_CORE,"16,64,128;256,128,8192;256,128,8192",DT_BF16;DT_BF16;DT_BF16,ND;ND;ND,"16,64,128",DT_BF16,ND,1068.72,attention_generation,16,2048,64,0,128
dynamic,AI_CORE,"16,64,128;256,128,128;256,128,128",DT_BF16;DT_BF16;DT_BF16,ND;ND;ND,"16,64,128",DT_BF16,ND,375.63,attention_generation,16,2048,64,1,128
dynamic,AI_CORE,"16,64,128;256,128,512;256,128,512",DT_BF16;DT_BF16;DT_BF16,ND;ND;ND,"16,64,128",DT_BF16,ND,373.06,attention_generation,16,2048,64,4,128
dynamic,AI_CORE,"16,64,128;256,128,1024;256,128,1024",DT_BF16;DT_BF16;DT_BF16,ND;ND;ND,"16,64,128",DT_BF16,ND,382.23,attention_generation,16,2048,64,8,128
dynamic,AI_CORE,"16,8,128;512,128,1024;512,128,1024",DT_BF16;DT_BF16;DT_BF16,ND;ND;ND,"16,8,128",DT_BF16,ND,373.28,attention_generation,16,4096,8,0,128
dynamic,AI_CORE,"16,8,128;512,128,128;512,128,128",DT_BF16;DT_BF16;DT_BF16,ND;ND;ND,"16,8,128",DT_BF16,ND,374.16,attention_generation,16,4096,8,1,128
dynamic,AI_CORE,"16,8,128;512,128,512;512,128,512",DT_BF16;DT_BF16;DT_BF16,ND;ND;ND,"16,8,128",DT_BF16,ND,387.95,attention_generation,16,4096,8,4,128
dynamic,AI_CORE,"16,8,128;512,128,1024;512,128,1024",DT_BF16;DT_BF16;DT_BF16,ND;ND;ND,"16,8,128",DT_BF16,ND,446.95,attention_generation,16,4096,8,8,128
dynamic,AI_CORE,"16,16,128;512,128,2048;512,128,2048",DT_BF16;DT_BF16;DT_BF16,ND;ND;ND,"16,16,128",DT_BF16,ND,467.37,attention_generation,16,4096,16,0,128
dynamic,AI_CORE,"16,16,128;512,128,128;512,128,128",DT_BF16;DT_BF16;DT_BF16,ND;ND;ND,"16,16,128",DT_BF16,ND,424.41,attention_generation,16,4096,16,1,128
dynamic,AI_CORE,"16,16,128;512,128,512;512,128,512",DT_BF16;DT_BF16;DT_BF16,ND;ND;ND,"16,16,128",DT_BF16,ND,421.34,attention_generation,16,4096,16,4,128
dynamic,AI_CORE,"16,16,128;512,128,1024;512,128,1024",DT_BF16;DT_BF16;DT_BF16,ND;ND;ND,"16,16,128",DT_BF16,ND,419.49,attention_generation,16,4096,16,8,128
dynamic,AI_CORE,"16,32,128;512,128,4096;512,128,4096",DT_BF16;DT_BF16;DT_BF16,ND;ND;ND,"16,32,128",DT_BF16,ND,947.83,attention_generation,16,4096,32,0,128
dynamic,AI_CORE,"16,32,128;512,128,128;512,128,128",DT_BF16;DT_BF16;DT_BF16,ND;ND;ND,"16,32,128",DT_BF16,ND,417.77,attention_generation,16,4096,32,1,128
dynamic,AI_CORE,"16,32,128;512,128,512;512,128,512",DT_BF16;DT_BF16;DT_BF16,ND;ND;ND,"16,32,128",DT_BF16,ND,416.87,attention_generation,16,4096,32,4,128
dynamic,AI_CORE,"16,32,128;512,128,1024;512,128,1024",DT_BF16;DT_BF16;DT_BF16,ND;ND;ND,"16,32,128",DT_BF16,ND,411.41,attention_generation,16,4096,32,8,128
dynamic,AI_CORE,"16,40,128;512,128,5120;512,128,5120",DT_BF16;DT_BF16;DT_BF16,ND;ND;ND,"16,40,128",DT_BF16,ND,1237.10,attention_generation,16,4096,40,0,128
dynamic,AI_CORE,"16,40,128;512,128,128;512,128,128",DT_BF16;DT_BF16;DT_BF16,ND;ND;ND,"16,40,128",DT_BF16,ND,432.31,attention_generation,16,4096,40,1,128
dynamic,AI_CORE,"16,40,128;512,128,512;512,128,512",DT_BF16;DT_BF16;DT_BF16,ND;ND;ND,"16,40,128",DT_BF16,ND,445.90,attention_generation,16,4096,40,4,128
dynamic,AI_CORE,"16,40,128;512,128,1024;512,128,1024",DT_BF16;DT_BF16;DT_BF16,ND;ND;ND,"16,40,128",DT_BF16,ND,426.18,attention_generation,16,4096,40,8,128
dynamic,AI_CORE,"16,64,128;512,128,8192;512,128,8192",DT_BF16;DT_BF16;DT_BF16,ND;ND;ND,"16,64,128",DT_BF16,ND,2207.56,attention_generation,16,4096,64,0,128
dynamic,AI_CORE,"16,64,128;512,128,128;512,128,128",DT_BF16;DT_BF16;DT_BF16,ND;ND;ND,"16,64,128",DT_BF16,ND,402.39,attention_generation,16,4096,64,1,128
dynamic,AI_CORE,"16,64,128;512,128,512;512,128,512",DT_BF16;DT_BF16;DT_BF16,ND;ND;ND,"16,64,128",DT_BF16,ND,397.88,attention_generation,16,4096,64,4,128
dynamic,AI_CORE,"16,64,128;512,128,1024;512,128,1024",DT_BF16;DT_BF16;DT_BF16,ND;ND;ND,"16,64,128",DT_BF16,ND,403.49,attention_generation,16,4096,64,8,128
dynamic,AI_CORE,"16,8,128;1024,128,1024;1024,128,1024",DT_BF16;DT_BF16;DT_BF16,ND;ND;ND,"16,8,128",DT_BF16,ND,473.36,attention_generation,16,8192,8,0,128
dynamic,AI_CORE,"16,8,128;1024,128,128;1024,128,128",DT_BF16;DT_BF16;DT_BF16,ND;ND;ND,"16,8,128",DT_BF16,ND,393.63,attention_generation,16,8192,8,1,128
dynamic,AI_CORE,"16,8,128;1024,128,512;1024,128,512",DT_BF16;DT_BF16;DT_BF16,ND;ND;ND,"16,8,128",DT_BF16,ND,386.71,attention_generation,16,8192,8,4,128
dynamic,AI_CORE,"16,8,128;1024,128,1024;1024,128,1024",DT_BF16;DT_BF16;DT_BF16,ND;ND;ND,"16,8,128",DT_BF16,ND,469.86,attention_generation,16,8192,8,8,128
dynamic,AI_CORE,"16,16,128;1024,128,2048;1024,128,2048",DT_BF16;DT_BF16;DT_BF16,ND;ND;ND,"16,16,128",DT_BF16,ND,919.42,attention_generation,16,8192,16,0,128
dynamic,AI_CORE,"16,16,128;1024,128,128;1024,128,128",DT_BF16;DT_BF16;DT_BF16,ND;ND;ND,"16,16,128",DT_BF16,ND,384.82,attention_generation,16,8192,16,1,128
dynamic,AI_CORE,"16,16,128;1024,128,512;1024,128,512",DT_BF16;DT_BF16;DT_BF16,ND;ND;ND,"16,16,128",DT_BF16,ND,385.51,attention_generation,16,8192,16,4,128
dynamic,AI_CORE,"16,16,128;1024,128,1024;1024,128,1024",DT_BF16;DT_BF16;DT_BF16,ND;ND;ND,"16,16,128",DT_BF16,ND,584.72,attention_generation,16,8192,16,8,128
dynamic,AI_CORE,"16,32,128;1024,128,4096;1024,128,4096",DT_BF16;DT_BF16;DT_BF16,ND;ND;ND,"16,32,128",DT_BF16,ND,1891.43,attention_generation,16,8192,32,0,128
dynamic,AI_CORE,"16,32,128;1024,128,128;1024,128,128",DT_BF16;DT_BF16;DT_BF16,ND;ND;ND,"16,32,128",DT_BF16,ND,385.35,attention_generation,16,8192,32,1,128
dynamic,AI_CORE,"16,32,128;1024,128,512;1024,128,512",DT_BF16;DT_BF16;DT_BF16,ND;ND;ND,"16,32,128",DT_BF16,ND,461.31,attention_generation,16,8192,32,4,128
dynamic,AI_CORE,"16,32,128;1024,128,1024;1024,128,1024",DT_BF16;DT_BF16;DT_BF16,ND;ND;ND,"16,32,128",DT_BF16,ND,585.13,attention_generation,16,8192,32,8,128
dynamic,AI_CORE,"16,40,128;1024,128,5120;1024,128,5120",DT_BF16;DT_BF16;DT_BF16,ND;ND;ND,"16,40,128",DT_BF16,ND,2467.39,attention_generation,16,8192,40,0,128
dynamic,AI_CORE,"16,40,128;1024,128,128;1024,128,128",DT_BF16;DT_BF16;DT_BF16,ND;ND;ND,"16,40,128",DT_BF16,ND,421.07,attention_generation,16,8192,40,1,128
dynamic,AI_CORE,"16,40,128;1024,128,512;1024,128,512",DT_BF16;DT_BF16;DT_BF16,ND;ND;ND,"16,40,128",DT_BF16,ND,410.36,attention_generation,16,8192,40,4,128
dynamic,AI_CORE,"16,40,128;1024,128,1024;1024,128,1024",DT_BF16;DT_BF16;DT_BF16,ND;ND;ND,"16,40,128",DT_BF16,ND,584.62,attention_generation,16,8192,40,8,128
dynamic,AI_CORE,"16,64,128;1024,128,8192;1024,128,8192",DT_BF16;DT_BF16;DT_BF16,ND;ND;ND,"16,64,128",DT_BF16,ND,4416.80,attention_generation,16,8192,64,0,128
dynamic,AI_CORE,"16,64,128;1024,128,128;1024,128,128",DT_BF16;DT_BF16;DT_BF16,ND;ND;ND,"16,64,128",DT_BF16,ND,378.30,attention_generation,16,8192,64,1,128
dynamic,AI_CORE,"16,64,128;1024,128,512;1024,128,512",DT_BF16;DT_BF16;DT_BF16,ND;ND;ND,"16,64,128",DT_BF16,ND,382.80,attention_generation,16,8192,64,4,128
dynamic,AI_CORE,"16,64,128;1024,128,1024;1024,128,1024",DT_BF16;DT_BF16;DT_BF16,ND;ND;ND,"16,64,128",DT_BF16,ND,585.79,attention_generation,16,8192,64,8,128
dynamic,AI_CORE,"16,8,128;2048,128,1024;2048,128,1024",DT_BF16;DT_BF16;DT_BF16,ND;ND;ND,"16,8,128",DT_BF16,ND,930.00,attention_generation,16,16384,8,0,128
dynamic,AI_CORE,"16,8,128;2048,128,128;2048,128,128",DT_BF16;DT_BF16;DT_BF16,ND;ND;ND,"16,8,128",DT_BF16,ND,378.12,attention_generation,16,16384,8,1,128
dynamic,AI_CORE,"16,8,128;2048,128,512;2048,128,512",DT_BF16;DT_BF16;DT_BF16,ND;ND;ND,"16,8,128",DT_BF16,ND,584.18,attention_generation,16,16384,8,4,128
dynamic,AI_CORE,"16,8,128;2048,128,1024;2048,128,1024",DT_BF16;DT_BF16;DT_BF16,ND;ND;ND,"16,8,128",DT_BF16,ND,927.83,attention_generation,16,16384,8,8,128
dynamic,AI_CORE,"16,16,128;2048,128,2048;2048,128,2048",DT_BF16;DT_BF16;DT_BF16,ND;ND;ND,"16,16,128",DT_BF16,ND,1842.99,attention_generation,16,16384,16,0,128
dynamic,AI_CORE,"16,16,128;2048,128,128;2048,128,128",DT_BF16;DT_BF16;DT_BF16,ND;ND;ND,"16,16,128",DT_BF16,ND,373.98,attention_generation,16,16384,16,1,128
dynamic,AI_CORE,"16,16,128;2048,128,512;2048,128,512",DT_BF16;DT_BF16;DT_BF16,ND;ND;ND,"16,16,128",DT_BF16,ND,581.52,attention_generation,16,16384,16,4,128
dynamic,AI_CORE,"16,16,128;2048,128,1024;2048,128,1024",DT_BF16;DT_BF16;DT_BF16,ND;ND;ND,"16,16,128",DT_BF16,ND,1128.54,attention_generation,16,16384,16,8,128
dynamic,AI_CORE,"16,32,128;2048,128,4096;2048,128,4096",DT_BF16;DT_BF16;DT_BF16,ND;ND;ND,"16,32,128",DT_BF16,ND,3763.96,attention_generation,16,16384,32,0,128
dynamic,AI_CORE,"16,32,128;2048,128,128;2048,128,128",DT_BF16;DT_BF16;DT_BF16,ND;ND;ND,"16,32,128",DT_BF16,ND,437.72,attention_generation,16,16384,32,1,128
dynamic,AI_CORE,"16,32,128;2048,128,512;2048,128,512",DT_BF16;DT_BF16;DT_BF16,ND;ND;ND,"16,32,128",DT_BF16,ND,583.18,attention_generation,16,16384,32,4,128
dynamic,AI_CORE,"16,32,128;2048,128,1024;2048,128,1024",DT_BF16;DT_BF16;DT_BF16,ND;ND;ND,"16,32,128",DT_BF16,ND,1129.64,attention_generation,16,16384,32,8,128
dynamic,AI_CORE,"16,40,128;2048,128,5120;2048,128,5120",DT_BF16;DT_BF16;DT_BF16,ND;ND;ND,"16,40,128",DT_BF16,ND,4945.40,attention_generation,16,16384,40,0,128
dynamic,AI_CORE,"16,40,128;2048,128,128;2048,128,128",DT_BF16;DT_BF16;DT_BF16,ND;ND;ND,"16,40,128",DT_BF16,ND,425.16,attention_generation,16,16384,40,1,128
dynamic,AI_CORE,"16,40,128;2048,128,512;2048,128,512",DT_BF16;DT_BF16;DT_BF16,ND;ND;ND,"16,40,128",DT_BF16,ND,589.15,attention_generation,16,16384,40,4,128
dynamic,AI_CORE,"16,40,128;2048,128,1024;2048,128,1024",DT_BF16;DT_BF16;DT_BF16,ND;ND;ND,"16,40,128",DT_BF16,ND,1128.54,attention_generation,16,16384,40,8,128
dynamic,AI_CORE,"16,64,128;2048,128,8192;2048,128,8192",DT_BF16;DT_BF16;DT_BF16,ND;ND;ND,"16,64,128",DT_BF16,ND,8946.80,attention_generation,16,16384,64,0,128
dynamic,AI_CORE,"16,64,128;2048,128,128;2048,128,128",DT_BF16;DT_BF16;DT_BF16,ND;ND;ND,"16,64,128",DT_BF16,ND,366.59,attention_generation,16,16384,64,1,128
dynamic,AI_CORE,"16,64,128;2048,128,512;2048,128,512",DT_BF16;DT_BF16;DT_BF16,ND;ND;ND,"16,64,128",DT_BF16,ND,591.67,attention_generation,16,16384,64,4,128
dynamic,AI_CORE,"16,64,128;2048,128,1024;2048,128,1024",DT_BF16;DT_BF16;DT_BF16,ND;ND;ND,"16,64,128",DT_BF16,ND,1133.80,attention_generation,16,16384,64,8,128
dynamic,AI_CORE,"32,8,128;32,128,1024;32,128,1024",DT_BF16;DT_BF16;DT_BF16,ND;ND;ND,"32,8,128",DT_BF16,ND,422.56,attention_generation,32,128,8,0,128
dynamic,AI_CORE,"32,8,128;32,128,128;32,128,128",DT_BF16;DT_BF16;DT_BF16,ND;ND;ND,"32,8,128",DT_BF16,ND,408.17,attention_generation,32,128,8,1,128
dynamic,AI_CORE,"32,8,128;32,128,512;32,128,512",DT_BF16;DT_BF16;DT_BF16,ND;ND;ND,"32,8,128",DT_BF16,ND,401.72,attention_generation,32,128,8,4,128
dynamic,AI_CORE,"32,8,128;32,128,1024;32,128,1024",DT_BF16;DT_BF16;DT_BF16,ND;ND;ND,"32,8,128",DT_BF16,ND,402.63,attention_generation,32,128,8,8,128
dynamic,AI_CORE,"32,16,128;32,128,2048;32,128,2048",DT_BF16;DT_BF16;DT_BF16,ND;ND;ND,"32,16,128",DT_BF16,ND,399.22,attention_generation,32,128,16,0,128
dynamic,AI_CORE,"32,16,128;32,128,128;32,128,128",DT_BF16;DT_BF16;DT_BF16,ND;ND;ND,"32,16,128",DT_BF16,ND,401.35,attention_generation,32,128,16,1,128
dynamic,AI_CORE,"32,16,128;32,128,512;32,128,512",DT_BF16;DT_BF16;DT_BF16,ND;ND;ND,"32,16,128",DT_BF16,ND,399.88,attention_generation,32,128,16,4,128
dynamic,AI_CORE,"32,16,128;32,128,1024;32,128,1024",DT_BF16;DT_BF16;DT_BF16,ND;ND;ND,"32,16,128",DT_BF16,ND,486.11,attention_generation,32,128,16,8,128
dynamic,AI_CORE,"32,32,128;32,128,4096;32,128,4096",DT_BF16;DT_BF16;DT_BF16,ND;ND;ND,"32,32,128",DT_BF16,ND,953.01,attention_generation,32,128,32,0,128
dynamic,AI_CORE,"32,32,128;32,128,128;32,128,128",DT_BF16;DT_BF16;DT_BF16,ND;ND;ND,"32,32,128",DT_BF16,ND,388.39,attention_generation,32,128,32,1,128
dynamic,AI_CORE,"32,32,128;32,128,512;32,128,512",DT_BF16;DT_BF16;DT_BF16,ND;ND;ND,"32,32,128",DT_BF16,ND,390.94,attention_generation,32,128,32,4,128
dynamic,AI_CORE,"32,32,128;32,128,1024;32,128,1024",DT_BF16;DT_BF16;DT_BF16,ND;ND;ND,"32,32,128",DT_BF16,ND,391.21,attention_generation,32,128,32,8,128
dynamic,AI_CORE,"32,40,128;32,128,5120;32,128,5120",DT_BF16;DT_BF16;DT_BF16,ND;ND;ND,"32,40,128",DT_BF16,ND,386.95,attention_generation,32,128,40,0,128
dynamic,AI_CORE,"32,40,128;32,128,128;32,128,128",DT_BF16;DT_BF16;DT_BF16,ND;ND;ND,"32,40,128",DT_BF16,ND,385.83,attention_generation,32,128,40,1,128
dynamic,AI_CORE,"32,40,128;32,128,512;32,128,512",DT_BF16;DT_BF16;DT_BF16,ND;ND;ND,"32,40,128",DT_BF16,ND,384.90,attention_generation,32,128,40,4,128
dynamic,AI_CORE,"32,40,128;32,128,1024;32,128,1024",DT_BF16;DT_BF16;DT_BF16,ND;ND;ND,"32,40,128",DT_BF16,ND,384.54,attention_generation,32,128,40,8,128
dynamic,AI_CORE,"32,64,128;32,128,8192;32,128,8192",DT_BF16;DT_BF16;DT_BF16,ND;ND;ND,"32,64,128",DT_BF16,ND,328.87,attention_generation,32,128,64,0,128
dynamic,AI_CORE,"32,64,128;32,128,128;32,128,128",DT_BF16;DT_BF16;DT_BF16,ND;ND;ND,"32,64,128",DT_BF16,ND,330.21,attention_generation,32,128,64,1,128
dynamic,AI_CORE,"32,64,128;32,128,512;32,128,512",DT_BF16;DT_BF16;DT_BF16,ND;ND;ND,"32,64,128",DT_BF16,ND,331.83,attention_generation,32,128,64,4,128
dynamic,AI_CORE,"32,64,128;32,128,1024;32,128,1024",DT_BF16;DT_BF16;DT_BF16,ND;ND;ND,"32,64,128",DT_BF16,ND,333.73,attention_generation,32,128,64,8,128
dynamic,AI_CORE,"32,8,128;64,128,1024;64,128,1024",DT_BF16;DT_BF16;DT_BF16,ND;ND;ND,"32,8,128",DT_BF16,ND,389.02,attention_generation,32,256,8,0,128
dynamic,AI_CORE,"32,8,128;64,128,128;64,128,128",DT_BF16;DT_BF16;DT_BF16,ND;ND;ND,"32,8,128",DT_BF16,ND,390.44,attention_generation,32,256,8,1,128
dynamic,AI_CORE,"32,8,128;64,128,512;64,128,512",DT_BF16;DT_BF16;DT_BF16,ND;ND;ND,"32,8,128",DT_BF16,ND,390.88,attention_generation,32,256,8,4,128
dynamic,AI_CORE,"32,8,128;64,128,1024;64,128,1024",DT_BF16;DT_BF16;DT_BF16,ND;ND;ND,"32,8,128",DT_BF16,ND,389.59,attention_generation,32,256,8,8,128
dynamic,AI_CORE,"32,16,128;64,128,2048;64,128,2048",DT_BF16;DT_BF16;DT_BF16,ND;ND;ND,"32,16,128",DT_BF16,ND,390.83,attention_generation,32,256,16,0,128
dynamic,AI_CORE,"32,16,128;64,128,128;64,128,128",DT_BF16;DT_BF16;DT_BF16,ND;ND;ND,"32,16,128",DT_BF16,ND,391.36,attention_generation,32,256,16,1,128
dynamic,AI_CORE,"32,16,128;64,128,512;64,128,512",DT_BF16;DT_BF16;DT_BF16,ND;ND;ND,"32,16,128",DT_BF16,ND,389.08,attention_generation,32,256,16,4,128
dynamic,AI_CORE,"32,16,128;64,128,1024;64,128,1024",DT_BF16;DT_BF16;DT_BF16,ND;ND;ND,"32,16,128",DT_BF16,ND,389.61,attention_generation,32,256,16,8,128
dynamic,AI_CORE,"32,32,128;64,128,4096;64,128,4096",DT_BF16;DT_BF16;DT_BF16,ND;ND;ND,"32,32,128",DT_BF16,ND,389.00,attention_generation,32,256,32,0,128
dynamic,AI_CORE,"32,32,128;64,128,128;64,128,128",DT_BF16;DT_BF16;DT_BF16,ND;ND;ND,"32,32,128",DT_BF16,ND,392.04,attention_generation,32,256,32,1,128
dynamic,AI_CORE,"32,32,128;64,128,512;64,128,512",DT_BF16;DT_BF16;DT_BF16,ND;ND;ND,"32,32,128",DT_BF16,ND,393.30,attention_generation,32,256,32,4,128
dynamic,AI_CORE,"32,32,128;64,128,1024;64,128,1024",DT_BF16;DT_BF16;DT_BF16,ND;ND;ND,"32,32,128",DT_BF16,ND,392.12,attention_generation,32,256,32,8,128
dynamic,AI_CORE,"32,40,128;64,128,5120;64,128,5120",DT_BF16;DT_BF16;DT_BF16,ND;ND;ND,"32,40,128",DT_BF16,ND,482.95,attention_generation,32,256,40,0,128
dynamic,AI_CORE,"32,40,128;64,128,128;64,128,128",DT_BF16;DT_BF16;DT_BF16,ND;ND;ND,"32,40,128",DT_BF16,ND,476.80,attention_generation,32,256,40,1,128
dynamic,AI_CORE,"32,40,128;64,128,512;64,128,512",DT_BF16;DT_BF16;DT_BF16,ND;ND;ND,"32,40,128",DT_BF16,ND,387.09,attention_generation,32,256,40,4,128
dynamic,AI_CORE,"32,40,128;64,128,1024;64,128,1024",DT_BF16;DT_BF16;DT_BF16,ND;ND;ND,"32,40,128",DT_BF16,ND,387.05,attention_generation,32,256,40,8,128
dynamic,AI_CORE,"32,64,128;64,128,8192;64,128,8192",DT_BF16;DT_BF16;DT_BF16,ND;ND;ND,"32,64,128",DT_BF16,ND,324.99,attention_generation,32,256,64,0,128
dynamic,AI_CORE,"32,64,128;64,128,128;64,128,128",DT_BF16;DT_BF16;DT_BF16,ND;ND;ND,"32,64,128",DT_BF16,ND,328.81,attention_generation,32,256,64,1,128
dynamic,AI_CORE,"32,64,128;64,128,512;64,128,512",DT_BF16;DT_BF16;DT_BF16,ND;ND;ND,"32,64,128",DT_BF16,ND,414.71,attention_generation,32,256,64,4,128
dynamic,AI_CORE,"32,64,128;64,128,1024;64,128,1024",DT_BF16;DT_BF16;DT_BF16,ND;ND;ND,"32,64,128",DT_BF16,ND,367.71,attention_generation,32,256,64,8,128
dynamic,AI_CORE,"32,8,128;128,128,1024;128,128,1024",DT_BF16;DT_BF16;DT_BF16,ND;ND;ND,"32,8,128",DT_BF16,ND,426.10,attention_generation,32,512,8,0,128
dynamic,AI_CORE,"32,8,128;128,128,128;128,128,128",DT_BF16;DT_BF16;DT_BF16,ND;ND;ND,"32,8,128",DT_BF16,ND,422.49,attention_generation,32,512,8,1,128
dynamic,AI_CORE,"32,8,128;128,128,512;128,128,512",DT_BF16;DT_BF16;DT_BF16,ND;ND;ND,"32,8,128",DT_BF16,ND,418.73,attention_generation,32,512,8,4,128
dynamic,AI_CORE,"32,8,128;128,128,1024;128,128,1024",DT_BF16;DT_BF16;DT_BF16,ND;ND;ND,"32,8,128",DT_BF16,ND,417.10,attention_generation,32,512,8,8,128
dynamic,AI_CORE,"32,16,128;128,128,2048;128,128,2048",DT_BF16;DT_BF16;DT_BF16,ND;ND;ND,"32,16,128",DT_BF16,ND,412.49,attention_generation,32,512,16,0,128
dynamic,AI_CORE,"32,16,128;128,128,128;128,128,128",DT_BF16;DT_BF16;DT_BF16,ND;ND;ND,"32,16,128",DT_BF16,ND,382.83,attention_generation,32,512,16,1,128
dynamic,AI_CORE,"32,16,128;128,128,512;128,128,512",DT_BF16;DT_BF16;DT_BF16,ND;ND;ND,"32,16,128",DT_BF16,ND,388.71,attention_generation,32,512,16,4,128
dynamic,AI_CORE,"32,16,128;128,128,1024;128,128,1024",DT_BF16;DT_BF16;DT_BF16,ND;ND;ND,"32,16,128",DT_BF16,ND,379.99,attention_generation,32,512,16,8,128
dynamic,AI_CORE,"32,32,128;128,128,4096;128,128,4096",DT_BF16;DT_BF16;DT_BF16,ND;ND;ND,"32,32,128",DT_BF16,ND,386.28,attention_generation,32,512,32,0,128
dynamic,AI_CORE,"32,32,128;128,128,128;128,128,128",DT_BF16;DT_BF16;DT_BF16,ND;ND;ND,"32,32,128",DT_BF16,ND,386.49,attention_generation,32,512,32,1,128
dynamic,AI_CORE,"32,32,128;128,128,512;128,128,512",DT_BF16;DT_BF16;DT_BF16,ND;ND;ND,"32,32,128",DT_BF16,ND,385.03,attention_generation,32,512,32,4,128
dynamic,AI_CORE,"32,32,128;128,128,1024;128,128,1024",DT_BF16;DT_BF16;DT_BF16,ND;ND;ND,"32,32,128",DT_BF16,ND,384.49,attention_generation,32,512,32,8,128
dynamic,AI_CORE,"32,40,128;128,128,5120;128,128,5120",DT_BF16;DT_BF16;DT_BF16,ND;ND;ND,"32,40,128",DT_BF16,ND,382.12,attention_generation,32,512,40,0,128
dynamic,AI_CORE,"32,40,128;128,128,128;128,128,128",DT_BF16;DT_BF16;DT_BF16,ND;ND;ND,"32,40,128",DT_BF16,ND,383.40,attention_generation,32,512,40,1,128
dynamic,AI_CORE,"32,40,128;128,128,512;128,128,512",DT_BF16;DT_BF16;DT_BF16,ND;ND;ND,"32,40,128",DT_BF16,ND,390.35,attention_generation,32,512,40,4,128
dynamic,AI_CORE,"32,40,128;128,128,1024;128,128,1024",DT_BF16;DT_BF16;DT_BF16,ND;ND;ND,"32,40,128",DT_BF16,ND,390.03,attention_generation,32,512,40,8,128
dynamic,AI_CORE,"32,64,128;128,128,8192;128,128,8192",DT_BF16;DT_BF16;DT_BF16,ND;ND;ND,"32,64,128",DT_BF16,ND,516.24,attention_generation,32,512,64,0,128
dynamic,AI_CORE,"32,64,128;128,128,128;128,128,128",DT_BF16;DT_BF16;DT_BF16,ND;ND;ND,"32,64,128",DT_BF16,ND,332.84,attention_generation,32,512,64,1,128
dynamic,AI_CORE,"32,64,128;128,128,512;128,128,512",DT_BF16;DT_BF16;DT_BF16,ND;ND;ND,"32,64,128",DT_BF16,ND,336.61,attention_generation,32,512,64,4,128
dynamic,AI_CORE,"32,64,128;128,128,1024;128,128,1024",DT_BF16;DT_BF16;DT_BF16,ND;ND;ND,"32,64,128",DT_BF16,ND,337.53,attention_generation,32,512,64,8,128
dynamic,AI_CORE,"32,8,128;256,128,1024;256,128,1024",DT_BF16;DT_BF16;DT_BF16,ND;ND;ND,"32,8,128",DT_BF16,ND,393.40,attention_generation,32,1024,8,0,128
dynamic,AI_CORE,"32,8,128;256,128,128;256,128,128",DT_BF16;DT_BF16;DT_BF16,ND;ND;ND,"32,8,128",DT_BF16,ND,396.10,attention_generation,32,1024,8,1,128
dynamic,AI_CORE,"32,8,128;256,128,512;256,128,512",DT_BF16;DT_BF16;DT_BF16,ND;ND;ND,"32,8,128",DT_BF16,ND,393.79,attention_generation,32,1024,8,4,128
dynamic,AI_CORE,"32,8,128;256,128,1024;256,128,1024",DT_BF16;DT_BF16;DT_BF16,ND;ND;ND,"32,8,128",DT_BF16,ND,393.14,attention_generation,32,1024,8,8,128
dynamic,AI_CORE,"32,16,128;256,128,2048;256,128,2048",DT_BF16;DT_BF16;DT_BF16,ND;ND;ND,"32,16,128",DT_BF16,ND,394.77,attention_generation,32,1024,16,0,128
dynamic,AI_CORE,"32,16,128;256,128,128;256,128,128",DT_BF16;DT_BF16;DT_BF16,ND;ND;ND,"32,16,128",DT_BF16,ND,396.54,attention_generation,32,1024,16,1,128
dynamic,AI_CORE,"32,16,128;256,128,512;256,128,512",DT_BF16;DT_BF16;DT_BF16,ND;ND;ND,"32,16,128",DT_BF16,ND,400.04,attention_generation,32,1024,16,4,128
dynamic,AI_CORE,"32,16,128;256,128,1024;256,128,1024",DT_BF16;DT_BF16;DT_BF16,ND;ND;ND,"32,16,128",DT_BF16,ND,395.91,attention_generation,32,1024,16,8,128
dynamic,AI_CORE,"32,32,128;256,128,4096;256,128,4096",DT_BF16;DT_BF16;DT_BF16,ND;ND;ND,"32,32,128",DT_BF16,ND,494.42,attention_generation,32,1024,32,0,128
dynamic,AI_CORE,"32,32,128;256,128,128;256,128,128",DT_BF16;DT_BF16;DT_BF16,ND;ND;ND,"32,32,128",DT_BF16,ND,390.20,attention_generation,32,1024,32,1,128
dynamic,AI_CORE,"32,32,128;256,128,512;256,128,512",DT_BF16;DT_BF16;DT_BF16,ND;ND;ND,"32,32,128",DT_BF16,ND,386.23,attention_generation,32,1024,32,4,128
dynamic,AI_CORE,"32,32,128;256,128,1024;256,128,1024",DT_BF16;DT_BF16;DT_BF16,ND;ND;ND,"32,32,128",DT_BF16,ND,385.60,attention_generation,32,1024,32,8,128
dynamic,AI_CORE,"32,40,128;256,128,5120;256,128,5120",DT_BF16;DT_BF16;DT_BF16,ND;ND;ND,"32,40,128",DT_BF16,ND,635.75,attention_generation,32,1024,40,0,128
dynamic,AI_CORE,"32,40,128;256,128,128;256,128,128",DT_BF16;DT_BF16;DT_BF16,ND;ND;ND,"32,40,128",DT_BF16,ND,387.63,attention_generation,32,1024,40,1,128
dynamic,AI_CORE,"32,40,128;256,128,512;256,128,512",DT_BF16;DT_BF16;DT_BF16,ND;ND;ND,"32,40,128",DT_BF16,ND,385.71,attention_generation,32,1024,40,4,128
dynamic,AI_CORE,"32,40,128;256,128,1024;256,128,1024",DT_BF16;DT_BF16;DT_BF16,ND;ND;ND,"32,40,128",DT_BF16,ND,386.54,attention_generation,32,1024,40,8,128
dynamic,AI_CORE,"32,64,128;256,128,8192;256,128,8192",DT_BF16;DT_BF16;DT_BF16,ND;ND;ND,"32,64,128",DT_BF16,ND,1036.08,attention_generation,32,1024,64,0,128
dynamic,AI_CORE,"32,64,128;256,128,128;256,128,128",DT_BF16;DT_BF16;DT_BF16,ND;ND;ND,"32,64,128",DT_BF16,ND,321.50,attention_generation,32,1024,64,1,128
dynamic,AI_CORE,"32,64,128;256,128,512;256,128,512",DT_BF16;DT_BF16;DT_BF16,ND;ND;ND,"32,64,128",DT_BF16,ND,325.39,attention_generation,32,1024,64,4,128
dynamic,AI_CORE,"32,64,128;256,128,1024;256,128,1024",DT_BF16;DT_BF16;DT_BF16,ND;ND;ND,"32,64,128",DT_BF16,ND,327.31,attention_generation,32,1024,64,8,128
dynamic,AI_CORE,"32,8,128;512,128,1024;512,128,1024",DT_BF16;DT_BF16;DT_BF16,ND;ND;ND,"32,8,128",DT_BF16,ND,379.19,attention_generation,32,2048,8,0,128
dynamic,AI_CORE,"32,8,128;512,128,128;512,128,128",DT_BF16;DT_BF16;DT_BF16,ND;ND;ND,"32,8,128",DT_BF16,ND,380.35,attention_generation,32,2048,8,1,128
dynamic,AI_CORE,"32,8,128;512,128,512;512,128,512",DT_BF16;DT_BF16;DT_BF16,ND;ND;ND,"32,8,128",DT_BF16,ND,376.81,attention_generation,32,2048,8,4,128
dynamic,AI_CORE,"32,8,128;512,128,1024;512,128,1024",DT_BF16;DT_BF16;DT_BF16,ND;ND;ND,"32,8,128",DT_BF16,ND,492.94,attention_generation,32,2048,8,8,128
dynamic,AI_CORE,"32,16,128;512,128,2048;512,128,2048",DT_BF16;DT_BF16;DT_BF16,ND;ND;ND,"32,16,128",DT_BF16,ND,473.51,attention_generation,32,2048,16,0,128
dynamic,AI_CORE,"32,16,128;512,128,128;512,128,128",DT_BF16;DT_BF16;DT_BF16,ND;ND;ND,"32,16,128",DT_BF16,ND,391.40,attention_generation,32,2048,16,1,128
dynamic,AI_CORE,"32,16,128;512,128,512;512,128,512",DT_BF16;DT_BF16;DT_BF16,ND;ND;ND,"32,16,128",DT_BF16,ND,395.29,attention_generation,32,2048,16,4,128
dynamic,AI_CORE,"32,16,128;512,128,1024;512,128,1024",DT_BF16;DT_BF16;DT_BF16,ND;ND;ND,"32,16,128",DT_BF16,ND,393.42,attention_generation,32,2048,16,8,128
dynamic,AI_CORE,"32,32,128;512,128,4096;512,128,4096",DT_BF16;DT_BF16;DT_BF16,ND;ND;ND,"32,32,128",DT_BF16,ND,955.96,attention_generation,32,2048,32,0,128
dynamic,AI_CORE,"32,32,128;512,128,128;512,128,128",DT_BF16;DT_BF16;DT_BF16,ND;ND;ND,"32,32,128",DT_BF16,ND,390.19,attention_generation,32,2048,32,1,128
dynamic,AI_CORE,"32,32,128;512,128,512;512,128,512",DT_BF16;DT_BF16;DT_BF16,ND;ND;ND,"32,32,128",DT_BF16,ND,392.65,attention_generation,32,2048,32,4,128
dynamic,AI_CORE,"32,32,128;512,128,1024;512,128,1024",DT_BF16;DT_BF16;DT_BF16,ND;ND;ND,"32,32,128",DT_BF16,ND,389.22,attention_generation,32,2048,32,8,128
dynamic,AI_CORE,"32,40,128;512,128,5120;512,128,5120",DT_BF16;DT_BF16;DT_BF16,ND;ND;ND,"32,40,128",DT_BF16,ND,1249.76,attention_generation,32,2048,40,0,128
dynamic,AI_CORE,"32,40,128;512,128,128;512,128,128",DT_BF16;DT_BF16;DT_BF16,ND;ND;ND,"32,40,128",DT_BF16,ND,453.02,attention_generation,32,2048,40,1,128
dynamic,AI_CORE,"32,40,128;512,128,512;512,128,512",DT_BF16;DT_BF16;DT_BF16,ND;ND;ND,"32,40,128",DT_BF16,ND,460.92,attention_generation,32,2048,40,4,128
dynamic,AI_CORE,"32,40,128;512,128,1024;512,128,1024",DT_BF16;DT_BF16;DT_BF16,ND;ND;ND,"32,40,128",DT_BF16,ND,452.97,attention_generation,32,2048,40,8,128
dynamic,AI_CORE,"32,64,128;512,128,8192;512,128,8192",DT_BF16;DT_BF16;DT_BF16,ND;ND;ND,"32,64,128",DT_BF16,ND,2122.30,attention_generation,32,2048,64,0,128
dynamic,AI_CORE,"32,64,128;512,128,128;512,128,128",DT_BF16;DT_BF16;DT_BF16,ND;ND;ND,"32,64,128",DT_BF16,ND,380.81,attention_generation,32,2048,64,1,128
dynamic,AI_CORE,"32,64,128;512,128,512;512,128,512",DT_BF16;DT_BF16;DT_BF16,ND;ND;ND,"32,64,128",DT_BF16,ND,376.78,attention_generation,32,2048,64,4,128
dynamic,AI_CORE,"32,64,128;512,128,1024;512,128,1024",DT_BF16;DT_BF16;DT_BF16,ND;ND;ND,"32,64,128",DT_BF16,ND,372.50,attention_generation,32,2048,64,8,128
dynamic,AI_CORE,"32,8,128;1024,128,1024;1024,128,1024",DT_BF16;DT_BF16;DT_BF16,ND;ND;ND,"32,8,128",DT_BF16,ND,495.36,attention_generation,32,4096,8,0,128
dynamic,AI_CORE,"32,8,128;1024,128,128;1024,128,128",DT_BF16;DT_BF16;DT_BF16,ND;ND;ND,"32,8,128",DT_BF16,ND,452.16,attention_generation,32,4096,8,1,128
dynamic,AI_CORE,"32,8,128;1024,128,512;1024,128,512",DT_BF16;DT_BF16;DT_BF16,ND;ND;ND,"32,8,128",DT_BF16,ND,425.87,attention_generation,32,4096,8,4,128
dynamic,AI_CORE,"32,8,128;1024,128,1024;1024,128,1024",DT_BF16;DT_BF16;DT_BF16,ND;ND;ND,"32,8,128",DT_BF16,ND,475.96,attention_generation,32,4096,8,8,128
dynamic,AI_CORE,"32,16,128;1024,128,2048;1024,128,2048",DT_BF16;DT_BF16;DT_BF16,ND;ND;ND,"32,16,128",DT_BF16,ND,931.96,attention_generation,32,4096,16,0,128
dynamic,AI_CORE,"32,16,128;1024,128,128;1024,128,128",DT_BF16;DT_BF16;DT_BF16,ND;ND;ND,"32,16,128",DT_BF16,ND,426.52,attention_generation,32,4096,16,1,128
dynamic,AI_CORE,"32,16,128;1024,128,512;1024,128,512",DT_BF16;DT_BF16;DT_BF16,ND;ND;ND,"32,16,128",DT_BF16,ND,414.78,attention_generation,32,4096,16,4,128
dynamic,AI_CORE,"32,16,128;1024,128,1024;1024,128,1024",DT_BF16;DT_BF16;DT_BF16,ND;ND;ND,"32,16,128",DT_BF16,ND,560.21,attention_generation,32,4096,16,8,128
dynamic,AI_CORE,"32,32,128;1024,128,4096;1024,128,4096",DT_BF16;DT_BF16;DT_BF16,ND;ND;ND,"32,32,128",DT_BF16,ND,1903.27,attention_generation,32,4096,32,0,128
dynamic,AI_CORE,"32,32,128;1024,128,128;1024,128,128",DT_BF16;DT_BF16;DT_BF16,ND;ND;ND,"32,32,128",DT_BF16,ND,418.38,attention_generation,32,4096,32,1,128
dynamic,AI_CORE,"32,32,128;1024,128,512;1024,128,512",DT_BF16;DT_BF16;DT_BF16,ND;ND;ND,"32,32,128",DT_BF16,ND,415.52,attention_generation,32,4096,32,4,128
dynamic,AI_CORE,"32,32,128;1024,128,1024;1024,128,1024",DT_BF16;DT_BF16;DT_BF16,ND;ND;ND,"32,32,128",DT_BF16,ND,556.77,attention_generation,32,4096,32,8,128
dynamic,AI_CORE,"32,40,128;1024,128,5120;1024,128,5120",DT_BF16;DT_BF16;DT_BF16,ND;ND;ND,"32,40,128",DT_BF16,ND,2484.83,attention_generation,32,4096,40,0,128
dynamic,AI_CORE,"32,40,128;1024,128,128;1024,128,128",DT_BF16;DT_BF16;DT_BF16,ND;ND;ND,"32,40,128",DT_BF16,ND,404.77,attention_generation,32,4096,40,1,128
dynamic,AI_CORE,"32,40,128;1024,128,512;1024,128,512",DT_BF16;DT_BF16;DT_BF16,ND;ND;ND,"32,40,128",DT_BF16,ND,406.24,attention_generation,32,4096,40,4,128
dynamic,AI_CORE,"32,40,128;1024,128,1024;1024,128,1024",DT_BF16;DT_BF16;DT_BF16,ND;ND;ND,"32,40,128",DT_BF16,ND,556.86,attention_generation,32,4096,40,8,128
dynamic,AI_CORE,"32,64,128;1024,128,8192;1024,128,8192",DT_BF16;DT_BF16;DT_BF16,ND;ND;ND,"32,64,128",DT_BF16,ND,4263.50,attention_generation,32,4096,64,0,128
dynamic,AI_CORE,"32,64,128;1024,128,128;1024,128,128",DT_BF16;DT_BF16;DT_BF16,ND;ND;ND,"32,64,128",DT_BF16,ND,346.65,attention_generation,32,4096,64,1,128
dynamic,AI_CORE,"32,64,128;1024,128,512;1024,128,512",DT_BF16;DT_BF16;DT_BF16,ND;ND;ND,"32,64,128",DT_BF16,ND,347.52,attention_generation,32,4096,64,4,128
dynamic,AI_CORE,"32,64,128;1024,128,1024;1024,128,1024",DT_BF16;DT_BF16;DT_BF16,ND;ND;ND,"32,64,128",DT_BF16,ND,568.82,attention_generation,32,4096,64,8,128
dynamic,AI_CORE,"32,8,128;2048,128,1024;2048,128,1024",DT_BF16;DT_BF16;DT_BF16,ND;ND;ND,"32,8,128",DT_BF16,ND,938.50,attention_generation,32,8192,8,0,128
dynamic,AI_CORE,"32,8,128;2048,128,128;2048,128,128",DT_BF16;DT_BF16;DT_BF16,ND;ND;ND,"32,8,128",DT_BF16,ND,498.14,attention_generation,32,8192,8,1,128
dynamic,AI_CORE,"32,8,128;2048,128,512;2048,128,512",DT_BF16;DT_BF16;DT_BF16,ND;ND;ND,"32,8,128",DT_BF16,ND,592.26,attention_generation,32,8192,8,4,128
dynamic,AI_CORE,"32,8,128;2048,128,1024;2048,128,1024",DT_BF16;DT_BF16;DT_BF16,ND;ND;ND,"32,8,128",DT_BF16,ND,938.79,attention_generation,32,8192,8,8,128
dynamic,AI_CORE,"32,16,128;2048,128,2048;2048,128,2048",DT_BF16;DT_BF16;DT_BF16,ND;ND;ND,"32,16,128",DT_BF16,ND,1838.06,attention_generation,32,8192,16,0,128
dynamic,AI_CORE,"32,16,128;2048,128,128;2048,128,128",DT_BF16;DT_BF16;DT_BF16,ND;ND;ND,"32,16,128",DT_BF16,ND,387.28,attention_generation,32,8192,16,1,128
dynamic,AI_CORE,"32,16,128;2048,128,512;2048,128,512",DT_BF16;DT_BF16;DT_BF16,ND;ND;ND,"32,16,128",DT_BF16,ND,587.92,attention_generation,32,8192,16,4,128
dynamic,AI_CORE,"32,16,128;2048,128,1024;2048,128,1024",DT_BF16;DT_BF16;DT_BF16,ND;ND;ND,"32,16,128",DT_BF16,ND,1064.96,attention_generation,32,8192,16,8,128
dynamic,AI_CORE,"32,32,128;2048,128,4096;2048,128,4096",DT_BF16;DT_BF16;DT_BF16,ND;ND;ND,"32,32,128",DT_BF16,ND,3782.06,attention_generation,32,8192,32,0,128
dynamic,AI_CORE,"32,32,128;2048,128,128;2048,128,128",DT_BF16;DT_BF16;DT_BF16,ND;ND;ND,"32,32,128",DT_BF16,ND,397.87,attention_generation,32,8192,32,1,128
dynamic,AI_CORE,"32,32,128;2048,128,512;2048,128,512",DT_BF16;DT_BF16;DT_BF16,ND;ND;ND,"32,32,128",DT_BF16,ND,592.87,attention_generation,32,8192,32,4,128
dynamic,AI_CORE,"32,32,128;2048,128,1024;2048,128,1024",DT_BF16;DT_BF16;DT_BF16,ND;ND;ND,"32,32,128",DT_BF16,ND,1066.89,attention_generation,32,8192,32,8,128
dynamic,AI_CORE,"32,40,128;2048,128,5120;2048,128,5120",DT_BF16;DT_BF16;DT_BF16,ND;ND;ND,"32,40,128",DT_BF16,ND,4940.82,attention_generation,32,8192,40,0,128
dynamic,AI_CORE,"32,40,128;2048,128,128;2048,128,128",DT_BF16;DT_BF16;DT_BF16,ND;ND;ND,"32,40,128",DT_BF16,ND,380.63,attention_generation,32,8192,40,1,128
dynamic,AI_CORE,"32,40,128;2048,128,512;2048,128,512",DT_BF16;DT_BF16;DT_BF16,ND;ND;ND,"32,40,128",DT_BF16,ND,593.79,attention_generation,32,8192,40,4,128
dynamic,AI_CORE,"32,40,128;2048,128,1024;2048,128,1024",DT_BF16;DT_BF16;DT_BF16,ND;ND;ND,"32,40,128",DT_BF16,ND,1064.57,attention_generation,32,8192,40,8,128
dynamic,AI_CORE,"32,64,128;2048,128,8192;2048,128,8192",DT_BF16;DT_BF16;DT_BF16,ND;ND;ND,"32,64,128",DT_BF16,ND,8493.79,attention_generation,32,8192,64,0,128
dynamic,AI_CORE,"32,64,128;2048,128,128;2048,128,128",DT_BF16;DT_BF16;DT_BF16,ND;ND;ND,"32,64,128",DT_BF16,ND,329.69,attention_generation,32,8192,64,1,128
dynamic,AI_CORE,"32,64,128;2048,128,512;2048,128,512",DT_BF16;DT_BF16;DT_BF16,ND;ND;ND,"32,64,128",DT_BF16,ND,607.66,attention_generation,32,8192,64,4,128
dynamic,AI_CORE,"32,64,128;2048,128,1024;2048,128,1024",DT_BF16;DT_BF16;DT_BF16,ND;ND;ND,"32,64,128",DT_BF16,ND,1078.94,attention_generation,32,8192,64,8,128
dynamic,AI_CORE,"32,8,128;4096,128,1024;4096,128,1024",DT_BF16;DT_BF16;DT_BF16,ND;ND;ND,"32,8,128",DT_BF16,ND,1863.69,attention_generation,32,16384,8,0,128
dynamic,AI_CORE,"32,8,128;4096,128,128;4096,128,128",DT_BF16;DT_BF16;DT_BF16,ND;ND;ND,"32,8,128",DT_BF16,ND,390.77,attention_generation,32,16384,8,1,128
dynamic,AI_CORE,"32,8,128;4096,128,512;4096,128,512",DT_BF16;DT_BF16;DT_BF16,ND;ND;ND,"32,8,128",DT_BF16,ND,1132.95,attention_generation,32,16384,8,4,128
dynamic,AI_CORE,"32,8,128;4096,128,1024;4096,128,1024",DT_BF16;DT_BF16;DT_BF16,ND;ND;ND,"32,8,128",DT_BF16,ND,1866.70,attention_generation,32,16384,8,8,128
dynamic,AI_CORE,"32,16,128;4096,128,2048;4096,128,2048",DT_BF16;DT_BF16;DT_BF16,ND;ND;ND,"32,16,128",DT_BF16,ND,3659.75,attention_generation,32,16384,16,0,128
dynamic,AI_CORE,"32,16,128;4096,128,128;4096,128,128",DT_BF16;DT_BF16;DT_BF16,ND;ND;ND,"32,16,128",DT_BF16,ND,391.89,attention_generation,32,16384,16,1,128
dynamic,AI_CORE,"32,16,128;4096,128,512;4096,128,512",DT_BF16;DT_BF16;DT_BF16,ND;ND;ND,"32,16,128",DT_BF16,ND,1132.96,attention_generation,32,16384,16,4,128
dynamic,AI_CORE,"32,16,128;4096,128,1024;4096,128,1024",DT_BF16;DT_BF16;DT_BF16,ND;ND;ND,"32,16,128",DT_BF16,ND,2074.56,attention_generation,32,16384,16,8,128
dynamic,AI_CORE,"32,32,128;4096,128,4096;4096,128,4096",DT_BF16;DT_BF16;DT_BF16,ND;ND;ND,"32,32,128",DT_BF16,ND,7528.27,attention_generation,32,16384,32,0,128
dynamic,AI_CORE,"32,32,128;4096,128,128;4096,128,128",DT_BF16;DT_BF16;DT_BF16,ND;ND;ND,"32,32,128",DT_BF16,ND,393.52,attention_generation,32,16384,32,1,128
dynamic,AI_CORE,"32,32,128;4096,128,512;4096,128,512",DT_BF16;DT_BF16;DT_BF16,ND;ND;ND,"32,32,128",DT_BF16,ND,1138.15,attention_generation,32,16384,32,4,128
dynamic,AI_CORE,"32,32,128;4096,128,1024;4096,128,1024",DT_BF16;DT_BF16;DT_BF16,ND;ND;ND,"32,32,128",DT_BF16,ND,2078.94,attention_generation,32,16384,32,8,128
dynamic,AI_CORE,"32,40,128;4096,128,5120;4096,128,5120",DT_BF16;DT_BF16;DT_BF16,ND;ND;ND,"32,40,128",DT_BF16,ND,9886.85,attention_generation,32,16384,40,0,128
dynamic,AI_CORE,"32,40,128;4096,128,128;4096,128,128",DT_BF16;DT_BF16;DT_BF16,ND;ND;ND,"32,40,128",DT_BF16,ND,388.46,attention_generation,32,16384,40,1,128
dynamic,AI_CORE,"32,40,128;4096,128,512;4096,128,512",DT_BF16;DT_BF16;DT_BF16,ND;ND;ND,"32,40,128",DT_BF16,ND,1142.70,attention_generation,32,16384,40,4,128
dynamic,AI_CORE,"32,40,128;4096,128,1024;4096,128,1024",DT_BF16;DT_BF16;DT_BF16,ND;ND;ND,"32,40,128",DT_BF16,ND,2078.56,attention_generation,32,16384,40,8,128
dynamic,AI_CORE,"32,64,128;4096,128,8192;4096,128,8192",DT_BF16;DT_BF16;DT_BF16,ND;ND;ND,"32,64,128",DT_BF16,ND,17085.94,attention_generation,32,16384,64,0,128
dynamic,AI_CORE,"32,64,128;4096,128,128;4096,128,128",DT_BF16;DT_BF16;DT_BF16,ND;ND;ND,"32,64,128",DT_BF16,ND,355.31,attention_generation,32,16384,64,1,128
dynamic,AI_CORE,"32,64,128;4096,128,512;4096,128,512",DT_BF16;DT_BF16;DT_BF16,ND;ND;ND,"32,64,128",DT_BF16,ND,1156.10,attention_generation,32,16384,64,4,128
dynamic,AI_CORE,"32,64,128;4096,128,1024;4096,128,1024",DT_BF16;DT_BF16;DT_BF16,ND;ND;ND,"32,64,128",DT_BF16,ND,2095.27,attention_generation,32,16384,64,8,128
dynamic,AI_CORE,"64,8,128;64,128,1024;64,128,1024",DT_BF16;DT_BF16;DT_BF16,ND;ND;ND,"64,8,128",DT_BF16,ND,430.19,attention_generation,64,128,8,0,128
dynamic,AI_CORE,"64,8,128;64,128,128;64,128,128",DT_BF16;DT_BF16;DT_BF16,ND;ND;ND,"64,8,128",DT_BF16,ND,432.22,attention_generation,64,128,8,1,128
dynamic,AI_CORE,"64,8,128;64,128,512;64,128,512",DT_BF16;DT_BF16;DT_BF16,ND;ND;ND,"64,8,128",DT_BF16,ND,430.30,attention_generation,64,128,8,4,128
dynamic,AI_CORE,"64,8,128;64,128,1024;64,128,1024",DT_BF16;DT_BF16;DT_BF16,ND;ND;ND,"64,8,128",DT_BF16,ND,454.17,attention_generation,64,128,8,8,128
dynamic,AI_CORE,"64,16,128;64,128,2048;64,128,2048",DT_BF16;DT_BF16;DT_BF16,ND;ND;ND,"64,16,128",DT_BF16,ND,432.75,attention_generation,64,128,16,0,128
dynamic,AI_CORE,"64,16,128;64,128,128;64,128,128",DT_BF16;DT_BF16;DT_BF16,ND;ND;ND,"64,16,128",DT_BF16,ND,432.64,attention_generation,64,128,16,1,128
dynamic,AI_CORE,"64,16,128;64,128,512;64,128,512",DT_BF16;DT_BF16;DT_BF16,ND;ND;ND,"64,16,128",DT_BF16,ND,467.97,attention_generation,64,128,16,4,128
dynamic,AI_CORE,"64,16,128;64,128,1024;64,128,1024",DT_BF16;DT_BF16;DT_BF16,ND;ND;ND,"64,16,128",DT_BF16,ND,433.17,attention_generation,64,128,16,8,128
dynamic,AI_CORE,"64,32,128;64,128,4096;64,128,4096",DT_BF16;DT_BF16;DT_BF16,ND;ND;ND,"64,32,128",DT_BF16,ND,371.40,attention_generation,64,128,32,0,128
dynamic,AI_CORE,"64,32,128;64,128,128;64,128,128",DT_BF16;DT_BF16;DT_BF16,ND;ND;ND,"64,32,128",DT_BF16,ND,373.78,attention_generation,64,128,32,1,128
dynamic,AI_CORE,"64,32,128;64,128,512;64,128,512",DT_BF16;DT_BF16;DT_BF16,ND;ND;ND,"64,32,128",DT_BF16,ND,373.26,attention_generation,64,128,32,4,128
dynamic,AI_CORE,"64,32,128;64,128,1024;64,128,1024",DT_BF16;DT_BF16;DT_BF16,ND;ND;ND,"64,32,128",DT_BF16,ND,368.80,attention_generation,64,128,32,8,128
dynamic,AI_CORE,"64,40,128;64,128,5120;64,128,5120",DT_BF16;DT_BF16;DT_BF16,ND;ND;ND,"64,40,128",DT_BF16,ND,366.69,attention_generation,64,128,40,0,128
dynamic,AI_CORE,"64,40,128;64,128,128;64,128,128",DT_BF16;DT_BF16;DT_BF16,ND;ND;ND,"64,40,128",DT_BF16,ND,372.41,attention_generation,64,128,40,1,128
dynamic,AI_CORE,"64,40,128;64,128,512;64,128,512",DT_BF16;DT_BF16;DT_BF16,ND;ND;ND,"64,40,128",DT_BF16,ND,371.30,attention_generation,64,128,40,4,128
dynamic,AI_CORE,"64,40,128;64,128,1024;64,128,1024",DT_BF16;DT_BF16;DT_BF16,ND;ND;ND,"64,40,128",DT_BF16,ND,369.32,attention_generation,64,128,40,8,128
dynamic,AI_CORE,"64,64,128;64,128,8192;64,128,8192",DT_BF16;DT_BF16;DT_BF16,ND;ND;ND,"64,64,128",DT_BF16,ND,414.68,attention_generation,64,128,64,0,128
dynamic,AI_CORE,"64,64,128;64,128,128;64,128,128",DT_BF16;DT_BF16;DT_BF16,ND;ND;ND,"64,64,128",DT_BF16,ND,364.27,attention_generation,64,128,64,1,128
dynamic,AI_CORE,"64,64,128;64,128,512;64,128,512",DT_BF16;DT_BF16;DT_BF16,ND;ND;ND,"64,64,128",DT_BF16,ND,365.79,attention_generation,64,128,64,4,128
dynamic,AI_CORE,"64,64,128;64,128,1024;64,128,1024",DT_BF16;DT_BF16;DT_BF16,ND;ND;ND,"64,64,128",DT_BF16,ND,372.88,attention_generation,64,128,64,8,128
dynamic,AI_CORE,"64,8,128;128,128,1024;128,128,1024",DT_BF16;DT_BF16;DT_BF16,ND;ND;ND,"64,8,128",DT_BF16,ND,416.34,attention_generation,64,256,8,0,128
dynamic,AI_CORE,"64,8,128;128,128,128;128,128,128",DT_BF16;DT_BF16;DT_BF16,ND;ND;ND,"64,8,128",DT_BF16,ND,418.90,attention_generation,64,256,8,1,128
dynamic,AI_CORE,"64,8,128;128,128,512;128,128,512",DT_BF16;DT_BF16;DT_BF16,ND;ND;ND,"64,8,128",DT_BF16,ND,415.41,attention_generation,64,256,8,4,128
dynamic,AI_CORE,"64,8,128;128,128,1024;128,128,1024",DT_BF16;DT_BF16;DT_BF16,ND;ND;ND,"64,8,128",DT_BF16,ND,416.57,attention_generation,64,256,8,8,128
dynamic,AI_CORE,"64,16,128;128,128,2048;128,128,2048",DT_BF16;DT_BF16;DT_BF16,ND;ND;ND,"64,16,128",DT_BF16,ND,414.93,attention_generation,64,256,16,0,128
dynamic,AI_CORE,"64,16,128;128,128,128;128,128,128",DT_BF16;DT_BF16;DT_BF16,ND;ND;ND,"64,16,128",DT_BF16,ND,415.09,attention_generation,64,256,16,1,128
dynamic,AI_CORE,"64,16,128;128,128,512;128,128,512",DT_BF16;DT_BF16;DT_BF16,ND;ND;ND,"64,16,128",DT_BF16,ND,415.88,attention_generation,64,256,16,4,128
dynamic,AI_CORE,"64,16,128;128,128,1024;128,128,1024",DT_BF16;DT_BF16;DT_BF16,ND;ND;ND,"64,16,128",DT_BF16,ND,415.15,attention_generation,64,256,16,8,128
dynamic,AI_CORE,"64,32,128;128,128,4096;128,128,4096",DT_BF16;DT_BF16;DT_BF16,ND;ND;ND,"64,32,128",DT_BF16,ND,359.00,attention_generation,64,256,32,0,128
dynamic,AI_CORE,"64,32,128;128,128,128;128,128,128",DT_BF16;DT_BF16;DT_BF16,ND;ND;ND,"64,32,128",DT_BF16,ND,370.63,attention_generation,64,256,32,1,128
dynamic,AI_CORE,"64,32,128;128,128,512;128,128,512",DT_BF16;DT_BF16;DT_BF16,ND;ND;ND,"64,32,128",DT_BF16,ND,364.43,attention_generation,64,256,32,4,128
dynamic,AI_CORE,"64,32,128;128,128,1024;128,128,1024",DT_BF16;DT_BF16;DT_BF16,ND;ND;ND,"64,32,128",DT_BF16,ND,469.01,attention_generation,64,256,32,8,128
dynamic,AI_CORE,"64,40,128;128,128,5120;128,128,5120",DT_BF16;DT_BF16;DT_BF16,ND;ND;ND,"64,40,128",DT_BF16,ND,416.93,attention_generation,64,256,40,0,128
dynamic,AI_CORE,"64,40,128;128,128,128;128,128,128",DT_BF16;DT_BF16;DT_BF16,ND;ND;ND,"64,40,128",DT_BF16,ND,406.02,attention_generation,64,256,40,1,128
dynamic,AI_CORE,"64,40,128;128,128,512;128,128,512",DT_BF16;DT_BF16;DT_BF16,ND;ND;ND,"64,40,128",DT_BF16,ND,399.22,attention_generation,64,256,40,4,128
dynamic,AI_CORE,"64,40,128;128,128,1024;128,128,1024",DT_BF16;DT_BF16;DT_BF16,ND;ND;ND,"64,40,128",DT_BF16,ND,388.44,attention_generation,64,256,40,8,128
dynamic,AI_CORE,"64,64,128;128,128,8192;128,128,8192",DT_BF16;DT_BF16;DT_BF16,ND;ND;ND,"64,64,128",DT_BF16,ND,528.82,attention_generation,64,256,64,0,128
dynamic,AI_CORE,"64,64,128;128,128,128;128,128,128",DT_BF16;DT_BF16;DT_BF16,ND;ND;ND,"64,64,128",DT_BF16,ND,363.40,attention_generation,64,256,64,1,128
dynamic,AI_CORE,"64,64,128;128,128,512;128,128,512",DT_BF16;DT_BF16;DT_BF16,ND;ND;ND,"64,64,128",DT_BF16,ND,368.71,attention_generation,64,256,64,4,128
dynamic,AI_CORE,"64,64,128;128,128,1024;128,128,1024",DT_BF16;DT_BF16;DT_BF16,ND;ND;ND,"64,64,128",DT_BF16,ND,371.91,attention_generation,64,256,64,8,128
dynamic,AI_CORE,"64,8,128;256,128,1024;256,128,1024",DT_BF16;DT_BF16;DT_BF16,ND;ND;ND,"64,8,128",DT_BF16,ND,420.00,attention_generation,64,512,8,0,128
dynamic,AI_CORE,"64,8,128;256,128,128;256,128,128",DT_BF16;DT_BF16;DT_BF16,ND;ND;ND,"64,8,128",DT_BF16,ND,419.92,attention_generation,64,512,8,1,128
dynamic,AI_CORE,"64,8,128;256,128,512;256,128,512",DT_BF16;DT_BF16;DT_BF16,ND;ND;ND,"64,8,128",DT_BF16,ND,411.22,attention_generation,64,512,8,4,128
dynamic,AI_CORE,"64,8,128;256,128,1024;256,128,1024",DT_BF16;DT_BF16;DT_BF16,ND;ND;ND,"64,8,128",DT_BF16,ND,417.85,attention_generation,64,512,8,8,128
dynamic,AI_CORE,"64,16,128;256,128,2048;256,128,2048",DT_BF16;DT_BF16;DT_BF16,ND;ND;ND,"64,16,128",DT_BF16,ND,419.82,attention_generation,64,512,16,0,128
dynamic,AI_CORE,"64,16,128;256,128,128;256,128,128",DT_BF16;DT_BF16;DT_BF16,ND;ND;ND,"64,16,128",DT_BF16,ND,422.36,attention_generation,64,512,16,1,128
dynamic,AI_CORE,"64,16,128;256,128,512;256,128,512",DT_BF16;DT_BF16;DT_BF16,ND;ND;ND,"64,16,128",DT_BF16,ND,422.74,attention_generation,64,512,16,4,128
dynamic,AI_CORE,"64,16,128;256,128,1024;256,128,1024",DT_BF16;DT_BF16;DT_BF16,ND;ND;ND,"64,16,128",DT_BF16,ND,418.78,attention_generation,64,512,16,8,128
dynamic,AI_CORE,"64,32,128;256,128,4096;256,128,4096",DT_BF16;DT_BF16;DT_BF16,ND;ND;ND,"64,32,128",DT_BF16,ND,511.84,attention_generation,64,512,32,0,128
dynamic,AI_CORE,"64,32,128;256,128,128;256,128,128",DT_BF16;DT_BF16;DT_BF16,ND;ND;ND,"64,32,128",DT_BF16,ND,373.99,attention_generation,64,512,32,1,128
dynamic,AI_CORE,"64,32,128;256,128,512;256,128,512",DT_BF16;DT_BF16;DT_BF16,ND;ND;ND,"64,32,128",DT_BF16,ND,369.56,attention_generation,64,512,32,4,128
dynamic,AI_CORE,"64,32,128;256,128,1024;256,128,1024",DT_BF16;DT_BF16;DT_BF16,ND;ND;ND,"64,32,128",DT_BF16,ND,367.29,attention_generation,64,512,32,8,128
dynamic,AI_CORE,"64,40,128;256,128,5120;256,128,5120",DT_BF16;DT_BF16;DT_BF16,ND;ND;ND,"64,40,128",DT_BF16,ND,655.51,attention_generation,64,512,40,0,128
dynamic,AI_CORE,"64,40,128;256,128,128;256,128,128",DT_BF16;DT_BF16;DT_BF16,ND;ND;ND,"64,40,128",DT_BF16,ND,367.48,attention_generation,64,512,40,1,128
dynamic,AI_CORE,"64,40,128;256,128,512;256,128,512",DT_BF16;DT_BF16;DT_BF16,ND;ND;ND,"64,40,128",DT_BF16,ND,368.63,attention_generation,64,512,40,4,128
dynamic,AI_CORE,"64,40,128;256,128,1024;256,128,1024",DT_BF16;DT_BF16;DT_BF16,ND;ND;ND,"64,40,128",DT_BF16,ND,357.61,attention_generation,64,512,40,8,128
dynamic,AI_CORE,"64,64,128;256,128,8192;256,128,8192",DT_BF16;DT_BF16;DT_BF16,ND;ND;ND,"64,64,128",DT_BF16,ND,1006.26,attention_generation,64,512,64,0,128
dynamic,AI_CORE,"64,64,128;256,128,128;256,128,128",DT_BF16;DT_BF16;DT_BF16,ND;ND;ND,"64,64,128",DT_BF16,ND,360.12,attention_generation,64,512,64,1,128
dynamic,AI_CORE,"64,64,128;256,128,512;256,128,512",DT_BF16;DT_BF16;DT_BF16,ND;ND;ND,"64,64,128",DT_BF16,ND,432.40,attention_generation,64,512,64,4,128
dynamic,AI_CORE,"64,64,128;256,128,1024;256,128,1024",DT_BF16;DT_BF16;DT_BF16,ND;ND;ND,"64,64,128",DT_BF16,ND,411.29,attention_generation,64,512,64,8,128
dynamic,AI_CORE,"64,8,128;512,128,1024;512,128,1024",DT_BF16;DT_BF16;DT_BF16,ND;ND;ND,"64,8,128",DT_BF16,ND,508.25,attention_generation,64,1024,8,0,128
dynamic,AI_CORE,"64,8,128;512,128,128;512,128,128",DT_BF16;DT_BF16;DT_BF16,ND;ND;ND,"64,8,128",DT_BF16,ND,481.19,attention_generation,64,1024,8,1,128
dynamic,AI_CORE,"64,8,128;512,128,512;512,128,512",DT_BF16;DT_BF16;DT_BF16,ND;ND;ND,"64,8,128",DT_BF16,ND,464.59,attention_generation,64,1024,8,4,128
dynamic,AI_CORE,"64,8,128;512,128,1024;512,128,1024",DT_BF16;DT_BF16;DT_BF16,ND;ND;ND,"64,8,128",DT_BF16,ND,472.98,attention_generation,64,1024,8,8,128
dynamic,AI_CORE,"64,16,128;512,128,2048;512,128,2048",DT_BF16;DT_BF16;DT_BF16,ND;ND;ND,"64,16,128",DT_BF16,ND,482.82,attention_generation,64,1024,16,0,128
dynamic,AI_CORE,"64,16,128;512,128,128;512,128,128",DT_BF16;DT_BF16;DT_BF16,ND;ND;ND,"64,16,128",DT_BF16,ND,441.33,attention_generation,64,1024,16,1,128
dynamic,AI_CORE,"64,16,128;512,128,512;512,128,512",DT_BF16;DT_BF16;DT_BF16,ND;ND;ND,"64,16,128",DT_BF16,ND,442.24,attention_generation,64,1024,16,4,128
dynamic,AI_CORE,"64,16,128;512,128,1024;512,128,1024",DT_BF16;DT_BF16;DT_BF16,ND;ND;ND,"64,16,128",DT_BF16,ND,509.09,attention_generation,64,1024,16,8,128
dynamic,AI_CORE,"64,32,128;512,128,4096;512,128,4096",DT_BF16;DT_BF16;DT_BF16,ND;ND;ND,"64,32,128",DT_BF16,ND,975.93,attention_generation,64,1024,32,0,128
dynamic,AI_CORE,"64,32,128;512,128,128;512,128,128",DT_BF16;DT_BF16;DT_BF16,ND;ND;ND,"64,32,128",DT_BF16,ND,416.28,attention_generation,64,1024,32,1,128
dynamic,AI_CORE,"64,32,128;512,128,512;512,128,512",DT_BF16;DT_BF16;DT_BF16,ND;ND;ND,"64,32,128",DT_BF16,ND,406.07,attention_generation,64,1024,32,4,128
dynamic,AI_CORE,"64,32,128;512,128,1024;512,128,1024",DT_BF16;DT_BF16;DT_BF16,ND;ND;ND,"64,32,128",DT_BF16,ND,398.70,attention_generation,64,1024,32,8,128
dynamic,AI_CORE,"64,40,128;512,128,5120;512,128,5120",DT_BF16;DT_BF16;DT_BF16,ND;ND;ND,"64,40,128",DT_BF16,ND,1271.90,attention_generation,64,1024,40,0,128
dynamic,AI_CORE,"64,40,128;512,128,128;512,128,128",DT_BF16;DT_BF16;DT_BF16,ND;ND;ND,"64,40,128",DT_BF16,ND,357.68,attention_generation,64,1024,40,1,128
dynamic,AI_CORE,"64,40,128;512,128,512;512,128,512",DT_BF16;DT_BF16;DT_BF16,ND;ND;ND,"64,40,128",DT_BF16,ND,360.17,attention_generation,64,1024,40,4,128
dynamic,AI_CORE,"64,40,128;512,128,1024;512,128,1024",DT_BF16;DT_BF16;DT_BF16,ND;ND;ND,"64,40,128",DT_BF16,ND,356.94,attention_generation,64,1024,40,8,128
dynamic,AI_CORE,"64,64,128;512,128,8192;512,128,8192",DT_BF16;DT_BF16;DT_BF16,ND;ND;ND,"64,64,128",DT_BF16,ND,2044.01,attention_generation,64,1024,64,0,128
dynamic,AI_CORE,"64,64,128;512,128,128;512,128,128",DT_BF16;DT_BF16;DT_BF16,ND;ND;ND,"64,64,128",DT_BF16,ND,351.34,attention_generation,64,1024,64,1,128
dynamic,AI_CORE,"64,64,128;512,128,512;512,128,512",DT_BF16;DT_BF16;DT_BF16,ND;ND;ND,"64,64,128",DT_BF16,ND,362.53,attention_generation,64,1024,64,4,128
dynamic,AI_CORE,"64,64,128;512,128,1024;512,128,1024",DT_BF16;DT_BF16;DT_BF16,ND;ND;ND,"64,64,128",DT_BF16,ND,354.11,attention_generation,64,1024,64,8,128
dynamic,AI_CORE,"64,8,128;1024,128,1024;1024,128,1024",DT_BF16;DT_BF16;DT_BF16,ND;ND;ND,"64,8,128",DT_BF16,ND,481.12,attention_generation,64,2048,8,0,128
dynamic,AI_CORE,"64,8,128;1024,128,128;1024,128,128",DT_BF16;DT_BF16;DT_BF16,ND;ND;ND,"64,8,128",DT_BF16,ND,410.14,attention_generation,64,2048,8,1,128
dynamic,AI_CORE,"64,8,128;1024,128,512;1024,128,512",DT_BF16;DT_BF16;DT_BF16,ND;ND;ND,"64,8,128",DT_BF16,ND,411.73,attention_generation,64,2048,8,4,128
dynamic,AI_CORE,"64,8,128;1024,128,1024;1024,128,1024",DT_BF16;DT_BF16;DT_BF16,ND;ND;ND,"64,8,128",DT_BF16,ND,484.10,attention_generation,64,2048,8,8,128
dynamic,AI_CORE,"64,16,128;1024,128,2048;1024,128,2048",DT_BF16;DT_BF16;DT_BF16,ND;ND;ND,"64,16,128",DT_BF16,ND,932.56,attention_generation,64,2048,16,0,128
dynamic,AI_CORE,"64,16,128;1024,128,128;1024,128,128",DT_BF16;DT_BF16;DT_BF16,ND;ND;ND,"64,16,128",DT_BF16,ND,421.09,attention_generation,64,2048,16,1,128
dynamic,AI_CORE,"64,16,128;1024,128,512;1024,128,512",DT_BF16;DT_BF16;DT_BF16,ND;ND;ND,"64,16,128",DT_BF16,ND,422.74,attention_generation,64,2048,16,4,128
dynamic,AI_CORE,"64,16,128;1024,128,1024;1024,128,1024",DT_BF16;DT_BF16;DT_BF16,ND;ND;ND,"64,16,128",DT_BF16,ND,572.79,attention_generation,64,2048,16,8,128
dynamic,AI_CORE,"64,32,128;1024,128,4096;1024,128,4096",DT_BF16;DT_BF16;DT_BF16,ND;ND;ND,"64,32,128",DT_BF16,ND,1920.71,attention_generation,64,2048,32,0,128
dynamic,AI_CORE,"64,32,128;1024,128,128;1024,128,128",DT_BF16;DT_BF16;DT_BF16,ND;ND;ND,"64,32,128",DT_BF16,ND,370.81,attention_generation,64,2048,32,1,128
dynamic,AI_CORE,"64,32,128;1024,128,512;1024,128,512",DT_BF16;DT_BF16;DT_BF16,ND;ND;ND,"64,32,128",DT_BF16,ND,370.68,attention_generation,64,2048,32,4,128
dynamic,AI_CORE,"64,32,128;1024,128,1024;1024,128,1024",DT_BF16;DT_BF16;DT_BF16,ND;ND;ND,"64,32,128",DT_BF16,ND,579.49,attention_generation,64,2048,32,8,128
dynamic,AI_CORE,"64,40,128;1024,128,5120;1024,128,5120",DT_BF16;DT_BF16;DT_BF16,ND;ND;ND,"64,40,128",DT_BF16,ND,2503.00,attention_generation,64,2048,40,0,128
dynamic,AI_CORE,"64,40,128;1024,128,128;1024,128,128",DT_BF16;DT_BF16;DT_BF16,ND;ND;ND,"64,40,128",DT_BF16,ND,362.62,attention_generation,64,2048,40,1,128
dynamic,AI_CORE,"64,40,128;1024,128,512;1024,128,512",DT_BF16;DT_BF16;DT_BF16,ND;ND;ND,"64,40,128",DT_BF16,ND,474.41,attention_generation,64,2048,40,4,128
dynamic,AI_CORE,"64,40,128;1024,128,1024;1024,128,1024",DT_BF16;DT_BF16;DT_BF16,ND;ND;ND,"64,40,128",DT_BF16,ND,585.47,attention_generation,64,2048,40,8,128
dynamic,AI_CORE,"64,64,128;1024,128,8192;1024,128,8192",DT_BF16;DT_BF16;DT_BF16,ND;ND;ND,"64,64,128",DT_BF16,ND,4131.56,attention_generation,64,2048,64,0,128
dynamic,AI_CORE,"64,64,128;1024,128,128;1024,128,128",DT_BF16;DT_BF16;DT_BF16,ND;ND;ND,"64,64,128",DT_BF16,ND,351.70,attention_generation,64,2048,64,1,128
dynamic,AI_CORE,"64,64,128;1024,128,512;1024,128,512",DT_BF16;DT_BF16;DT_BF16,ND;ND;ND,"64,64,128",DT_BF16,ND,355.01,attention_generation,64,2048,64,4,128
dynamic,AI_CORE,"64,64,128;1024,128,1024;1024,128,1024",DT_BF16;DT_BF16;DT_BF16,ND;ND;ND,"64,64,128",DT_BF16,ND,584.29,attention_generation,64,2048,64,8,128
dynamic,AI_CORE,"64,8,128;2048,128,1024;2048,128,1024",DT_BF16;DT_BF16;DT_BF16,ND;ND;ND,"64,8,128",DT_BF16,ND,937.75,attention_generation,64,4096,8,0,128
dynamic,AI_CORE,"64,8,128;2048,128,128;2048,128,128",DT_BF16;DT_BF16;DT_BF16,ND;ND;ND,"64,8,128",DT_BF16,ND,420.26,attention_generation,64,4096,8,1,128
dynamic,AI_CORE,"64,8,128;2048,128,512;2048,128,512",DT_BF16;DT_BF16;DT_BF16,ND;ND;ND,"64,8,128",DT_BF16,ND,565.66,attention_generation,64,4096,8,4,128
dynamic,AI_CORE,"64,8,128;2048,128,1024;2048,128,1024",DT_BF16;DT_BF16;DT_BF16,ND;ND;ND,"64,8,128",DT_BF16,ND,940.91,attention_generation,64,4096,8,8,128
dynamic,AI_CORE,"64,16,128;2048,128,2048;2048,128,2048",DT_BF16;DT_BF16;DT_BF16,ND;ND;ND,"64,16,128",DT_BF16,ND,1841.82,attention_generation,64,4096,16,0,128
dynamic,AI_CORE,"64,16,128;2048,128,128;2048,128,128",DT_BF16;DT_BF16;DT_BF16,ND;ND;ND,"64,16,128",DT_BF16,ND,415.51,attention_generation,64,4096,16,1,128
dynamic,AI_CORE,"64,16,128;2048,128,512;2048,128,512",DT_BF16;DT_BF16;DT_BF16,ND;ND;ND,"64,16,128",DT_BF16,ND,563.97,attention_generation,64,4096,16,4,128
dynamic,AI_CORE,"64,16,128;2048,128,1024;2048,128,1024",DT_BF16;DT_BF16;DT_BF16,ND;ND;ND,"64,16,128",DT_BF16,ND,1079.01,attention_generation,64,4096,16,8,128
dynamic,AI_CORE,"64,32,128;2048,128,4096;2048,128,4096",DT_BF16;DT_BF16;DT_BF16,ND;ND;ND,"64,32,128",DT_BF16,ND,3796.66,attention_generation,64,4096,32,0,128
dynamic,AI_CORE,"64,32,128;2048,128,128;2048,128,128",DT_BF16;DT_BF16;DT_BF16,ND;ND;ND,"64,32,128",DT_BF16,ND,366.47,attention_generation,64,4096,32,1,128
dynamic,AI_CORE,"64,32,128;2048,128,512;2048,128,512",DT_BF16;DT_BF16;DT_BF16,ND;ND;ND,"64,32,128",DT_BF16,ND,574.00,attention_generation,64,4096,32,4,128
dynamic,AI_CORE,"64,32,128;2048,128,1024;2048,128,1024",DT_BF16;DT_BF16;DT_BF16,ND;ND;ND,"64,32,128",DT_BF16,ND,1085.28,attention_generation,64,4096,32,8,128
dynamic,AI_CORE,"64,40,128;2048,128,5120;2048,128,5120",DT_BF16;DT_BF16;DT_BF16,ND;ND;ND,"64,40,128",DT_BF16,ND,4965.76,attention_generation,64,4096,40,0,128
dynamic,AI_CORE,"64,40,128;2048,128,128;2048,128,128",DT_BF16;DT_BF16;DT_BF16,ND;ND;ND,"64,40,128",DT_BF16,ND,354.55,attention_generation,64,4096,40,1,128
dynamic,AI_CORE,"64,40,128;2048,128,512;2048,128,512",DT_BF16;DT_BF16;DT_BF16,ND;ND;ND,"64,40,128",DT_BF16,ND,577.20,attention_generation,64,4096,40,4,128
dynamic,AI_CORE,"64,40,128;2048,128,1024;2048,128,1024",DT_BF16;DT_BF16;DT_BF16,ND;ND;ND,"64,40,128",DT_BF16,ND,1086.08,attention_generation,64,4096,40,8,128
dynamic,AI_CORE,"64,64,128;2048,128,8192;2048,128,8192",DT_BF16;DT_BF16;DT_BF16,ND;ND;ND,"64,64,128",DT_BF16,ND,8206.64,attention_generation,64,4096,64,0,128
dynamic,AI_CORE,"64,64,128;2048,128,128;2048,128,128",DT_BF16;DT_BF16;DT_BF16,ND;ND;ND,"64,64,128",DT_BF16,ND,347.16,attention_generation,64,4096,64,1,128
dynamic,AI_CORE,"64,64,128;2048,128,512;2048,128,512",DT_BF16;DT_BF16;DT_BF16,ND;ND;ND,"64,64,128",DT_BF16,ND,579.58,attention_generation,64,4096,64,4,128
dynamic,AI_CORE,"64,64,128;2048,128,1024;2048,128,1024",DT_BF16;DT_BF16;DT_BF16,ND;ND;ND,"64,64,128",DT_BF16,ND,1090.36,attention_generation,64,4096,64,8,128
dynamic,AI_CORE,"64,8,128;4096,128,1024;4096,128,1024",DT_BF16;DT_BF16;DT_BF16,ND;ND;ND,"64,8,128",DT_BF16,ND,1865.85,attention_generation,64,8192,8,0,128
dynamic,AI_CORE,"64,8,128;4096,128,128;4096,128,128",DT_BF16;DT_BF16;DT_BF16,ND;ND;ND,"64,8,128",DT_BF16,ND,402.96,attention_generation,64,8192,8,1,128
dynamic,AI_CORE,"64,8,128;4096,128,512;4096,128,512",DT_BF16;DT_BF16;DT_BF16,ND;ND;ND,"64,8,128",DT_BF16,ND,1068.09,attention_generation,64,8192,8,4,128
dynamic,AI_CORE,"64,8,128;4096,128,1024;4096,128,1024",DT_BF16;DT_BF16;DT_BF16,ND;ND;ND,"64,8,128",DT_BF16,ND,1865.18,attention_generation,64,8192,8,8,128
dynamic,AI_CORE,"64,16,128;4096,128,2048;4096,128,2048",DT_BF16;DT_BF16;DT_BF16,ND;ND;ND,"64,16,128",DT_BF16,ND,3664.26,attention_generation,64,8192,16,0,128
dynamic,AI_CORE,"64,16,128;4096,128,128;4096,128,128",DT_BF16;DT_BF16;DT_BF16,ND;ND;ND,"64,16,128",DT_BF16,ND,408.26,attention_generation,64,8192,16,1,128
dynamic,AI_CORE,"64,16,128;4096,128,512;4096,128,512",DT_BF16;DT_BF16;DT_BF16,ND;ND;ND,"64,16,128",DT_BF16,ND,1067.25,attention_generation,64,8192,16,4,128
dynamic,AI_CORE,"64,16,128;4096,128,1024;4096,128,1024",DT_BF16;DT_BF16;DT_BF16,ND;ND;ND,"64,16,128",DT_BF16,ND,2088.83,attention_generation,64,8192,16,8,128
dynamic,AI_CORE,"64,32,128;4096,128,4096;4096,128,4096",DT_BF16;DT_BF16;DT_BF16,ND;ND;ND,"64,32,128",DT_BF16,ND,7528.90,attention_generation,64,8192,32,0,128
dynamic,AI_CORE,"64,32,128;4096,128,128;4096,128,128",DT_BF16;DT_BF16;DT_BF16,ND;ND;ND,"64,32,128",DT_BF16,ND,355.62,attention_generation,64,8192,32,1,128
dynamic,AI_CORE,"64,32,128;4096,128,512;4096,128,512",DT_BF16;DT_BF16;DT_BF16,ND;ND;ND,"64,32,128",DT_BF16,ND,1082.98,attention_generation,64,8192,32,4,128
dynamic,AI_CORE,"64,32,128;4096,128,1024;4096,128,1024",DT_BF16;DT_BF16;DT_BF16,ND;ND;ND,"64,32,128",DT_BF16,ND,2103.63,attention_generation,64,8192,32,8,128
dynamic,AI_CORE,"64,40,128;4096,128,5120;4096,128,5120",DT_BF16;DT_BF16;DT_BF16,ND;ND;ND,"64,40,128",DT_BF16,ND,9878.72,attention_generation,64,8192,40,0,128
dynamic,AI_CORE,"64,40,128;4096,128,128;4096,128,128",DT_BF16;DT_BF16;DT_BF16,ND;ND;ND,"64,40,128",DT_BF16,ND,357.18,attention_generation,64,8192,40,1,128
dynamic,AI_CORE,"64,40,128;4096,128,512;4096,128,512",DT_BF16;DT_BF16;DT_BF16,ND;ND;ND,"64,40,128",DT_BF16,ND,1085.25,attention_generation,64,8192,40,4,128
dynamic,AI_CORE,"64,40,128;4096,128,1024;4096,128,1024",DT_BF16;DT_BF16;DT_BF16,ND;ND;ND,"64,40,128",DT_BF16,ND,2106.62,attention_generation,64,8192,40,8,128
dynamic,AI_CORE,"64,64,128;4096,128,8192;4096,128,8192",DT_BF16;DT_BF16;DT_BF16,ND;ND;ND,"64,64,128",DT_BF16,ND,16721.57,attention_generation,64,8192,64,0,128
dynamic,AI_CORE,"64,64,128;4096,128,128;4096,128,128",DT_BF16;DT_BF16;DT_BF16,ND;ND;ND,"64,64,128",DT_BF16,ND,352.52,attention_generation,64,8192,64,1,128
dynamic,AI_CORE,"64,64,128;4096,128,512;4096,128,512",DT_BF16;DT_BF16;DT_BF16,ND;ND;ND,"64,64,128",DT_BF16,ND,1090.95,attention_generation,64,8192,64,4,128
dynamic,AI_CORE,"64,64,128;4096,128,1024;4096,128,1024",DT_BF16;DT_BF16;DT_BF16,ND;ND;ND,"64,64,128",DT_BF16,ND,2105.07,attention_generation,64,8192,64,8,128
dynamic,AI_CORE,"64,8,128;8192,128,1024;8192,128,1024",DT_BF16;DT_BF16;DT_BF16,ND;ND;ND,"64,8,128",DT_BF16,ND,3703.97,attention_generation,64,16384,8,0,128
dynamic,AI_CORE,"64,8,128;8192,128,128;8192,128,128",DT_BF16;DT_BF16;DT_BF16,ND;ND;ND,"64,8,128",DT_BF16,ND,450.09,attention_generation,64,16384,8,1,128
dynamic,AI_CORE,"64,8,128;8192,128,512;8192,128,512",DT_BF16;DT_BF16;DT_BF16,ND;ND;ND,"64,8,128",DT_BF16,ND,2077.74,attention_generation,64,16384,8,4,128
dynamic,AI_CORE,"64,8,128;8192,128,1024;8192,128,1024",DT_BF16;DT_BF16;DT_BF16,ND;ND;ND,"64,8,128",DT_BF16,ND,3707.90,attention_generation,64,16384,8,8,128
dynamic,AI_CORE,"64,16,128;8192,128,2048;8192,128,2048",DT_BF16;DT_BF16;DT_BF16,ND;ND;ND,"64,16,128",DT_BF16,ND,7312.23,attention_generation,64,16384,16,0,128
dynamic,AI_CORE,"64,16,128;8192,128,128;8192,128,128",DT_BF16;DT_BF16;DT_BF16,ND;ND;ND,"64,16,128",DT_BF16,ND,430.42,attention_generation,64,16384,16,1,128
dynamic,AI_CORE,"64,16,128;8192,128,512;8192,128,512",DT_BF16;DT_BF16;DT_BF16,ND;ND;ND,"64,16,128",DT_BF16,ND,2078.80,attention_generation,64,16384,16,4,128
dynamic,AI_CORE,"64,16,128;8192,128,1024;8192,128,1024",DT_BF16;DT_BF16;DT_BF16,ND;ND;ND,"64,16,128",DT_BF16,ND,4111.51,attention_generation,64,16384,16,8,128
dynamic,AI_CORE,"64,32,128;8192,128,4096;8192,128,4096",DT_BF16;DT_BF16;DT_BF16,ND;ND;ND,"64,32,128",DT_BF16,ND,15038.00,attention_generation,64,16384,32,0,128
dynamic,AI_CORE,"64,32,128;8192,128,128;8192,128,128",DT_BF16;DT_BF16;DT_BF16,ND;ND;ND,"64,32,128",DT_BF16,ND,451.44,attention_generation,64,16384,32,1,128
dynamic,AI_CORE,"64,32,128;8192,128,512;8192,128,512",DT_BF16;DT_BF16;DT_BF16,ND;ND;ND,"64,32,128",DT_BF16,ND,2096.38,attention_generation,64,16384,32,4,128
dynamic,AI_CORE,"64,32,128;8192,128,1024;8192,128,1024",DT_BF16;DT_BF16;DT_BF16,ND;ND;ND,"64,32,128",DT_BF16,ND,4124.09,attention_generation,64,16384,32,8,128
dynamic,AI_CORE,"64,40,128;8192,128,5120;8192,128,5120",DT_BF16;DT_BF16;DT_BF16,ND;ND;ND,"64,40,128",DT_BF16,ND,19748.26,attention_generation,64,16384,40,0,128
dynamic,AI_CORE,"64,40,128;8192,128,128;8192,128,128",DT_BF16;DT_BF16;DT_BF16,ND;ND;ND,"64,40,128",DT_BF16,ND,459.79,attention_generation,64,16384,40,1,128
dynamic,AI_CORE,"64,40,128;8192,128,512;8192,128,512",DT_BF16;DT_BF16;DT_BF16,ND;ND;ND,"64,40,128",DT_BF16,ND,2104.21,attention_generation,64,16384,40,4,128
dynamic,AI_CORE,"64,40,128;8192,128,1024;8192,128,1024",DT_BF16;DT_BF16;DT_BF16,ND;ND;ND,"64,40,128",DT_BF16,ND,4128.33,attention_generation,64,16384,40,8,128
dynamic,AI_CORE,"64,64,128;8192,128,128;8192,128,128",DT_BF16;DT_BF16;DT_BF16,ND;ND;ND,"64,64,128",DT_BF16,ND,484.38,attention_generation,64,16384,64,1,128
dynamic,AI_CORE,"64,64,128;8192,128,512;8192,128,512",DT_BF16;DT_BF16;DT_BF16,ND;ND;ND,"64,64,128",DT_BF16,ND,2113.29,attention_generation,64,16384,64,4,128
dynamic,AI_CORE,"64,64,128;8192,128,1024;8192,128,1024",DT_BF16;DT_BF16;DT_BF16,ND;ND;ND,"64,64,128",DT_BF16,ND,4140.66,attention_generation,64,16384,64,8,128
dynamic,AI_CORE,"128,8,128;128,128,1024;128,128,1024",DT_BF16;DT_BF16;DT_BF16,ND;ND;ND,"128,8,128",DT_BF16,ND,517.78,attention_generation,128,128,8,0,128
dynamic,AI_CORE,"128,8,128;128,128,128;128,128,128",DT_BF16;DT_BF16;DT_BF16,ND;ND;ND,"128,8,128",DT_BF16,ND,503.49,attention_generation,128,128,8,1,128
dynamic,AI_CORE,"128,8,128;128,128,512;128,128,512",DT_BF16;DT_BF16;DT_BF16,ND;ND;ND,"128,8,128",DT_BF16,ND,499.25,attention_generation,128,128,8,4,128
dynamic,AI_CORE,"128,8,128;128,128,1024;128,128,1024",DT_BF16;DT_BF16;DT_BF16,ND;ND;ND,"128,8,128",DT_BF16,ND,500.13,attention_generation,128,128,8,8,128
dynamic,AI_CORE,"128,16,128;128,128,2048;128,128,2048",DT_BF16;DT_BF16;DT_BF16,ND;ND;ND,"128,16,128",DT_BF16,ND,430.59,attention_generation,128,128,16,0,128
dynamic,AI_CORE,"128,16,128;128,128,128;128,128,128",DT_BF16;DT_BF16;DT_BF16,ND;ND;ND,"128,16,128",DT_BF16,ND,437.49,attention_generation,128,128,16,1,128
dynamic,AI_CORE,"128,16,128;128,128,512;128,128,512",DT_BF16;DT_BF16;DT_BF16,ND;ND;ND,"128,16,128",DT_BF16,ND,437.28,attention_generation,128,128,16,4,128
dynamic,AI_CORE,"128,16,128;128,128,1024;128,128,1024",DT_BF16;DT_BF16;DT_BF16,ND;ND;ND,"128,16,128",DT_BF16,ND,436.68,attention_generation,128,128,16,8,128
dynamic,AI_CORE,"128,32,128;128,128,4096;128,128,4096",DT_BF16;DT_BF16;DT_BF16,ND;ND;ND,"128,32,128",DT_BF16,ND,425.78,attention_generation,128,128,32,0,128
dynamic,AI_CORE,"128,32,128;128,128,128;128,128,128",DT_BF16;DT_BF16;DT_BF16,ND;ND;ND,"128,32,128",DT_BF16,ND,435.90,attention_generation,128,128,32,1,128
dynamic,AI_CORE,"128,32,128;128,128,512;128,128,512",DT_BF16;DT_BF16;DT_BF16,ND;ND;ND,"128,32,128",DT_BF16,ND,433.09,attention_generation,128,128,32,4,128
dynamic,AI_CORE,"128,32,128;128,128,1024;128,128,1024",DT_BF16;DT_BF16;DT_BF16,ND;ND;ND,"128,32,128",DT_BF16,ND,432.87,attention_generation,128,128,32,8,128
dynamic,AI_CORE,"128,40,128;128,128,5120;128,128,5120",DT_BF16;DT_BF16;DT_BF16,ND;ND;ND,"128,40,128",DT_BF16,ND,513.55,attention_generation,128,128,40,0,128
dynamic,AI_CORE,"128,40,128;128,128,128;128,128,128",DT_BF16;DT_BF16;DT_BF16,ND;ND;ND,"128,40,128",DT_BF16,ND,432.20,attention_generation,128,128,40,1,128
dynamic,AI_CORE,"128,40,128;128,128,512;128,128,512",DT_BF16;DT_BF16;DT_BF16,ND;ND;ND,"128,40,128",DT_BF16,ND,431.59,attention_generation,128,128,40,4,128
dynamic,AI_CORE,"128,40,128;128,128,1024;128,128,1024",DT_BF16;DT_BF16;DT_BF16,ND;ND;ND,"128,40,128",DT_BF16,ND,431.42,attention_generation,128,128,40,8,128
dynamic,AI_CORE,"128,64,128;128,128,8192;128,128,8192",DT_BF16;DT_BF16;DT_BF16,ND;ND;ND,"128,64,128",DT_BF16,ND,770.77,attention_generation,128,128,64,0,128
dynamic,AI_CORE,"128,64,128;128,128,128;128,128,128",DT_BF16;DT_BF16;DT_BF16,ND;ND;ND,"128,64,128",DT_BF16,ND,422.49,attention_generation,128,128,64,1,128
dynamic,AI_CORE,"128,64,128;128,128,512;128,128,512",DT_BF16;DT_BF16;DT_BF16,ND;ND;ND,"128,64,128",DT_BF16,ND,411.36,attention_generation,128,128,64,4,128
dynamic,AI_CORE,"128,64,128;128,128,1024;128,128,1024",DT_BF16;DT_BF16;DT_BF16,ND;ND;ND,"128,64,128",DT_BF16,ND,415.60,attention_generation,128,128,64,8,128
dynamic,AI_CORE,"128,8,128;256,128,1024;256,128,1024",DT_BF16;DT_BF16;DT_BF16,ND;ND;ND,"128,8,128",DT_BF16,ND,477.60,attention_generation,128,256,8,0,128
dynamic,AI_CORE,"128,8,128;256,128,128;256,128,128",DT_BF16;DT_BF16;DT_BF16,ND;ND;ND,"128,8,128",DT_BF16,ND,476.76,attention_generation,128,256,8,1,128
dynamic,AI_CORE,"128,8,128;256,128,512;256,128,512",DT_BF16;DT_BF16;DT_BF16,ND;ND;ND,"128,8,128",DT_BF16,ND,476.90,attention_generation,128,256,8,4,128
dynamic,AI_CORE,"128,8,128;256,128,1024;256,128,1024",DT_BF16;DT_BF16;DT_BF16,ND;ND;ND,"128,8,128",DT_BF16,ND,472.21,attention_generation,128,256,8,8,128
dynamic,AI_CORE,"128,16,128;256,128,2048;256,128,2048",DT_BF16;DT_BF16;DT_BF16,ND;ND;ND,"128,16,128",DT_BF16,ND,401.52,attention_generation,128,256,16,0,128
dynamic,AI_CORE,"128,16,128;256,128,128;256,128,128",DT_BF16;DT_BF16;DT_BF16,ND;ND;ND,"128,16,128",DT_BF16,ND,415.17,attention_generation,128,256,16,1,128
dynamic,AI_CORE,"128,16,128;256,128,512;256,128,512",DT_BF16;DT_BF16;DT_BF16,ND;ND;ND,"128,16,128",DT_BF16,ND,415.52,attention_generation,128,256,16,4,128
dynamic,AI_CORE,"128,16,128;256,128,1024;256,128,1024",DT_BF16;DT_BF16;DT_BF16,ND;ND;ND,"128,16,128",DT_BF16,ND,450.30,attention_generation,128,256,16,8,128
dynamic,AI_CORE,"128,32,128;256,128,4096;256,128,4096",DT_BF16;DT_BF16;DT_BF16,ND;ND;ND,"128,32,128",DT_BF16,ND,523.66,attention_generation,128,256,32,0,128
dynamic,AI_CORE,"128,32,128;256,128,128;256,128,128",DT_BF16;DT_BF16;DT_BF16,ND;ND;ND,"128,32,128",DT_BF16,ND,435.70,attention_generation,128,256,32,1,128
dynamic,AI_CORE,"128,32,128;256,128,512;256,128,512",DT_BF16;DT_BF16;DT_BF16,ND;ND;ND,"128,32,128",DT_BF16,ND,434.00,attention_generation,128,256,32,4,128
dynamic,AI_CORE,"128,32,128;256,128,1024;256,128,1024",DT_BF16;DT_BF16;DT_BF16,ND;ND;ND,"128,32,128",DT_BF16,ND,430.90,attention_generation,128,256,32,8,128
dynamic,AI_CORE,"128,40,128;256,128,5120;256,128,5120",DT_BF16;DT_BF16;DT_BF16,ND;ND;ND,"128,40,128",DT_BF16,ND,662.51,attention_generation,128,256,40,0,128
dynamic,AI_CORE,"128,40,128;256,128,128;256,128,128",DT_BF16;DT_BF16;DT_BF16,ND;ND;ND,"128,40,128",DT_BF16,ND,427.77,attention_generation,128,256,40,1,128
dynamic,AI_CORE,"128,40,128;256,128,512;256,128,512",DT_BF16;DT_BF16;DT_BF16,ND;ND;ND,"128,40,128",DT_BF16,ND,423.91,attention_generation,128,256,40,4,128
dynamic,AI_CORE,"128,40,128;256,128,1024;256,128,1024",DT_BF16;DT_BF16;DT_BF16,ND;ND;ND,"128,40,128",DT_BF16,ND,420.89,attention_generation,128,256,40,8,128
dynamic,AI_CORE,"128,64,128;256,128,8192;256,128,8192",DT_BF16;DT_BF16;DT_BF16,ND;ND;ND,"128,64,128",DT_BF16,ND,1029.45,attention_generation,128,256,64,0,128
dynamic,AI_CORE,"128,64,128;256,128,128;256,128,128",DT_BF16;DT_BF16;DT_BF16,ND;ND;ND,"128,64,128",DT_BF16,ND,426.22,attention_generation,128,256,64,1,128
dynamic,AI_CORE,"128,64,128;256,128,512;256,128,512",DT_BF16;DT_BF16;DT_BF16,ND;ND;ND,"128,64,128",DT_BF16,ND,414.74,attention_generation,128,256,64,4,128
dynamic,AI_CORE,"128,64,128;256,128,1024;256,128,1024",DT_BF16;DT_BF16;DT_BF16,ND;ND;ND,"128,64,128",DT_BF16,ND,413.33,attention_generation,128,256,64,8,128
dynamic,AI_CORE,"128,8,128;512,128,1024;512,128,1024",DT_BF16;DT_BF16;DT_BF16,ND;ND;ND,"128,8,128",DT_BF16,ND,462.69,attention_generation,128,512,8,0,128
dynamic,AI_CORE,"128,8,128;512,128,128;512,128,128",DT_BF16;DT_BF16;DT_BF16,ND;ND;ND,"128,8,128",DT_BF16,ND,465.12,attention_generation,128,512,8,1,128
dynamic,AI_CORE,"128,8,128;512,128,512;512,128,512",DT_BF16;DT_BF16;DT_BF16,ND;ND;ND,"128,8,128",DT_BF16,ND,461.69,attention_generation,128,512,8,4,128
dynamic,AI_CORE,"128,8,128;512,128,1024;512,128,1024",DT_BF16;DT_BF16;DT_BF16,ND;ND;ND,"128,8,128",DT_BF16,ND,461.49,attention_generation,128,512,8,8,128
dynamic,AI_CORE,"128,16,128;512,128,2048;512,128,2048",DT_BF16;DT_BF16;DT_BF16,ND;ND;ND,"128,16,128",DT_BF16,ND,496.63,attention_generation,128,512,16,0,128
dynamic,AI_CORE,"128,16,128;512,128,128;512,128,128",DT_BF16;DT_BF16;DT_BF16,ND;ND;ND,"128,16,128",DT_BF16,ND,401.88,attention_generation,128,512,16,1,128
dynamic,AI_CORE,"128,16,128;512,128,512;512,128,512",DT_BF16;DT_BF16;DT_BF16,ND;ND;ND,"128,16,128",DT_BF16,ND,402.68,attention_generation,128,512,16,4,128
dynamic,AI_CORE,"128,16,128;512,128,1024;512,128,1024",DT_BF16;DT_BF16;DT_BF16,ND;ND;ND,"128,16,128",DT_BF16,ND,401.97,attention_generation,128,512,16,8,128
dynamic,AI_CORE,"128,32,128;512,128,4096;512,128,4096",DT_BF16;DT_BF16;DT_BF16,ND;ND;ND,"128,32,128",DT_BF16,ND,993.69,attention_generation,128,512,32,0,128
dynamic,AI_CORE,"128,32,128;512,128,128;512,128,128",DT_BF16;DT_BF16;DT_BF16,ND;ND;ND,"128,32,128",DT_BF16,ND,400.35,attention_generation,128,512,32,1,128
dynamic,AI_CORE,"128,32,128;512,128,512;512,128,512",DT_BF16;DT_BF16;DT_BF16,ND;ND;ND,"128,32,128",DT_BF16,ND,400.34,attention_generation,128,512,32,4,128
dynamic,AI_CORE,"128,32,128;512,128,1024;512,128,1024",DT_BF16;DT_BF16;DT_BF16,ND;ND;ND,"128,32,128",DT_BF16,ND,399.52,attention_generation,128,512,32,8,128
dynamic,AI_CORE,"128,40,128;512,128,5120;512,128,5120",DT_BF16;DT_BF16;DT_BF16,ND;ND;ND,"128,40,128",DT_BF16,ND,1287.72,attention_generation,128,512,40,0,128
dynamic,AI_CORE,"128,40,128;512,128,128;512,128,128",DT_BF16;DT_BF16;DT_BF16,ND;ND;ND,"128,40,128",DT_BF16,ND,402.07,attention_generation,128,512,40,1,128
dynamic,AI_CORE,"128,40,128;512,128,512;512,128,512",DT_BF16;DT_BF16;DT_BF16,ND;ND;ND,"128,40,128",DT_BF16,ND,402.26,attention_generation,128,512,40,4,128
dynamic,AI_CORE,"128,40,128;512,128,1024;512,128,1024",DT_BF16;DT_BF16;DT_BF16,ND;ND;ND,"128,40,128",DT_BF16,ND,410.13,attention_generation,128,512,40,8,128
dynamic,AI_CORE,"128,64,128;512,128,8192;512,128,8192",DT_BF16;DT_BF16;DT_BF16,ND;ND;ND,"128,64,128",DT_BF16,ND,1998.43,attention_generation,128,512,64,0,128
dynamic,AI_CORE,"128,64,128;512,128,128;512,128,128",DT_BF16;DT_BF16;DT_BF16,ND;ND;ND,"128,64,128",DT_BF16,ND,434.45,attention_generation,128,512,64,1,128
dynamic,AI_CORE,"128,64,128;512,128,512;512,128,512",DT_BF16;DT_BF16;DT_BF16,ND;ND;ND,"128,64,128",DT_BF16,ND,427.48,attention_generation,128,512,64,4,128
dynamic,AI_CORE,"128,64,128;512,128,1024;512,128,1024",DT_BF16;DT_BF16;DT_BF16,ND;ND;ND,"128,64,128",DT_BF16,ND,419.32,attention_generation,128,512,64,8,128
dynamic,AI_CORE,"128,8,128;1024,128,1024;1024,128,1024",DT_BF16;DT_BF16;DT_BF16,ND;ND;ND,"128,8,128",DT_BF16,ND,490.04,attention_generation,128,1024,8,0,128
dynamic,AI_CORE,"128,8,128;1024,128,128;1024,128,128",DT_BF16;DT_BF16;DT_BF16,ND;ND;ND,"128,8,128",DT_BF16,ND,472.70,attention_generation,128,1024,8,1,128
dynamic,AI_CORE,"128,8,128;1024,128,512;1024,128,512",DT_BF16;DT_BF16;DT_BF16,ND;ND;ND,"128,8,128",DT_BF16,ND,459.72,attention_generation,128,1024,8,4,128
dynamic,AI_CORE,"128,8,128;1024,128,1024;1024,128,1024",DT_BF16;DT_BF16;DT_BF16,ND;ND;ND,"128,8,128",DT_BF16,ND,487.49,attention_generation,128,1024,8,8,128
dynamic,AI_CORE,"128,16,128;1024,128,2048;1024,128,2048",DT_BF16;DT_BF16;DT_BF16,ND;ND;ND,"128,16,128",DT_BF16,ND,962.03,attention_generation,128,1024,16,0,128
dynamic,AI_CORE,"128,16,128;1024,128,128;1024,128,128",DT_BF16;DT_BF16;DT_BF16,ND;ND;ND,"128,16,128",DT_BF16,ND,401.73,attention_generation,128,1024,16,1,128
dynamic,AI_CORE,"128,16,128;1024,128,512;1024,128,512",DT_BF16;DT_BF16;DT_BF16,ND;ND;ND,"128,16,128",DT_BF16,ND,399.29,attention_generation,128,1024,16,4,128
dynamic,AI_CORE,"128,16,128;1024,128,1024;1024,128,1024",DT_BF16;DT_BF16;DT_BF16,ND;ND;ND,"128,16,128",DT_BF16,ND,583.45,attention_generation,128,1024,16,8,128
dynamic,AI_CORE,"128,32,128;1024,128,4096;1024,128,4096",DT_BF16;DT_BF16;DT_BF16,ND;ND;ND,"128,32,128",DT_BF16,ND,1945.48,attention_generation,128,1024,32,0,128
dynamic,AI_CORE,"128,32,128;1024,128,128;1024,128,128",DT_BF16;DT_BF16;DT_BF16,ND;ND;ND,"128,32,128",DT_BF16,ND,400.29,attention_generation,128,1024,32,1,128
dynamic,AI_CORE,"128,32,128;1024,128,512;1024,128,512",DT_BF16;DT_BF16;DT_BF16,ND;ND;ND,"128,32,128",DT_BF16,ND,399.04,attention_generation,128,1024,32,4,128
dynamic,AI_CORE,"128,32,128;1024,128,1024;1024,128,1024",DT_BF16;DT_BF16;DT_BF16,ND;ND;ND,"128,32,128",DT_BF16,ND,582.58,attention_generation,128,1024,32,8,128
dynamic,AI_CORE,"128,40,128;1024,128,5120;1024,128,5120",DT_BF16;DT_BF16;DT_BF16,ND;ND;ND,"128,40,128",DT_BF16,ND,2528.62,attention_generation,128,1024,40,0,128
dynamic,AI_CORE,"128,40,128;1024,128,128;1024,128,128",DT_BF16;DT_BF16;DT_BF16,ND;ND;ND,"128,40,128",DT_BF16,ND,457.37,attention_generation,128,1024,40,1,128
dynamic,AI_CORE,"128,40,128;1024,128,512;1024,128,512",DT_BF16;DT_BF16;DT_BF16,ND;ND;ND,"128,40,128",DT_BF16,ND,447.80,attention_generation,128,1024,40,4,128
dynamic,AI_CORE,"128,40,128;1024,128,1024;1024,128,1024",DT_BF16;DT_BF16;DT_BF16,ND;ND;ND,"128,40,128",DT_BF16,ND,585.59,attention_generation,128,1024,40,8,128
dynamic,AI_CORE,"128,64,128;1024,128,8192;1024,128,8192",DT_BF16;DT_BF16;DT_BF16,ND;ND;ND,"128,64,128",DT_BF16,ND,3924.31,attention_generation,128,1024,64,0,128
dynamic,AI_CORE,"128,64,128;1024,128,128;1024,128,128",DT_BF16;DT_BF16;DT_BF16,ND;ND;ND,"128,64,128",DT_BF16,ND,393.70,attention_generation,128,1024,64,1,128
dynamic,AI_CORE,"128,64,128;1024,128,512;1024,128,512",DT_BF16;DT_BF16;DT_BF16,ND;ND;ND,"128,64,128",DT_BF16,ND,396.48,attention_generation,128,1024,64,4,128
dynamic,AI_CORE,"128,64,128;1024,128,1024;1024,128,1024",DT_BF16;DT_BF16;DT_BF16,ND;ND;ND,"128,64,128",DT_BF16,ND,588.53,attention_generation,128,1024,64,8,128
dynamic,AI_CORE,"128,8,128;2048,128,1024;2048,128,1024",DT_BF16;DT_BF16;DT_BF16,ND;ND;ND,"128,8,128",DT_BF16,ND,947.37,attention_generation,128,2048,8,0,128
dynamic,AI_CORE,"128,8,128;2048,128,128;2048,128,128",DT_BF16;DT_BF16;DT_BF16,ND;ND;ND,"128,8,128",DT_BF16,ND,449.57,attention_generation,128,2048,8,1,128
dynamic,AI_CORE,"128,8,128;2048,128,512;2048,128,512",DT_BF16;DT_BF16;DT_BF16,ND;ND;ND,"128,8,128",DT_BF16,ND,577.64,attention_generation,128,2048,8,4,128
dynamic,AI_CORE,"128,8,128;2048,128,1024;2048,128,1024",DT_BF16;DT_BF16;DT_BF16,ND;ND;ND,"128,8,128",DT_BF16,ND,950.37,attention_generation,128,2048,8,8,128
dynamic,AI_CORE,"128,16,128;2048,128,2048;2048,128,2048",DT_BF16;DT_BF16;DT_BF16,ND;ND;ND,"128,16,128",DT_BF16,ND,1867.04,attention_generation,128,2048,16,0,128
dynamic,AI_CORE,"128,16,128;2048,128,128;2048,128,128",DT_BF16;DT_BF16;DT_BF16,ND;ND;ND,"128,16,128",DT_BF16,ND,426.29,attention_generation,128,2048,16,1,128
dynamic,AI_CORE,"128,16,128;2048,128,512;2048,128,512",DT_BF16;DT_BF16;DT_BF16,ND;ND;ND,"128,16,128",DT_BF16,ND,589.19,attention_generation,128,2048,16,4,128
dynamic,AI_CORE,"128,16,128;2048,128,1024;2048,128,1024",DT_BF16;DT_BF16;DT_BF16,ND;ND;ND,"128,16,128",DT_BF16,ND,1095.01,attention_generation,128,2048,16,8,128
dynamic,AI_CORE,"128,32,128;2048,128,4096;2048,128,4096",DT_BF16;DT_BF16;DT_BF16,ND;ND;ND,"128,32,128",DT_BF16,ND,3806.73,attention_generation,128,2048,32,0,128
dynamic,AI_CORE,"128,32,128;2048,128,128;2048,128,128",DT_BF16;DT_BF16;DT_BF16,ND;ND;ND,"128,32,128",DT_BF16,ND,491.95,attention_generation,128,2048,32,1,128
dynamic,AI_CORE,"128,32,128;2048,128,512;2048,128,512",DT_BF16;DT_BF16;DT_BF16,ND;ND;ND,"128,32,128",DT_BF16,ND,590.61,attention_generation,128,2048,32,4,128
dynamic,AI_CORE,"128,32,128;2048,128,1024;2048,128,1024",DT_BF16;DT_BF16;DT_BF16,ND;ND;ND,"128,32,128",DT_BF16,ND,1097.41,attention_generation,128,2048,32,8,128
dynamic,AI_CORE,"128,40,128;2048,128,5120;2048,128,5120",DT_BF16;DT_BF16;DT_BF16,ND;ND;ND,"128,40,128",DT_BF16,ND,4984.01,attention_generation,128,2048,40,0,128
dynamic,AI_CORE,"128,40,128;2048,128,128;2048,128,128",DT_BF16;DT_BF16;DT_BF16,ND;ND;ND,"128,40,128",DT_BF16,ND,420.07,attention_generation,128,2048,40,1,128
dynamic,AI_CORE,"128,40,128;2048,128,512;2048,128,512",DT_BF16;DT_BF16;DT_BF16,ND;ND;ND,"128,40,128",DT_BF16,ND,593.40,attention_generation,128,2048,40,4,128
dynamic,AI_CORE,"128,40,128;2048,128,1024;2048,128,1024",DT_BF16;DT_BF16;DT_BF16,ND;ND;ND,"128,40,128",DT_BF16,ND,1097.80,attention_generation,128,2048,40,8,128
dynamic,AI_CORE,"128,64,128;2048,128,8192;2048,128,8192",DT_BF16;DT_BF16;DT_BF16,ND;ND;ND,"128,64,128",DT_BF16,ND,7988.67,attention_generation,128,2048,64,0,128
dynamic,AI_CORE,"128,64,128;2048,128,128;2048,128,128",DT_BF16;DT_BF16;DT_BF16,ND;ND;ND,"128,64,128",DT_BF16,ND,392.48,attention_generation,128,2048,64,1,128
dynamic,AI_CORE,"128,64,128;2048,128,512;2048,128,512",DT_BF16;DT_BF16;DT_BF16,ND;ND;ND,"128,64,128",DT_BF16,ND,595.79,attention_generation,128,2048,64,4,128
dynamic,AI_CORE,"128,64,128;2048,128,1024;2048,128,1024",DT_BF16;DT_BF16;DT_BF16,ND;ND;ND,"128,64,128",DT_BF16,ND,1104.17,attention_generation,128,2048,64,8,128
dynamic,AI_CORE,"128,8,128;4096,128,1024;4096,128,1024",DT_BF16;DT_BF16;DT_BF16,ND;ND;ND,"128,8,128",DT_BF16,ND,1878.83,attention_generation,128,4096,8,0,128
dynamic,AI_CORE,"128,8,128;4096,128,128;4096,128,128",DT_BF16;DT_BF16;DT_BF16,ND;ND;ND,"128,8,128",DT_BF16,ND,455.48,attention_generation,128,4096,8,1,128
dynamic,AI_CORE,"128,8,128;4096,128,512;4096,128,512",DT_BF16;DT_BF16;DT_BF16,ND;ND;ND,"128,8,128",DT_BF16,ND,1082.09,attention_generation,128,4096,8,4,128
dynamic,AI_CORE,"128,8,128;4096,128,1024;4096,128,1024",DT_BF16;DT_BF16;DT_BF16,ND;ND;ND,"128,8,128",DT_BF16,ND,1879.91,attention_generation,128,4096,8,8,128
dynamic,AI_CORE,"128,16,128;4096,128,2048;4096,128,2048",DT_BF16;DT_BF16;DT_BF16,ND;ND;ND,"128,16,128",DT_BF16,ND,3694.98,attention_generation,128,4096,16,0,128
dynamic,AI_CORE,"128,16,128;4096,128,128;4096,128,128",DT_BF16;DT_BF16;DT_BF16,ND;ND;ND,"128,16,128",DT_BF16,ND,445.06,attention_generation,128,4096,16,1,128
dynamic,AI_CORE,"128,16,128;4096,128,512;4096,128,512",DT_BF16;DT_BF16;DT_BF16,ND;ND;ND,"128,16,128",DT_BF16,ND,1093.07,attention_generation,128,4096,16,4,128
dynamic,AI_CORE,"128,16,128;4096,128,1024;4096,128,1024",DT_BF16;DT_BF16;DT_BF16,ND;ND;ND,"128,16,128",DT_BF16,ND,2088.00,attention_generation,128,4096,16,8,128
dynamic,AI_CORE,"128,32,128;4096,128,4096;4096,128,4096",DT_BF16;DT_BF16;DT_BF16,ND;ND;ND,"128,32,128",DT_BF16,ND,7552.33,attention_generation,128,4096,32,0,128
dynamic,AI_CORE,"128,32,128;4096,128,128;4096,128,128",DT_BF16;DT_BF16;DT_BF16,ND;ND;ND,"128,32,128",DT_BF16,ND,401.88,attention_generation,128,4096,32,1,128
dynamic,AI_CORE,"128,32,128;4096,128,512;4096,128,512",DT_BF16;DT_BF16;DT_BF16,ND;ND;ND,"128,32,128",DT_BF16,ND,1095.28,attention_generation,128,4096,32,4,128
dynamic,AI_CORE,"128,32,128;4096,128,1024;4096,128,1024",DT_BF16;DT_BF16;DT_BF16,ND;ND;ND,"128,32,128",DT_BF16,ND,2092.49,attention_generation,128,4096,32,8,128
dynamic,AI_CORE,"128,40,128;4096,128,5120;4096,128,5120",DT_BF16;DT_BF16;DT_BF16,ND;ND;ND,"128,40,128",DT_BF16,ND,9920.64,attention_generation,128,4096,40,0,128
dynamic,AI_CORE,"128,40,128;4096,128,128;4096,128,128",DT_BF16;DT_BF16;DT_BF16,ND;ND;ND,"128,40,128",DT_BF16,ND,393.65,attention_generation,128,4096,40,1,128
dynamic,AI_CORE,"128,40,128;4096,128,512;4096,128,512",DT_BF16;DT_BF16;DT_BF16,ND;ND;ND,"128,40,128",DT_BF16,ND,1098.86,attention_generation,128,4096,40,4,128
dynamic,AI_CORE,"128,40,128;4096,128,1024;4096,128,1024",DT_BF16;DT_BF16;DT_BF16,ND;ND;ND,"128,40,128",DT_BF16,ND,2096.03,attention_generation,128,4096,40,8,128
dynamic,AI_CORE,"128,64,128;4096,128,8192;4096,128,8192",DT_BF16;DT_BF16;DT_BF16,ND;ND;ND,"128,64,128",DT_BF16,ND,16266.14,attention_generation,128,4096,64,0,128
dynamic,AI_CORE,"128,64,128;4096,128,128;4096,128,128",DT_BF16;DT_BF16;DT_BF16,ND;ND;ND,"128,64,128",DT_BF16,ND,409.66,attention_generation,128,4096,64,1,128
dynamic,AI_CORE,"128,64,128;4096,128,512;4096,128,512",DT_BF16;DT_BF16;DT_BF16,ND;ND;ND,"128,64,128",DT_BF16,ND,1106.31,attention_generation,128,4096,64,4,128
dynamic,AI_CORE,"128,64,128;4096,128,1024;4096,128,1024",DT_BF16;DT_BF16;DT_BF16,ND;ND;ND,"128,64,128",DT_BF16,ND,2108.78,attention_generation,128,4096,64,8,128
dynamic,AI_CORE,"128,8,128;8192,128,1024;8192,128,1024",DT_BF16;DT_BF16;DT_BF16,ND;ND;ND,"128,8,128",DT_BF16,ND,3717.40,attention_generation,128,8192,8,0,128
dynamic,AI_CORE,"128,8,128;8192,128,128;8192,128,128",DT_BF16;DT_BF16;DT_BF16,ND;ND;ND,"128,8,128",DT_BF16,ND,454.49,attention_generation,128,8192,8,1,128
dynamic,AI_CORE,"128,8,128;8192,128,512;8192,128,512",DT_BF16;DT_BF16;DT_BF16,ND;ND;ND,"128,8,128",DT_BF16,ND,2093.42,attention_generation,128,8192,8,4,128
dynamic,AI_CORE,"128,8,128;8192,128,1024;8192,128,1024",DT_BF16;DT_BF16;DT_BF16,ND;ND;ND,"128,8,128",DT_BF16,ND,3721.47,attention_generation,128,8192,8,8,128
dynamic,AI_CORE,"128,16,128;8192,128,2048;8192,128,2048",DT_BF16;DT_BF16;DT_BF16,ND;ND;ND,"128,16,128",DT_BF16,ND,7331.02,attention_generation,128,8192,16,0,128
dynamic,AI_CORE,"128,16,128;8192,128,128;8192,128,128",DT_BF16;DT_BF16;DT_BF16,ND;ND;ND,"128,16,128",DT_BF16,ND,453.06,attention_generation,128,8192,16,1,128
dynamic,AI_CORE,"128,16,128;8192,128,512;8192,128,512",DT_BF16;DT_BF16;DT_BF16,ND;ND;ND,"128,16,128",DT_BF16,ND,2108.17,attention_generation,128,8192,16,4,128
dynamic,AI_CORE,"128,16,128;8192,128,1024;8192,128,1024",DT_BF16;DT_BF16;DT_BF16,ND;ND;ND,"128,16,128",DT_BF16,ND,4071.43,attention_generation,128,8192,16,8,128
dynamic,AI_CORE,"128,32,128;8192,128,4096;8192,128,4096",DT_BF16;DT_BF16;DT_BF16,ND;ND;ND,"128,32,128",DT_BF16,ND,15039.54,attention_generation,128,8192,32,0,128
dynamic,AI_CORE,"128,32,128;8192,128,128;8192,128,128",DT_BF16;DT_BF16;DT_BF16,ND;ND;ND,"128,32,128",DT_BF16,ND,468.10,attention_generation,128,8192,32,1,128
dynamic,AI_CORE,"128,32,128;8192,128,512;8192,128,512",DT_BF16;DT_BF16;DT_BF16,ND;ND;ND,"128,32,128",DT_BF16,ND,2117.86,attention_generation,128,8192,32,4,128
dynamic,AI_CORE,"128,32,128;8192,128,1024;8192,128,1024",DT_BF16;DT_BF16;DT_BF16,ND;ND;ND,"128,32,128",DT_BF16,ND,4082.79,attention_generation,128,8192,32,8,128
dynamic,AI_CORE,"128,40,128;8192,128,5120;8192,128,5120",DT_BF16;DT_BF16;DT_BF16,ND;ND;ND,"128,40,128",DT_BF16,ND,19768.82,attention_generation,128,8192,40,0,128
dynamic,AI_CORE,"128,40,128;8192,128,128;8192,128,128",DT_BF16;DT_BF16;DT_BF16,ND;ND;ND,"128,40,128",DT_BF16,ND,470.73,attention_generation,128,8192,40,1,128
dynamic,AI_CORE,"128,40,128;8192,128,512;8192,128,512",DT_BF16;DT_BF16;DT_BF16,ND;ND;ND,"128,40,128",DT_BF16,ND,2121.58,attention_generation,128,8192,40,4,128
dynamic,AI_CORE,"128,40,128;8192,128,1024;8192,128,1024",DT_BF16;DT_BF16;DT_BF16,ND;ND;ND,"128,40,128",DT_BF16,ND,4089.91,attention_generation,128,8192,40,8,128
dynamic,AI_CORE,"128,64,128;8192,128,128;8192,128,128",DT_BF16;DT_BF16;DT_BF16,ND;ND;ND,"128,64,128",DT_BF16,ND,494.54,attention_generation,128,8192,64,1,128
dynamic,AI_CORE,"128,64,128;8192,128,512;8192,128,512",DT_BF16;DT_BF16;DT_BF16,ND;ND;ND,"128,64,128",DT_BF16,ND,2129.18,attention_generation,128,8192,64,4,128
dynamic,AI_CORE,"128,64,128;8192,128,1024;8192,128,1024",DT_BF16;DT_BF16;DT_BF16,ND;ND;ND,"128,64,128",DT_BF16,ND,4102.94,attention_generation,128,8192,64,8,128
dynamic,AI_CORE,"128,8,128;16384,128,1024;16384,128,1024",DT_BF16;DT_BF16;DT_BF16,ND;ND;ND,"128,8,128",DT_BF16,ND,7406.68,attention_generation,128,16384,8,0,128
dynamic,AI_CORE,"128,8,128;16384,128,128;16384,128,128",DT_BF16;DT_BF16;DT_BF16,ND;ND;ND,"128,8,128",DT_BF16,ND,826.14,attention_generation,128,16384,8,1,128
dynamic,AI_CORE,"128,8,128;16384,128,512;16384,128,512",DT_BF16;DT_BF16;DT_BF16,ND;ND;ND,"128,8,128",DT_BF16,ND,4121.62,attention_generation,128,16384,8,4,128
dynamic,AI_CORE,"128,8,128;16384,128,1024;16384,128,1024",DT_BF16;DT_BF16;DT_BF16,ND;ND;ND,"128,8,128",DT_BF16,ND,7419.32,attention_generation,128,16384,8,8,128
dynamic,AI_CORE,"128,16,128;16384,128,2048;16384,128,2048",DT_BF16;DT_BF16;DT_BF16,ND;ND;ND,"128,16,128",DT_BF16,ND,14637.08,attention_generation,128,16384,16,0,128
dynamic,AI_CORE,"128,16,128;16384,128,128;16384,128,128",DT_BF16;DT_BF16;DT_BF16,ND;ND;ND,"128,16,128",DT_BF16,ND,839.12,attention_generation,128,16384,16,1,128
dynamic,AI_CORE,"128,16,128;16384,128,512;16384,128,512",DT_BF16;DT_BF16;DT_BF16,ND;ND;ND,"128,16,128",DT_BF16,ND,4129.09,attention_generation,128,16384,16,4,128
dynamic,AI_CORE,"128,16,128;16384,128,1024;16384,128,1024",DT_BF16;DT_BF16;DT_BF16,ND;ND;ND,"128,16,128",DT_BF16,ND,8075.52,attention_generation,128,16384,16,8,128
dynamic,AI_CORE,"128,32,128;16384,128,128;16384,128,128",DT_BF16;DT_BF16;DT_BF16,ND;ND;ND,"128,32,128",DT_BF16,ND,856.57,attention_generation,128,16384,32,1,128
dynamic,AI_CORE,"128,32,128;16384,128,512;16384,128,512",DT_BF16;DT_BF16;DT_BF16,ND;ND;ND,"128,32,128",DT_BF16,ND,4142.92,attention_generation,128,16384,32,4,128
dynamic,AI_CORE,"128,32,128;16384,128,1024;16384,128,1024",DT_BF16;DT_BF16;DT_BF16,ND;ND;ND,"128,32,128",DT_BF16,ND,8088.43,attention_generation,128,16384,32,8,128
dynamic,AI_CORE,"128,40,128;16384,128,128;16384,128,128",DT_BF16;DT_BF16;DT_BF16,ND;ND;ND,"128,40,128",DT_BF16,ND,880.11,attention_generation,128,16384,40,1,128
dynamic,AI_CORE,"128,40,128;16384,128,512;16384,128,512",DT_BF16;DT_BF16;DT_BF16,ND;ND;ND,"128,40,128",DT_BF16,ND,4157.17,attention_generation,128,16384,40,4,128
dynamic,AI_CORE,"128,40,128;16384,128,1024;16384,128,1024",DT_BF16;DT_BF16;DT_BF16,ND;ND;ND,"128,40,128",DT_BF16,ND,8100.19,attention_generation,128,16384,40,8,128
dynamic,AI_CORE,"128,64,128;16384,128,128;16384,128,128",DT_BF16;DT_BF16;DT_BF16,ND;ND;ND,"128,64,128",DT_BF16,ND,915.24,attention_generation,128,16384,64,1,128
dynamic,AI_CORE,"128,64,128;16384,128,512;16384,128,512",DT_BF16;DT_BF16;DT_BF16,ND;ND;ND,"128,64,128",DT_BF16,ND,4174.81,attention_generation,128,16384,64,4,128
dynamic,AI_CORE,"128,64,128;16384,128,1024;16384,128,1024",DT_BF16;DT_BF16;DT_BF16,ND;ND;ND,"128,64,128",DT_BF16,ND,8135.73,attention_generation,128,16384,64,8,128
