OP State,Accelerator Core,Input Shapes,Input Data Types,Input Formats,Output Shapes,Output Data Types,Output Formats,Average Duration(us),Quant Type
dynamic,AI_CORE,"1,256;256,256",DT_BF16;DT_BF16,ND;ND,"1,256",DT_BF16,ND,94.06,bf16
dynamic,AI_CORE,"1,512;256,512",DT_BF16;DT_BF16,ND;ND,"1,256",DT_BF16,ND,94.72,bf16
dynamic,AI_CORE,"1,1024;256,1024",DT_BF16;DT_BF16,ND;ND,"1,256",DT_BF16,ND,94.30,bf16
dynamic,AI_CORE,"1,2048;256,2048",DT_BF16;DT_BF16,ND;ND,"1,256",DT_BF16,ND,94.60,bf16
dynamic,AI_CORE,"1,4096;256,4096",DT_BF16;DT_BF16,ND;ND,"1,256",DT_BF16,ND,94.40,bf16
dynamic,AI_CORE,"1,7168;256,7168",DT_BF16;DT_BF16,ND;ND,"1,256",DT_BF16,ND,94.04,bf16
dynamic,AI_CORE,"1,8192;256,8192",DT_BF16;DT_BF16,ND;ND,"1,256",DT_BF16,ND,95.02,bf16
dynamic,AI_CORE,"1,12288;256,12288",DT_BF16;DT_BF16,ND;ND,"1,256",DT_BF16,ND,97.75,bf16
dynamic,AI_CORE,"1,16384;256,16384",DT_BF16;DT_BF16,ND;ND,"1,256",DT_BF16,ND,97.35,bf16
dynamic,AI_CORE,"1,256;512,256",DT_BF16;DT_BF16,ND;ND,"1,512",DT_BF16,ND,98.42,bf16
dynamic,AI_CORE,"1,512;512,512",DT_BF16;DT_BF16,ND;ND,"1,512",DT_BF16,ND,97.19,bf16
dynamic,AI_CORE,"1,1024;512,1024",DT_BF16;DT_BF16,ND;ND,"1,512",DT_BF16,ND,96.53,bf16
dynamic,AI_CORE,"1,2048;512,2048",DT_BF16;DT_BF16,ND;ND,"1,512",DT_BF16,ND,100.34,bf16
dynamic,AI_CORE,"1,4096;512,4096",DT_BF16;DT_BF16,ND;ND,"1,512",DT_BF16,ND,100.97,bf16
dynamic,AI_CORE,"1,7168;512,7168",DT_BF16;DT_BF16,ND;ND,"1,512",DT_BF16,ND,98.46,bf16
dynamic,AI_CORE,"1,8192;512,8192",DT_BF16;DT_BF16,ND;ND,"1,512",DT_BF16,ND,99.35,bf16
dynamic,AI_CORE,"1,12288;512,12288",DT_BF16;DT_BF16,ND;ND,"1,512",DT_BF16,ND,109.13,bf16
dynamic,AI_CORE,"1,16384;512,16384",DT_BF16;DT_BF16,ND;ND,"1,512",DT_BF16,ND,98.38,bf16
dynamic,AI_CORE,"1,256;1024,256",DT_BF16;DT_BF16,ND;ND,"1,1024",DT_BF16,ND,98.47,bf16
dynamic,AI_CORE,"1,512;1024,512",DT_BF16;DT_BF16,ND;ND,"1,1024",DT_BF16,ND,103.68,bf16
dynamic,AI_CORE,"1,1024;1024,1024",DT_BF16;DT_BF16,ND;ND,"1,1024",DT_BF16,ND,106.32,bf16
dynamic,AI_CORE,"1,2048;1024,2048",DT_BF16;DT_BF16,ND;ND,"1,1024",DT_BF16,ND,103.36,bf16
dynamic,AI_CORE,"1,4096;1024,4096",DT_BF16;DT_BF16,ND;ND,"1,1024",DT_BF16,ND,99.40,bf16
dynamic,AI_CORE,"1,7168;1024,7168",DT_BF16;DT_BF16,ND;ND,"1,1024",DT_BF16,ND,98.66,bf16
dynamic,AI_CORE,"1,8192;1024,8192",DT_BF16;DT_BF16,ND;ND,"1,1024",DT_BF16,ND,98.18,bf16
dynamic,AI_CORE,"1,12288;1024,12288",DT_BF16;DT_BF16,ND;ND,"1,1024",DT_BF16,ND,100.26,bf16
dynamic,AI_CORE,"1,16384;1024,16384",DT_BF16;DT_BF16,ND;ND,"1,1024",DT_BF16,ND,99.87,bf16
dynamic,AI_CORE,"1,256;2048,256",DT_BF16;DT_BF16,ND;ND,"1,2048",DT_BF16,ND,100.73,bf16
dynamic,AI_CORE,"1,512;2048,512",DT_BF16;DT_BF16,ND;ND,"1,2048",DT_BF16,ND,100.47,bf16
dynamic,AI_CORE,"1,1024;2048,1024",DT_BF16;DT_BF16,ND;ND,"1,2048",DT_BF16,ND,100.82,bf16
dynamic,AI_CORE,"1,2048;2048,2048",DT_BF16;DT_BF16,ND;ND,"1,2048",DT_BF16,ND,100.08,bf16
dynamic,AI_CORE,"1,4096;2048,4096",DT_BF16;DT_BF16,ND;ND,"1,2048",DT_BF16,ND,100.38,bf16
dynamic,AI_CORE,"1,7168;2048,7168",DT_BF16;DT_BF16,ND;ND,"1,2048",DT_BF16,ND,99.02,bf16
dynamic,AI_CORE,"1,8192;2048,8192",DT_BF16;DT_BF16,ND;ND,"1,2048",DT_BF16,ND,106.30,bf16
dynamic,AI_CORE,"1,12288;2048,12288",DT_BF16;DT_BF16,ND;ND,"1,2048",DT_BF16,ND,104.43,bf16
dynamic,AI_CORE,"1,16384;2048,16384",DT_BF16;DT_BF16,ND;ND,"1,2048",DT_BF16,ND,104.52,bf16
dynamic,AI_CORE,"1,256;4096,256",DT_BF16;DT_BF16,ND;ND,"1,4096",DT_BF16,ND,105.08,bf16
dynamic,AI_CORE,"1,512;4096,512",DT_BF16;DT_BF16,ND;ND,"1,4096",DT_BF16,ND,104.43,bf16
dynamic,AI_CORE,"1,1024;4096,1024",DT_BF16;DT_BF16,ND;ND,"1,4096",DT_BF16,ND,102.69,bf16
dynamic,AI_CORE,"1,2048;4096,2048",DT_BF16;DT_BF16,ND;ND,"1,4096",DT_BF16,ND,99.25,bf16
dynamic,AI_CORE,"1,4096;4096,4096",DT_BF16;DT_BF16,ND;ND,"1,4096",DT_BF16,ND,98.94,bf16
dynamic,AI_CORE,"1,7168;4096,7168",DT_BF16;DT_BF16,ND;ND,"1,4096",DT_BF16,ND,97.87,bf16
dynamic,AI_CORE,"1,8192;4096,8192",DT_BF16;DT_BF16,ND;ND,"1,4096",DT_BF16,ND,98.99,bf16
dynamic,AI_CORE,"1,12288;4096,12288",DT_BF16;DT_BF16,ND;ND,"1,4096",DT_BF16,ND,98.85,bf16
dynamic,AI_CORE,"1,16384;4096,16384",DT_BF16;DT_BF16,ND;ND,"1,4096",DT_BF16,ND,115.33,bf16
dynamic,AI_CORE,"1,256;7168,256",DT_BF16;DT_BF16,ND;ND,"1,7168",DT_BF16,ND,103.09,bf16
dynamic,AI_CORE,"1,512;7168,512",DT_BF16;DT_BF16,ND;ND,"1,7168",DT_BF16,ND,97.96,bf16
dynamic,AI_CORE,"1,1024;7168,1024",DT_BF16;DT_BF16,ND;ND,"1,7168",DT_BF16,ND,105.76,bf16
dynamic,AI_CORE,"1,2048;7168,2048",DT_BF16;DT_BF16,ND;ND,"1,7168",DT_BF16,ND,99.61,bf16
dynamic,AI_CORE,"1,4096;7168,4096",DT_BF16;DT_BF16,ND;ND,"1,7168",DT_BF16,ND,95.74,bf16
dynamic,AI_CORE,"1,7168;7168,7168",DT_BF16;DT_BF16,ND;ND,"1,7168",DT_BF16,ND,96.61,bf16
dynamic,AI_CORE,"1,8192;7168,8192",DT_BF16;DT_BF16,ND;ND,"1,7168",DT_BF16,ND,95.05,bf16
dynamic,AI_CORE,"1,12288;7168,12288",DT_BF16;DT_BF16,ND;ND,"1,7168",DT_BF16,ND,155.70,bf16
dynamic,AI_CORE,"1,16384;7168,16384",DT_BF16;DT_BF16,ND;ND,"1,7168",DT_BF16,ND,198.95,bf16
dynamic,AI_CORE,"1,256;8192,256",DT_BF16;DT_BF16,ND;ND,"1,8192",DT_BF16,ND,101.26,bf16
dynamic,AI_CORE,"1,512;8192,512",DT_BF16;DT_BF16,ND;ND,"1,8192",DT_BF16,ND,101.84,bf16
dynamic,AI_CORE,"1,1024;8192,1024",DT_BF16;DT_BF16,ND;ND,"1,8192",DT_BF16,ND,101.50,bf16
dynamic,AI_CORE,"1,2048;8192,2048",DT_BF16;DT_BF16,ND;ND,"1,8192",DT_BF16,ND,100.49,bf16
dynamic,AI_CORE,"1,4096;8192,4096",DT_BF16;DT_BF16,ND;ND,"1,8192",DT_BF16,ND,100.42,bf16
dynamic,AI_CORE,"1,7168;8192,7168",DT_BF16;DT_BF16,ND;ND,"1,8192",DT_BF16,ND,98.16,bf16
dynamic,AI_CORE,"1,8192;8192,8192",DT_BF16;DT_BF16,ND;ND,"1,8192",DT_BF16,ND,100.21,bf16
dynamic,AI_CORE,"1,12288;8192,12288",DT_BF16;DT_BF16,ND;ND,"1,8192",DT_BF16,ND,165.43,bf16
dynamic,AI_CORE,"1,16384;8192,16384",DT_BF16;DT_BF16,ND;ND,"1,8192",DT_BF16,ND,201.87,bf16
dynamic,AI_CORE,"1,256;12288,256",DT_BF16;DT_BF16,ND;ND,"1,12288",DT_BF16,ND,102.78,bf16
dynamic,AI_CORE,"1,512;12288,512",DT_BF16;DT_BF16,ND;ND,"1,12288",DT_BF16,ND,103.25,bf16
dynamic,AI_CORE,"1,1024;12288,1024",DT_BF16;DT_BF16,ND;ND,"1,12288",DT_BF16,ND,104.14,bf16
dynamic,AI_CORE,"1,2048;12288,2048",DT_BF16;DT_BF16,ND;ND,"1,12288",DT_BF16,ND,102.67,bf16
dynamic,AI_CORE,"1,4096;12288,4096",DT_BF16;DT_BF16,ND;ND,"1,12288",DT_BF16,ND,101.97,bf16
dynamic,AI_CORE,"1,7168;12288,7168",DT_BF16;DT_BF16,ND;ND,"1,12288",DT_BF16,ND,140.45,bf16
dynamic,AI_CORE,"1,8192;12288,8192",DT_BF16;DT_BF16,ND;ND,"1,12288",DT_BF16,ND,142.19,bf16
dynamic,AI_CORE,"1,12288;12288,12288",DT_BF16;DT_BF16,ND;ND,"1,12288",DT_BF16,ND,237.61,bf16
dynamic,AI_CORE,"1,16384;12288,16384",DT_BF16;DT_BF16,ND;ND,"1,12288",DT_BF16,ND,282.77,bf16
dynamic,AI_CORE,"1,256;16384,256",DT_BF16;DT_BF16,ND;ND,"1,16384",DT_BF16,ND,105.71,bf16
dynamic,AI_CORE,"1,512;16384,512",DT_BF16;DT_BF16,ND;ND,"1,16384",DT_BF16,ND,99.32,bf16
dynamic,AI_CORE,"1,1024;16384,1024",DT_BF16;DT_BF16,ND;ND,"1,16384",DT_BF16,ND,99.40,bf16
dynamic,AI_CORE,"1,2048;16384,2048",DT_BF16;DT_BF16,ND;ND,"1,16384",DT_BF16,ND,99.12,bf16
dynamic,AI_CORE,"1,4096;16384,4096",DT_BF16;DT_BF16,ND;ND,"1,16384",DT_BF16,ND,105.86,bf16
dynamic,AI_CORE,"1,7168;16384,7168",DT_BF16;DT_BF16,ND;ND,"1,16384",DT_BF16,ND,199.06,bf16
dynamic,AI_CORE,"1,8192;16384,8192",DT_BF16;DT_BF16,ND;ND,"1,16384",DT_BF16,ND,193.06,bf16
dynamic,AI_CORE,"1,12288;16384,12288",DT_BF16;DT_BF16,ND;ND,"1,16384",DT_BF16,ND,325.90,bf16
dynamic,AI_CORE,"1,16384;16384,16384",DT_BF16;DT_BF16,ND;ND,"1,16384",DT_BF16,ND,396.99,bf16
dynamic,AI_CORE,"2,256;256,256",DT_BF16;DT_BF16,ND;ND,"2,256",DT_BF16,ND,105.23,bf16
dynamic,AI_CORE,"2,512;256,512",DT_BF16;DT_BF16,ND;ND,"2,256",DT_BF16,ND,105.85,bf16
dynamic,AI_CORE,"2,1024;256,1024",DT_BF16;DT_BF16,ND;ND,"2,256",DT_BF16,ND,105.88,bf16
dynamic,AI_CORE,"2,2048;256,2048",DT_BF16;DT_BF16,ND;ND,"2,256",DT_BF16,ND,105.80,bf16
dynamic,AI_CORE,"2,4096;256,4096",DT_BF16;DT_BF16,ND;ND,"2,256",DT_BF16,ND,105.02,bf16
dynamic,AI_CORE,"2,7168;256,7168",DT_BF16;DT_BF16,ND;ND,"2,256",DT_BF16,ND,103.95,bf16
dynamic,AI_CORE,"2,8192;256,8192",DT_BF16;DT_BF16,ND;ND,"2,256",DT_BF16,ND,103.71,bf16
dynamic,AI_CORE,"2,12288;256,12288",DT_BF16;DT_BF16,ND;ND,"2,256",DT_BF16,ND,104.21,bf16
dynamic,AI_CORE,"2,16384;256,16384",DT_BF16;DT_BF16,ND;ND,"2,256",DT_BF16,ND,99.32,bf16
dynamic,AI_CORE,"2,256;512,256",DT_BF16;DT_BF16,ND;ND,"2,512",DT_BF16,ND,99.67,bf16
dynamic,AI_CORE,"2,512;512,512",DT_BF16;DT_BF16,ND;ND,"2,512",DT_BF16,ND,101.24,bf16
dynamic,AI_CORE,"2,1024;512,1024",DT_BF16;DT_BF16,ND;ND,"2,512",DT_BF16,ND,100.28,bf16
dynamic,AI_CORE,"2,2048;512,2048",DT_BF16;DT_BF16,ND;ND,"2,512",DT_BF16,ND,99.48,bf16
dynamic,AI_CORE,"2,4096;512,4096",DT_BF16;DT_BF16,ND;ND,"2,512",DT_BF16,ND,100.87,bf16
dynamic,AI_CORE,"2,7168;512,7168",DT_BF16;DT_BF16,ND;ND,"2,512",DT_BF16,ND,102.40,bf16
dynamic,AI_CORE,"2,8192;512,8192",DT_BF16;DT_BF16,ND;ND,"2,512",DT_BF16,ND,102.49,bf16
dynamic,AI_CORE,"2,12288;512,12288",DT_BF16;DT_BF16,ND;ND,"2,512",DT_BF16,ND,99.31,bf16
dynamic,AI_CORE,"2,16384;512,16384",DT_BF16;DT_BF16,ND;ND,"2,512",DT_BF16,ND,101.01,bf16
dynamic,AI_CORE,"2,256;1024,256",DT_BF16;DT_BF16,ND;ND,"2,1024",DT_BF16,ND,104.16,bf16
dynamic,AI_CORE,"2,512;1024,512",DT_BF16;DT_BF16,ND;ND,"2,1024",DT_BF16,ND,104.18,bf16
dynamic,AI_CORE,"2,1024;1024,1024",DT_BF16;DT_BF16,ND;ND,"2,1024",DT_BF16,ND,106.09,bf16
dynamic,AI_CORE,"2,2048;1024,2048",DT_BF16;DT_BF16,ND;ND,"2,1024",DT_BF16,ND,105.61,bf16
dynamic,AI_CORE,"2,4096;1024,4096",DT_BF16;DT_BF16,ND;ND,"2,1024",DT_BF16,ND,102.91,bf16
dynamic,AI_CORE,"2,7168;1024,7168",DT_BF16;DT_BF16,ND;ND,"2,1024",DT_BF16,ND,105.12,bf16
dynamic,AI_CORE,"2,8192;1024,8192",DT_BF16;DT_BF16,ND;ND,"2,1024",DT_BF16,ND,105.13,bf16
dynamic,AI_CORE,"2,12288;1024,12288",DT_BF16;DT_BF16,ND;ND,"2,1024",DT_BF16,ND,104.46,bf16
dynamic,AI_CORE,"2,16384;1024,16384",DT_BF16;DT_BF16,ND;ND,"2,1024",DT_BF16,ND,104.54,bf16
dynamic,AI_CORE,"2,256;2048,256",DT_BF16;DT_BF16,ND;ND,"2,2048",DT_BF16,ND,103.76,bf16
dynamic,AI_CORE,"2,512;2048,512",DT_BF16;DT_BF16,ND;ND,"2,2048",DT_BF16,ND,109.23,bf16
dynamic,AI_CORE,"2,1024;2048,1024",DT_BF16;DT_BF16,ND;ND,"2,2048",DT_BF16,ND,104.13,bf16
dynamic,AI_CORE,"2,2048;2048,2048",DT_BF16;DT_BF16,ND;ND,"2,2048",DT_BF16,ND,105.24,bf16
dynamic,AI_CORE,"2,4096;2048,4096",DT_BF16;DT_BF16,ND;ND,"2,2048",DT_BF16,ND,104.72,bf16
dynamic,AI_CORE,"2,7168;2048,7168",DT_BF16;DT_BF16,ND;ND,"2,2048",DT_BF16,ND,102.27,bf16
dynamic,AI_CORE,"2,8192;2048,8192",DT_BF16;DT_BF16,ND;ND,"2,2048",DT_BF16,ND,102.97,bf16
dynamic,AI_CORE,"2,12288;2048,12288",DT_BF16;DT_BF16,ND;ND,"2,2048",DT_BF16,ND,109.64,bf16
dynamic,AI_CORE,"2,16384;2048,16384",DT_BF16;DT_BF16,ND;ND,"2,2048",DT_BF16,ND,102.57,bf16
dynamic,AI_CORE,"2,256;4096,256",DT_BF16;DT_BF16,ND;ND,"2,4096",DT_BF16,ND,102.89,bf16
dynamic,AI_CORE,"2,512;4096,512",DT_BF16;DT_BF16,ND;ND,"2,4096",DT_BF16,ND,101.86,bf16
dynamic,AI_CORE,"2,1024;4096,1024",DT_BF16;DT_BF16,ND;ND,"2,4096",DT_BF16,ND,102.52,bf16
dynamic,AI_CORE,"2,2048;4096,2048",DT_BF16;DT_BF16,ND;ND,"2,4096",DT_BF16,ND,101.39,bf16
dynamic,AI_CORE,"2,4096;4096,4096",DT_BF16;DT_BF16,ND;ND,"2,4096",DT_BF16,ND,102.08,bf16
dynamic,AI_CORE,"2,7168;4096,7168",DT_BF16;DT_BF16,ND;ND,"2,4096",DT_BF16,ND,102.51,bf16
dynamic,AI_CORE,"2,8192;4096,8192",DT_BF16;DT_BF16,ND;ND,"2,4096",DT_BF16,ND,104.10,bf16
dynamic,AI_CORE,"2,12288;4096,12288",DT_BF16;DT_BF16,ND;ND,"2,4096",DT_BF16,ND,103.27,bf16
dynamic,AI_CORE,"2,16384;4096,16384",DT_BF16;DT_BF16,ND;ND,"2,4096",DT_BF16,ND,114.49,bf16
dynamic,AI_CORE,"2,256;7168,256",DT_BF16;DT_BF16,ND;ND,"2,7168",DT_BF16,ND,100.96,bf16
dynamic,AI_CORE,"2,512;7168,512",DT_BF16;DT_BF16,ND;ND,"2,7168",DT_BF16,ND,93.57,bf16
dynamic,AI_CORE,"2,1024;7168,1024",DT_BF16;DT_BF16,ND;ND,"2,7168",DT_BF16,ND,93.43,bf16
dynamic,AI_CORE,"2,2048;7168,2048",DT_BF16;DT_BF16,ND;ND,"2,7168",DT_BF16,ND,93.41,bf16
dynamic,AI_CORE,"2,4096;7168,4096",DT_BF16;DT_BF16,ND;ND,"2,7168",DT_BF16,ND,92.70,bf16
dynamic,AI_CORE,"2,7168;7168,7168",DT_BF16;DT_BF16,ND;ND,"2,7168",DT_BF16,ND,96.18,bf16
dynamic,AI_CORE,"2,8192;7168,8192",DT_BF16;DT_BF16,ND;ND,"2,7168",DT_BF16,ND,92.59,bf16
dynamic,AI_CORE,"2,12288;7168,12288",DT_BF16;DT_BF16,ND;ND,"2,7168",DT_BF16,ND,154.25,bf16
dynamic,AI_CORE,"2,16384;7168,16384",DT_BF16;DT_BF16,ND;ND,"2,7168",DT_BF16,ND,199.33,bf16
dynamic,AI_CORE,"2,256;8192,256",DT_BF16;DT_BF16,ND;ND,"2,8192",DT_BF16,ND,110.36,bf16
dynamic,AI_CORE,"2,512;8192,512",DT_BF16;DT_BF16,ND;ND,"2,8192",DT_BF16,ND,100.16,bf16
dynamic,AI_CORE,"2,1024;8192,1024",DT_BF16;DT_BF16,ND;ND,"2,8192",DT_BF16,ND,101.08,bf16
dynamic,AI_CORE,"2,2048;8192,2048",DT_BF16;DT_BF16,ND;ND,"2,8192",DT_BF16,ND,101.06,bf16
dynamic,AI_CORE,"2,4096;8192,4096",DT_BF16;DT_BF16,ND;ND,"2,8192",DT_BF16,ND,100.89,bf16
dynamic,AI_CORE,"2,7168;8192,7168",DT_BF16;DT_BF16,ND;ND,"2,8192",DT_BF16,ND,99.34,bf16
dynamic,AI_CORE,"2,8192;8192,8192",DT_BF16;DT_BF16,ND;ND,"2,8192",DT_BF16,ND,102.60,bf16
dynamic,AI_CORE,"2,12288;8192,12288",DT_BF16;DT_BF16,ND;ND,"2,8192",DT_BF16,ND,166.00,bf16
dynamic,AI_CORE,"2,16384;8192,16384",DT_BF16;DT_BF16,ND;ND,"2,8192",DT_BF16,ND,197.70,bf16
dynamic,AI_CORE,"2,256;12288,256",DT_BF16;DT_BF16,ND;ND,"2,12288",DT_BF16,ND,100.25,bf16
dynamic,AI_CORE,"2,512;12288,512",DT_BF16;DT_BF16,ND;ND,"2,12288",DT_BF16,ND,104.42,bf16
dynamic,AI_CORE,"2,1024;12288,1024",DT_BF16;DT_BF16,ND;ND,"2,12288",DT_BF16,ND,104.36,bf16
dynamic,AI_CORE,"2,2048;12288,2048",DT_BF16;DT_BF16,ND;ND,"2,12288",DT_BF16,ND,103.30,bf16
dynamic,AI_CORE,"2,4096;12288,4096",DT_BF16;DT_BF16,ND;ND,"2,12288",DT_BF16,ND,101.60,bf16
dynamic,AI_CORE,"2,7168;12288,7168",DT_BF16;DT_BF16,ND;ND,"2,12288",DT_BF16,ND,149.07,bf16
dynamic,AI_CORE,"2,8192;12288,8192",DT_BF16;DT_BF16,ND;ND,"2,12288",DT_BF16,ND,143.68,bf16
dynamic,AI_CORE,"2,12288;12288,12288",DT_BF16;DT_BF16,ND;ND,"2,12288",DT_BF16,ND,238.21,bf16
dynamic,AI_CORE,"2,16384;12288,16384",DT_BF16;DT_BF16,ND;ND,"2,12288",DT_BF16,ND,279.38,bf16
dynamic,AI_CORE,"2,256;16384,256",DT_BF16;DT_BF16,ND;ND,"2,16384",DT_BF16,ND,98.56,bf16
dynamic,AI_CORE,"2,512;16384,512",DT_BF16;DT_BF16,ND;ND,"2,16384",DT_BF16,ND,103.01,bf16
dynamic,AI_CORE,"2,1024;16384,1024",DT_BF16;DT_BF16,ND;ND,"2,16384",DT_BF16,ND,101.51,bf16
dynamic,AI_CORE,"2,2048;16384,2048",DT_BF16;DT_BF16,ND;ND,"2,16384",DT_BF16,ND,100.55,bf16
dynamic,AI_CORE,"2,4096;16384,4096",DT_BF16;DT_BF16,ND;ND,"2,16384",DT_BF16,ND,99.98,bf16
dynamic,AI_CORE,"2,7168;16384,7168",DT_BF16;DT_BF16,ND;ND,"2,16384",DT_BF16,ND,195.60,bf16
dynamic,AI_CORE,"2,8192;16384,8192",DT_BF16;DT_BF16,ND;ND,"2,16384",DT_BF16,ND,193.47,bf16
dynamic,AI_CORE,"2,12288;16384,12288",DT_BF16;DT_BF16,ND;ND,"2,16384",DT_BF16,ND,324.02,bf16
dynamic,AI_CORE,"2,16384;16384,16384",DT_BF16;DT_BF16,ND;ND,"2,16384",DT_BF16,ND,392.37,bf16
dynamic,AI_CORE,"4,256;256,256",DT_BF16;DT_BF16,ND;ND,"4,256",DT_BF16,ND,104.43,bf16
dynamic,AI_CORE,"4,512;256,512",DT_BF16;DT_BF16,ND;ND,"4,256",DT_BF16,ND,105.89,bf16
dynamic,AI_CORE,"4,1024;256,1024",DT_BF16;DT_BF16,ND;ND,"4,256",DT_BF16,ND,111.63,bf16
dynamic,AI_CORE,"4,2048;256,2048",DT_BF16;DT_BF16,ND;ND,"4,256",DT_BF16,ND,101.97,bf16
dynamic,AI_CORE,"4,4096;256,4096",DT_BF16;DT_BF16,ND;ND,"4,256",DT_BF16,ND,99.42,bf16
dynamic,AI_CORE,"4,7168;256,7168",DT_BF16;DT_BF16,ND;ND,"4,256",DT_BF16,ND,99.81,bf16
dynamic,AI_CORE,"4,8192;256,8192",DT_BF16;DT_BF16,ND;ND,"4,256",DT_BF16,ND,100.34,bf16
dynamic,AI_CORE,"4,12288;256,12288",DT_BF16;DT_BF16,ND;ND,"4,256",DT_BF16,ND,98.67,bf16
dynamic,AI_CORE,"4,16384;256,16384",DT_BF16;DT_BF16,ND;ND,"4,256",DT_BF16,ND,101.60,bf16
dynamic,AI_CORE,"4,256;512,256",DT_BF16;DT_BF16,ND;ND,"4,512",DT_BF16,ND,100.24,bf16
dynamic,AI_CORE,"4,512;512,512",DT_BF16;DT_BF16,ND;ND,"4,512",DT_BF16,ND,101.74,bf16
dynamic,AI_CORE,"4,1024;512,1024",DT_BF16;DT_BF16,ND;ND,"4,512",DT_BF16,ND,100.90,bf16
dynamic,AI_CORE,"4,2048;512,2048",DT_BF16;DT_BF16,ND;ND,"4,512",DT_BF16,ND,101.44,bf16
dynamic,AI_CORE,"4,4096;512,4096",DT_BF16;DT_BF16,ND;ND,"4,512",DT_BF16,ND,100.20,bf16
dynamic,AI_CORE,"4,7168;512,7168",DT_BF16;DT_BF16,ND;ND,"4,512",DT_BF16,ND,100.03,bf16
dynamic,AI_CORE,"4,8192;512,8192",DT_BF16;DT_BF16,ND;ND,"4,512",DT_BF16,ND,101.66,bf16
dynamic,AI_CORE,"4,12288;512,12288",DT_BF16;DT_BF16,ND;ND,"4,512",DT_BF16,ND,101.15,bf16
dynamic,AI_CORE,"4,16384;512,16384",DT_BF16;DT_BF16,ND;ND,"4,512",DT_BF16,ND,101.14,bf16
dynamic,AI_CORE,"4,256;1024,256",DT_BF16;DT_BF16,ND;ND,"4,1024",DT_BF16,ND,101.12,bf16
dynamic,AI_CORE,"4,512;1024,512",DT_BF16;DT_BF16,ND;ND,"4,1024",DT_BF16,ND,103.94,bf16
dynamic,AI_CORE,"4,1024;1024,1024",DT_BF16;DT_BF16,ND;ND,"4,1024",DT_BF16,ND,102.26,bf16
dynamic,AI_CORE,"4,2048;1024,2048",DT_BF16;DT_BF16,ND;ND,"4,1024",DT_BF16,ND,102.21,bf16
dynamic,AI_CORE,"4,4096;1024,4096",DT_BF16;DT_BF16,ND;ND,"4,1024",DT_BF16,ND,103.51,bf16
dynamic,AI_CORE,"4,7168;1024,7168",DT_BF16;DT_BF16,ND;ND,"4,1024",DT_BF16,ND,101.58,bf16
dynamic,AI_CORE,"4,8192;1024,8192",DT_BF16;DT_BF16,ND;ND,"4,1024",DT_BF16,ND,101.66,bf16
dynamic,AI_CORE,"4,12288;1024,12288",DT_BF16;DT_BF16,ND;ND,"4,1024",DT_BF16,ND,101.86,bf16
dynamic,AI_CORE,"4,16384;1024,16384",DT_BF16;DT_BF16,ND;ND,"4,1024",DT_BF16,ND,101.37,bf16
dynamic,AI_CORE,"4,256;2048,256",DT_BF16;DT_BF16,ND;ND,"4,2048",DT_BF16,ND,100.85,bf16
dynamic,AI_CORE,"4,512;2048,512",DT_BF16;DT_BF16,ND;ND,"4,2048",DT_BF16,ND,100.93,bf16
dynamic,AI_CORE,"4,1024;2048,1024",DT_BF16;DT_BF16,ND;ND,"4,2048",DT_BF16,ND,101.05,bf16
dynamic,AI_CORE,"4,2048;2048,2048",DT_BF16;DT_BF16,ND;ND,"4,2048",DT_BF16,ND,102.58,bf16
dynamic,AI_CORE,"4,4096;2048,4096",DT_BF16;DT_BF16,ND;ND,"4,2048",DT_BF16,ND,102.93,bf16
dynamic,AI_CORE,"4,7168;2048,7168",DT_BF16;DT_BF16,ND;ND,"4,2048",DT_BF16,ND,101.46,bf16
dynamic,AI_CORE,"4,8192;2048,8192",DT_BF16;DT_BF16,ND;ND,"4,2048",DT_BF16,ND,100.97,bf16
dynamic,AI_CORE,"4,12288;2048,12288",DT_BF16;DT_BF16,ND;ND,"4,2048",DT_BF16,ND,100.70,bf16
dynamic,AI_CORE,"4,16384;2048,16384",DT_BF16;DT_BF16,ND;ND,"4,2048",DT_BF16,ND,102.01,bf16
dynamic,AI_CORE,"4,256;4096,256",DT_BF16;DT_BF16,ND;ND,"4,4096",DT_BF16,ND,102.59,bf16
dynamic,AI_CORE,"4,512;4096,512",DT_BF16;DT_BF16,ND;ND,"4,4096",DT_BF16,ND,101.27,bf16
dynamic,AI_CORE,"4,1024;4096,1024",DT_BF16;DT_BF16,ND;ND,"4,4096",DT_BF16,ND,96.77,bf16
dynamic,AI_CORE,"4,2048;4096,2048",DT_BF16;DT_BF16,ND;ND,"4,4096",DT_BF16,ND,100.99,bf16
dynamic,AI_CORE,"4,4096;4096,4096",DT_BF16;DT_BF16,ND;ND,"4,4096",DT_BF16,ND,99.38,bf16
dynamic,AI_CORE,"4,7168;4096,7168",DT_BF16;DT_BF16,ND;ND,"4,4096",DT_BF16,ND,99.35,bf16
dynamic,AI_CORE,"4,8192;4096,8192",DT_BF16;DT_BF16,ND;ND,"4,4096",DT_BF16,ND,99.60,bf16
dynamic,AI_CORE,"4,12288;4096,12288",DT_BF16;DT_BF16,ND;ND,"4,4096",DT_BF16,ND,98.39,bf16
dynamic,AI_CORE,"4,16384;4096,16384",DT_BF16;DT_BF16,ND;ND,"4,4096",DT_BF16,ND,115.21,bf16
dynamic,AI_CORE,"4,256;7168,256",DT_BF16;DT_BF16,ND;ND,"4,7168",DT_BF16,ND,98.06,bf16
dynamic,AI_CORE,"4,512;7168,512",DT_BF16;DT_BF16,ND;ND,"4,7168",DT_BF16,ND,100.63,bf16
dynamic,AI_CORE,"4,1024;7168,1024",DT_BF16;DT_BF16,ND;ND,"4,7168",DT_BF16,ND,103.99,bf16
dynamic,AI_CORE,"4,2048;7168,2048",DT_BF16;DT_BF16,ND;ND,"4,7168",DT_BF16,ND,102.68,bf16
dynamic,AI_CORE,"4,4096;7168,4096",DT_BF16;DT_BF16,ND;ND,"4,7168",DT_BF16,ND,101.44,bf16
dynamic,AI_CORE,"4,7168;7168,7168",DT_BF16;DT_BF16,ND;ND,"4,7168",DT_BF16,ND,98.88,bf16
dynamic,AI_CORE,"4,8192;7168,8192",DT_BF16;DT_BF16,ND;ND,"4,7168",DT_BF16,ND,100.56,bf16
dynamic,AI_CORE,"4,12288;7168,12288",DT_BF16;DT_BF16,ND;ND,"4,7168",DT_BF16,ND,158.91,bf16
dynamic,AI_CORE,"4,16384;7168,16384",DT_BF16;DT_BF16,ND;ND,"4,7168",DT_BF16,ND,199.42,bf16
dynamic,AI_CORE,"4,256;8192,256",DT_BF16;DT_BF16,ND;ND,"4,8192",DT_BF16,ND,100.04,bf16
dynamic,AI_CORE,"4,512;8192,512",DT_BF16;DT_BF16,ND;ND,"4,8192",DT_BF16,ND,101.61,bf16
dynamic,AI_CORE,"4,1024;8192,1024",DT_BF16;DT_BF16,ND;ND,"4,8192",DT_BF16,ND,103.00,bf16
dynamic,AI_CORE,"4,2048;8192,2048",DT_BF16;DT_BF16,ND;ND,"4,8192",DT_BF16,ND,101.10,bf16
dynamic,AI_CORE,"4,4096;8192,4096",DT_BF16;DT_BF16,ND;ND,"4,8192",DT_BF16,ND,104.90,bf16
dynamic,AI_CORE,"4,7168;8192,7168",DT_BF16;DT_BF16,ND;ND,"4,8192",DT_BF16,ND,101.16,bf16
dynamic,AI_CORE,"4,8192;8192,8192",DT_BF16;DT_BF16,ND;ND,"4,8192",DT_BF16,ND,102.52,bf16
dynamic,AI_CORE,"4,12288;8192,12288",DT_BF16;DT_BF16,ND;ND,"4,8192",DT_BF16,ND,165.39,bf16
dynamic,AI_CORE,"4,16384;8192,16384",DT_BF16;DT_BF16,ND;ND,"4,8192",DT_BF16,ND,201.02,bf16
dynamic,AI_CORE,"4,256;12288,256",DT_BF16;DT_BF16,ND;ND,"4,12288",DT_BF16,ND,105.22,bf16
dynamic,AI_CORE,"4,512;12288,512",DT_BF16;DT_BF16,ND;ND,"4,12288",DT_BF16,ND,101.63,bf16
dynamic,AI_CORE,"4,1024;12288,1024",DT_BF16;DT_BF16,ND;ND,"4,12288",DT_BF16,ND,101.54,bf16
dynamic,AI_CORE,"4,2048;12288,2048",DT_BF16;DT_BF16,ND;ND,"4,12288",DT_BF16,ND,102.34,bf16
dynamic,AI_CORE,"4,4096;12288,4096",DT_BF16;DT_BF16,ND;ND,"4,12288",DT_BF16,ND,102.30,bf16
dynamic,AI_CORE,"4,7168;12288,7168",DT_BF16;DT_BF16,ND;ND,"4,12288",DT_BF16,ND,145.31,bf16
dynamic,AI_CORE,"4,8192;12288,8192",DT_BF16;DT_BF16,ND;ND,"4,12288",DT_BF16,ND,143.20,bf16
dynamic,AI_CORE,"4,12288;12288,12288",DT_BF16;DT_BF16,ND;ND,"4,12288",DT_BF16,ND,235.55,bf16
dynamic,AI_CORE,"4,16384;12288,16384",DT_BF16;DT_BF16,ND;ND,"4,12288",DT_BF16,ND,284.99,bf16
dynamic,AI_CORE,"4,256;16384,256",DT_BF16;DT_BF16,ND;ND,"4,16384",DT_BF16,ND,101.39,bf16
dynamic,AI_CORE,"4,512;16384,512",DT_BF16;DT_BF16,ND;ND,"4,16384",DT_BF16,ND,101.59,bf16
dynamic,AI_CORE,"4,1024;16384,1024",DT_BF16;DT_BF16,ND;ND,"4,16384",DT_BF16,ND,101.77,bf16
dynamic,AI_CORE,"4,2048;16384,2048",DT_BF16;DT_BF16,ND;ND,"4,16384",DT_BF16,ND,102.14,bf16
dynamic,AI_CORE,"4,4096;16384,4096",DT_BF16;DT_BF16,ND;ND,"4,16384",DT_BF16,ND,106.50,bf16
dynamic,AI_CORE,"4,7168;16384,7168",DT_BF16;DT_BF16,ND;ND,"4,16384",DT_BF16,ND,196.43,bf16
dynamic,AI_CORE,"4,8192;16384,8192",DT_BF16;DT_BF16,ND;ND,"4,16384",DT_BF16,ND,194.99,bf16
dynamic,AI_CORE,"4,12288;16384,12288",DT_BF16;DT_BF16,ND;ND,"4,16384",DT_BF16,ND,326.43,bf16
dynamic,AI_CORE,"4,16384;16384,16384",DT_BF16;DT_BF16,ND;ND,"4,16384",DT_BF16,ND,396.07,bf16
dynamic,AI_CORE,"8,256;256,256",DT_BF16;DT_BF16,ND;ND,"8,256",DT_BF16,ND,100.48,bf16
dynamic,AI_CORE,"8,512;256,512",DT_BF16;DT_BF16,ND;ND,"8,256",DT_BF16,ND,100.72,bf16
dynamic,AI_CORE,"8,1024;256,1024",DT_BF16;DT_BF16,ND;ND,"8,256",DT_BF16,ND,101.28,bf16
dynamic,AI_CORE,"8,2048;256,2048",DT_BF16;DT_BF16,ND;ND,"8,256",DT_BF16,ND,103.84,bf16
dynamic,AI_CORE,"8,4096;256,4096",DT_BF16;DT_BF16,ND;ND,"8,256",DT_BF16,ND,104.81,bf16
dynamic,AI_CORE,"8,7168;256,7168",DT_BF16;DT_BF16,ND;ND,"8,256",DT_BF16,ND,104.58,bf16
dynamic,AI_CORE,"8,8192;256,8192",DT_BF16;DT_BF16,ND;ND,"8,256",DT_BF16,ND,104.12,bf16
dynamic,AI_CORE,"8,12288;256,12288",DT_BF16;DT_BF16,ND;ND,"8,256",DT_BF16,ND,104.85,bf16
dynamic,AI_CORE,"8,16384;256,16384",DT_BF16;DT_BF16,ND;ND,"8,256",DT_BF16,ND,105.12,bf16
dynamic,AI_CORE,"8,256;512,256",DT_BF16;DT_BF16,ND;ND,"8,512",DT_BF16,ND,99.89,bf16
dynamic,AI_CORE,"8,512;512,512",DT_BF16;DT_BF16,ND;ND,"8,512",DT_BF16,ND,102.69,bf16
dynamic,AI_CORE,"8,1024;512,1024",DT_BF16;DT_BF16,ND;ND,"8,512",DT_BF16,ND,104.51,bf16
dynamic,AI_CORE,"8,2048;512,2048",DT_BF16;DT_BF16,ND;ND,"8,512",DT_BF16,ND,105.31,bf16
dynamic,AI_CORE,"8,4096;512,4096",DT_BF16;DT_BF16,ND;ND,"8,512",DT_BF16,ND,104.06,bf16
dynamic,AI_CORE,"8,7168;512,7168",DT_BF16;DT_BF16,ND;ND,"8,512",DT_BF16,ND,103.32,bf16
dynamic,AI_CORE,"8,8192;512,8192",DT_BF16;DT_BF16,ND;ND,"8,512",DT_BF16,ND,103.00,bf16
dynamic,AI_CORE,"8,12288;512,12288",DT_BF16;DT_BF16,ND;ND,"8,512",DT_BF16,ND,102.88,bf16
dynamic,AI_CORE,"8,16384;512,16384",DT_BF16;DT_BF16,ND;ND,"8,512",DT_BF16,ND,103.72,bf16
dynamic,AI_CORE,"8,256;1024,256",DT_BF16;DT_BF16,ND;ND,"8,1024",DT_BF16,ND,101.17,bf16
dynamic,AI_CORE,"8,512;1024,512",DT_BF16;DT_BF16,ND;ND,"8,1024",DT_BF16,ND,100.43,bf16
dynamic,AI_CORE,"8,1024;1024,1024",DT_BF16;DT_BF16,ND;ND,"8,1024",DT_BF16,ND,101.13,bf16
dynamic,AI_CORE,"8,2048;1024,2048",DT_BF16;DT_BF16,ND;ND,"8,1024",DT_BF16,ND,100.89,bf16
dynamic,AI_CORE,"8,4096;1024,4096",DT_BF16;DT_BF16,ND;ND,"8,1024",DT_BF16,ND,101.49,bf16
dynamic,AI_CORE,"8,7168;1024,7168",DT_BF16;DT_BF16,ND;ND,"8,1024",DT_BF16,ND,103.43,bf16
dynamic,AI_CORE,"8,8192;1024,8192",DT_BF16;DT_BF16,ND;ND,"8,1024",DT_BF16,ND,103.49,bf16
dynamic,AI_CORE,"8,12288;1024,12288",DT_BF16;DT_BF16,ND;ND,"8,1024",DT_BF16,ND,102.21,bf16
dynamic,AI_CORE,"8,16384;1024,16384",DT_BF16;DT_BF16,ND;ND,"8,1024",DT_BF16,ND,93.18,bf16
dynamic,AI_CORE,"8,256;2048,256",DT_BF16;DT_BF16,ND;ND,"8,2048",DT_BF16,ND,92.57,bf16
dynamic,AI_CORE,"8,512;2048,512",DT_BF16;DT_BF16,ND;ND,"8,2048",DT_BF16,ND,92.69,bf16
dynamic,AI_CORE,"8,1024;2048,1024",DT_BF16;DT_BF16,ND;ND,"8,2048",DT_BF16,ND,92.92,bf16
dynamic,AI_CORE,"8,2048;2048,2048",DT_BF16;DT_BF16,ND;ND,"8,2048",DT_BF16,ND,92.75,bf16
dynamic,AI_CORE,"8,4096;2048,4096",DT_BF16;DT_BF16,ND;ND,"8,2048",DT_BF16,ND,93.45,bf16
dynamic,AI_CORE,"8,7168;2048,7168",DT_BF16;DT_BF16,ND;ND,"8,2048",DT_BF16,ND,93.26,bf16
dynamic,AI_CORE,"8,8192;2048,8192",DT_BF16;DT_BF16,ND;ND,"8,2048",DT_BF16,ND,94.53,bf16
dynamic,AI_CORE,"8,12288;2048,12288",DT_BF16;DT_BF16,ND;ND,"8,2048",DT_BF16,ND,94.85,bf16
dynamic,AI_CORE,"8,16384;2048,16384",DT_BF16;DT_BF16,ND;ND,"8,2048",DT_BF16,ND,93.91,bf16
dynamic,AI_CORE,"8,256;4096,256",DT_BF16;DT_BF16,ND;ND,"8,4096",DT_BF16,ND,94.47,bf16
dynamic,AI_CORE,"8,512;4096,512",DT_BF16;DT_BF16,ND;ND,"8,4096",DT_BF16,ND,95.14,bf16
dynamic,AI_CORE,"8,1024;4096,1024",DT_BF16;DT_BF16,ND;ND,"8,4096",DT_BF16,ND,94.93,bf16
dynamic,AI_CORE,"8,2048;4096,2048",DT_BF16;DT_BF16,ND;ND,"8,4096",DT_BF16,ND,93.76,bf16
dynamic,AI_CORE,"8,4096;4096,4096",DT_BF16;DT_BF16,ND;ND,"8,4096",DT_BF16,ND,93.47,bf16
dynamic,AI_CORE,"8,7168;4096,7168",DT_BF16;DT_BF16,ND;ND,"8,4096",DT_BF16,ND,92.50,bf16
dynamic,AI_CORE,"8,8192;4096,8192",DT_BF16;DT_BF16,ND;ND,"8,4096",DT_BF16,ND,101.48,bf16
dynamic,AI_CORE,"8,12288;4096,12288",DT_BF16;DT_BF16,ND;ND,"8,4096",DT_BF16,ND,103.22,bf16
dynamic,AI_CORE,"8,16384;4096,16384",DT_BF16;DT_BF16,ND;ND,"8,4096",DT_BF16,ND,115.32,bf16
dynamic,AI_CORE,"8,256;7168,256",DT_BF16;DT_BF16,ND;ND,"8,7168",DT_BF16,ND,92.83,bf16
dynamic,AI_CORE,"8,512;7168,512",DT_BF16;DT_BF16,ND;ND,"8,7168",DT_BF16,ND,98.94,bf16
dynamic,AI_CORE,"8,1024;7168,1024",DT_BF16;DT_BF16,ND;ND,"8,7168",DT_BF16,ND,98.38,bf16
dynamic,AI_CORE,"8,2048;7168,2048",DT_BF16;DT_BF16,ND;ND,"8,7168",DT_BF16,ND,104.78,bf16
dynamic,AI_CORE,"8,4096;7168,4096",DT_BF16;DT_BF16,ND;ND,"8,7168",DT_BF16,ND,93.56,bf16
dynamic,AI_CORE,"8,7168;7168,7168",DT_BF16;DT_BF16,ND;ND,"8,7168",DT_BF16,ND,103.39,bf16
dynamic,AI_CORE,"8,8192;7168,8192",DT_BF16;DT_BF16,ND;ND,"8,7168",DT_BF16,ND,92.37,bf16
dynamic,AI_CORE,"8,12288;7168,12288",DT_BF16;DT_BF16,ND;ND,"8,7168",DT_BF16,ND,157.37,bf16
dynamic,AI_CORE,"8,16384;7168,16384",DT_BF16;DT_BF16,ND;ND,"8,7168",DT_BF16,ND,198.18,bf16
dynamic,AI_CORE,"8,256;8192,256",DT_BF16;DT_BF16,ND;ND,"8,8192",DT_BF16,ND,99.55,bf16
dynamic,AI_CORE,"8,512;8192,512",DT_BF16;DT_BF16,ND;ND,"8,8192",DT_BF16,ND,101.89,bf16
dynamic,AI_CORE,"8,1024;8192,1024",DT_BF16;DT_BF16,ND;ND,"8,8192",DT_BF16,ND,101.95,bf16
dynamic,AI_CORE,"8,2048;8192,2048",DT_BF16;DT_BF16,ND;ND,"8,8192",DT_BF16,ND,100.64,bf16
dynamic,AI_CORE,"8,4096;8192,4096",DT_BF16;DT_BF16,ND;ND,"8,8192",DT_BF16,ND,100.60,bf16
dynamic,AI_CORE,"8,7168;8192,7168",DT_BF16;DT_BF16,ND;ND,"8,8192",DT_BF16,ND,102.49,bf16
dynamic,AI_CORE,"8,8192;8192,8192",DT_BF16;DT_BF16,ND;ND,"8,8192",DT_BF16,ND,100.95,bf16
dynamic,AI_CORE,"8,12288;8192,12288",DT_BF16;DT_BF16,ND;ND,"8,8192",DT_BF16,ND,165.47,bf16
dynamic,AI_CORE,"8,16384;8192,16384",DT_BF16;DT_BF16,ND;ND,"8,8192",DT_BF16,ND,198.91,bf16
dynamic,AI_CORE,"8,256;12288,256",DT_BF16;DT_BF16,ND;ND,"8,12288",DT_BF16,ND,103.80,bf16
dynamic,AI_CORE,"8,512;12288,512",DT_BF16;DT_BF16,ND;ND,"8,12288",DT_BF16,ND,102.05,bf16
dynamic,AI_CORE,"8,1024;12288,1024",DT_BF16;DT_BF16,ND;ND,"8,12288",DT_BF16,ND,101.78,bf16
dynamic,AI_CORE,"8,2048;12288,2048",DT_BF16;DT_BF16,ND;ND,"8,12288",DT_BF16,ND,102.71,bf16
dynamic,AI_CORE,"8,4096;12288,4096",DT_BF16;DT_BF16,ND;ND,"8,12288",DT_BF16,ND,100.79,bf16
dynamic,AI_CORE,"8,7168;12288,7168",DT_BF16;DT_BF16,ND;ND,"8,12288",DT_BF16,ND,147.75,bf16
dynamic,AI_CORE,"8,8192;12288,8192",DT_BF16;DT_BF16,ND;ND,"8,12288",DT_BF16,ND,144.84,bf16
dynamic,AI_CORE,"8,12288;12288,12288",DT_BF16;DT_BF16,ND;ND,"8,12288",DT_BF16,ND,236.11,bf16
dynamic,AI_CORE,"8,16384;12288,16384",DT_BF16;DT_BF16,ND;ND,"8,12288",DT_BF16,ND,286.56,bf16
dynamic,AI_CORE,"8,256;16384,256",DT_BF16;DT_BF16,ND;ND,"8,16384",DT_BF16,ND,100.94,bf16
dynamic,AI_CORE,"8,512;16384,512",DT_BF16;DT_BF16,ND;ND,"8,16384",DT_BF16,ND,102.18,bf16
dynamic,AI_CORE,"8,1024;16384,1024",DT_BF16;DT_BF16,ND;ND,"8,16384",DT_BF16,ND,101.87,bf16
dynamic,AI_CORE,"8,2048;16384,2048",DT_BF16;DT_BF16,ND;ND,"8,16384",DT_BF16,ND,102.40,bf16
dynamic,AI_CORE,"8,4096;16384,4096",DT_BF16;DT_BF16,ND;ND,"8,16384",DT_BF16,ND,101.47,bf16
dynamic,AI_CORE,"8,7168;16384,7168",DT_BF16;DT_BF16,ND;ND,"8,16384",DT_BF16,ND,197.52,bf16
dynamic,AI_CORE,"8,8192;16384,8192",DT_BF16;DT_BF16,ND;ND,"8,16384",DT_BF16,ND,195.12,bf16
dynamic,AI_CORE,"8,12288;16384,12288",DT_BF16;DT_BF16,ND;ND,"8,16384",DT_BF16,ND,324.57,bf16
dynamic,AI_CORE,"8,16384;16384,16384",DT_BF16;DT_BF16,ND;ND,"8,16384",DT_BF16,ND,395.15,bf16
dynamic,AI_CORE,"16,256;256,256",DT_BF16;DT_BF16,ND;ND,"16,256",DT_BF16,ND,98.79,bf16
dynamic,AI_CORE,"16,512;256,512",DT_BF16;DT_BF16,ND;ND,"16,256",DT_BF16,ND,106.35,bf16
dynamic,AI_CORE,"16,1024;256,1024",DT_BF16;DT_BF16,ND;ND,"16,256",DT_BF16,ND,107.24,bf16
dynamic,AI_CORE,"16,2048;256,2048",DT_BF16;DT_BF16,ND;ND,"16,256",DT_BF16,ND,105.37,bf16
dynamic,AI_CORE,"16,4096;256,4096",DT_BF16;DT_BF16,ND;ND,"16,256",DT_BF16,ND,104.69,bf16
dynamic,AI_CORE,"16,7168;256,7168",DT_BF16;DT_BF16,ND;ND,"16,256",DT_BF16,ND,101.95,bf16
dynamic,AI_CORE,"16,8192;256,8192",DT_BF16;DT_BF16,ND;ND,"16,256",DT_BF16,ND,98.24,bf16
dynamic,AI_CORE,"16,12288;256,12288",DT_BF16;DT_BF16,ND;ND,"16,256",DT_BF16,ND,99.26,bf16
dynamic,AI_CORE,"16,16384;256,16384",DT_BF16;DT_BF16,ND;ND,"16,256",DT_BF16,ND,100.10,bf16
dynamic,AI_CORE,"16,256;512,256",DT_BF16;DT_BF16,ND;ND,"16,512",DT_BF16,ND,101.18,bf16
dynamic,AI_CORE,"16,512;512,512",DT_BF16;DT_BF16,ND;ND,"16,512",DT_BF16,ND,101.41,bf16
dynamic,AI_CORE,"16,1024;512,1024",DT_BF16;DT_BF16,ND;ND,"16,512",DT_BF16,ND,100.97,bf16
dynamic,AI_CORE,"16,2048;512,2048",DT_BF16;DT_BF16,ND;ND,"16,512",DT_BF16,ND,100.44,bf16
dynamic,AI_CORE,"16,4096;512,4096",DT_BF16;DT_BF16,ND;ND,"16,512",DT_BF16,ND,106.53,bf16
dynamic,AI_CORE,"16,7168;512,7168",DT_BF16;DT_BF16,ND;ND,"16,512",DT_BF16,ND,100.14,bf16
dynamic,AI_CORE,"16,8192;512,8192",DT_BF16;DT_BF16,ND;ND,"16,512",DT_BF16,ND,100.82,bf16
dynamic,AI_CORE,"16,12288;512,12288",DT_BF16;DT_BF16,ND;ND,"16,512",DT_BF16,ND,101.86,bf16
dynamic,AI_CORE,"16,16384;512,16384",DT_BF16;DT_BF16,ND;ND,"16,512",DT_BF16,ND,102.18,bf16
dynamic,AI_CORE,"16,256;1024,256",DT_BF16;DT_BF16,ND;ND,"16,1024",DT_BF16,ND,100.90,bf16
dynamic,AI_CORE,"16,512;1024,512",DT_BF16;DT_BF16,ND;ND,"16,1024",DT_BF16,ND,100.34,bf16
dynamic,AI_CORE,"16,1024;1024,1024",DT_BF16;DT_BF16,ND;ND,"16,1024",DT_BF16,ND,101.95,bf16
dynamic,AI_CORE,"16,2048;1024,2048",DT_BF16;DT_BF16,ND;ND,"16,1024",DT_BF16,ND,102.81,bf16
dynamic,AI_CORE,"16,4096;1024,4096",DT_BF16;DT_BF16,ND;ND,"16,1024",DT_BF16,ND,103.10,bf16
dynamic,AI_CORE,"16,7168;1024,7168",DT_BF16;DT_BF16,ND;ND,"16,1024",DT_BF16,ND,104.12,bf16
dynamic,AI_CORE,"16,8192;1024,8192",DT_BF16;DT_BF16,ND;ND,"16,1024",DT_BF16,ND,104.22,bf16
dynamic,AI_CORE,"16,12288;1024,12288",DT_BF16;DT_BF16,ND;ND,"16,1024",DT_BF16,ND,95.84,bf16
dynamic,AI_CORE,"16,16384;1024,16384",DT_BF16;DT_BF16,ND;ND,"16,1024",DT_BF16,ND,101.65,bf16
dynamic,AI_CORE,"16,256;2048,256",DT_BF16;DT_BF16,ND;ND,"16,2048",DT_BF16,ND,100.89,bf16
dynamic,AI_CORE,"16,512;2048,512",DT_BF16;DT_BF16,ND;ND,"16,2048",DT_BF16,ND,101.58,bf16
dynamic,AI_CORE,"16,1024;2048,1024",DT_BF16;DT_BF16,ND;ND,"16,2048",DT_BF16,ND,102.39,bf16
dynamic,AI_CORE,"16,2048;2048,2048",DT_BF16;DT_BF16,ND;ND,"16,2048",DT_BF16,ND,101.48,bf16
dynamic,AI_CORE,"16,4096;2048,4096",DT_BF16;DT_BF16,ND;ND,"16,2048",DT_BF16,ND,100.25,bf16
dynamic,AI_CORE,"16,7168;2048,7168",DT_BF16;DT_BF16,ND;ND,"16,2048",DT_BF16,ND,102.10,bf16
dynamic,AI_CORE,"16,8192;2048,8192",DT_BF16;DT_BF16,ND;ND,"16,2048",DT_BF16,ND,101.59,bf16
dynamic,AI_CORE,"16,12288;2048,12288",DT_BF16;DT_BF16,ND;ND,"16,2048",DT_BF16,ND,102.08,bf16
dynamic,AI_CORE,"16,16384;2048,16384",DT_BF16;DT_BF16,ND;ND,"16,2048",DT_BF16,ND,102.44,bf16
dynamic,AI_CORE,"16,256;4096,256",DT_BF16;DT_BF16,ND;ND,"16,4096",DT_BF16,ND,102.65,bf16
dynamic,AI_CORE,"16,512;4096,512",DT_BF16;DT_BF16,ND;ND,"16,4096",DT_BF16,ND,101.50,bf16
dynamic,AI_CORE,"16,1024;4096,1024",DT_BF16;DT_BF16,ND;ND,"16,4096",DT_BF16,ND,102.45,bf16
dynamic,AI_CORE,"16,2048;4096,2048",DT_BF16;DT_BF16,ND;ND,"16,4096",DT_BF16,ND,102.32,bf16
dynamic,AI_CORE,"16,4096;4096,4096",DT_BF16;DT_BF16,ND;ND,"16,4096",DT_BF16,ND,102.17,bf16
dynamic,AI_CORE,"16,7168;4096,7168",DT_BF16;DT_BF16,ND;ND,"16,4096",DT_BF16,ND,101.25,bf16
dynamic,AI_CORE,"16,8192;4096,8192",DT_BF16;DT_BF16,ND;ND,"16,4096",DT_BF16,ND,99.11,bf16
dynamic,AI_CORE,"16,12288;4096,12288",DT_BF16;DT_BF16,ND;ND,"16,4096",DT_BF16,ND,100.42,bf16
dynamic,AI_CORE,"16,16384;4096,16384",DT_BF16;DT_BF16,ND;ND,"16,4096",DT_BF16,ND,129.96,bf16
dynamic,AI_CORE,"16,256;7168,256",DT_BF16;DT_BF16,ND;ND,"16,7168",DT_BF16,ND,104.45,bf16
dynamic,AI_CORE,"16,512;7168,512",DT_BF16;DT_BF16,ND;ND,"16,7168",DT_BF16,ND,104.27,bf16
dynamic,AI_CORE,"16,1024;7168,1024",DT_BF16;DT_BF16,ND;ND,"16,7168",DT_BF16,ND,103.68,bf16
dynamic,AI_CORE,"16,2048;7168,2048",DT_BF16;DT_BF16,ND;ND,"16,7168",DT_BF16,ND,101.51,bf16
dynamic,AI_CORE,"16,4096;7168,4096",DT_BF16;DT_BF16,ND;ND,"16,7168",DT_BF16,ND,102.50,bf16
dynamic,AI_CORE,"16,7168;7168,7168",DT_BF16;DT_BF16,ND;ND,"16,7168",DT_BF16,ND,101.06,bf16
dynamic,AI_CORE,"16,8192;7168,8192",DT_BF16;DT_BF16,ND;ND,"16,7168",DT_BF16,ND,100.16,bf16
dynamic,AI_CORE,"16,12288;7168,12288",DT_BF16;DT_BF16,ND;ND,"16,7168",DT_BF16,ND,152.64,bf16
dynamic,AI_CORE,"16,16384;7168,16384",DT_BF16;DT_BF16,ND;ND,"16,7168",DT_BF16,ND,205.93,bf16
dynamic,AI_CORE,"16,256;8192,256",DT_BF16;DT_BF16,ND;ND,"16,8192",DT_BF16,ND,100.48,bf16
dynamic,AI_CORE,"16,512;8192,512",DT_BF16;DT_BF16,ND;ND,"16,8192",DT_BF16,ND,101.01,bf16
dynamic,AI_CORE,"16,1024;8192,1024",DT_BF16;DT_BF16,ND;ND,"16,8192",DT_BF16,ND,101.61,bf16
dynamic,AI_CORE,"16,2048;8192,2048",DT_BF16;DT_BF16,ND;ND,"16,8192",DT_BF16,ND,111.67,bf16
dynamic,AI_CORE,"16,4096;8192,4096",DT_BF16;DT_BF16,ND;ND,"16,8192",DT_BF16,ND,110.34,bf16
dynamic,AI_CORE,"16,7168;8192,7168",DT_BF16;DT_BF16,ND;ND,"16,8192",DT_BF16,ND,121.49,bf16
dynamic,AI_CORE,"16,8192;8192,8192",DT_BF16;DT_BF16,ND;ND,"16,8192",DT_BF16,ND,119.35,bf16
dynamic,AI_CORE,"16,12288;8192,12288",DT_BF16;DT_BF16,ND;ND,"16,8192",DT_BF16,ND,165.99,bf16
dynamic,AI_CORE,"16,16384;8192,16384",DT_BF16;DT_BF16,ND;ND,"16,8192",DT_BF16,ND,219.76,bf16
dynamic,AI_CORE,"16,256;12288,256",DT_BF16;DT_BF16,ND;ND,"16,12288",DT_BF16,ND,93.96,bf16
dynamic,AI_CORE,"16,512;12288,512",DT_BF16;DT_BF16,ND;ND,"16,12288",DT_BF16,ND,101.44,bf16
dynamic,AI_CORE,"16,1024;12288,1024",DT_BF16;DT_BF16,ND;ND,"16,12288",DT_BF16,ND,102.17,bf16
dynamic,AI_CORE,"16,2048;12288,2048",DT_BF16;DT_BF16,ND;ND,"16,12288",DT_BF16,ND,101.77,bf16
dynamic,AI_CORE,"16,4096;12288,4096",DT_BF16;DT_BF16,ND;ND,"16,12288",DT_BF16,ND,100.49,bf16
dynamic,AI_CORE,"16,7168;12288,7168",DT_BF16;DT_BF16,ND;ND,"16,12288",DT_BF16,ND,160.39,bf16
dynamic,AI_CORE,"16,8192;12288,8192",DT_BF16;DT_BF16,ND;ND,"16,12288",DT_BF16,ND,155.08,bf16
dynamic,AI_CORE,"16,12288;12288,12288",DT_BF16;DT_BF16,ND;ND,"16,12288",DT_BF16,ND,239.88,bf16
dynamic,AI_CORE,"16,16384;12288,16384",DT_BF16;DT_BF16,ND;ND,"16,12288",DT_BF16,ND,310.23,bf16
dynamic,AI_CORE,"16,256;16384,256",DT_BF16;DT_BF16,ND;ND,"16,16384",DT_BF16,ND,99.09,bf16
dynamic,AI_CORE,"16,512;16384,512",DT_BF16;DT_BF16,ND;ND,"16,16384",DT_BF16,ND,99.99,bf16
dynamic,AI_CORE,"16,1024;16384,1024",DT_BF16;DT_BF16,ND;ND,"16,16384",DT_BF16,ND,100.43,bf16
dynamic,AI_CORE,"16,2048;16384,2048",DT_BF16;DT_BF16,ND;ND,"16,16384",DT_BF16,ND,100.50,bf16
dynamic,AI_CORE,"16,4096;16384,4096",DT_BF16;DT_BF16,ND;ND,"16,16384",DT_BF16,ND,100.30,bf16
dynamic,AI_CORE,"16,7168;16384,7168",DT_BF16;DT_BF16,ND;ND,"16,16384",DT_BF16,ND,198.84,bf16
dynamic,AI_CORE,"16,8192;16384,8192",DT_BF16;DT_BF16,ND;ND,"16,16384",DT_BF16,ND,209.97,bf16
dynamic,AI_CORE,"16,12288;16384,12288",DT_BF16;DT_BF16,ND;ND,"16,16384",DT_BF16,ND,331.20,bf16
dynamic,AI_CORE,"16,16384;16384,16384",DT_BF16;DT_BF16,ND;ND,"16,16384",DT_BF16,ND,433.24,bf16
dynamic,AI_CORE,"32,256;256,256",DT_BF16;DT_BF16,ND;ND,"32,256",DT_BF16,ND,105.33,bf16
dynamic,AI_CORE,"32,512;256,512",DT_BF16;DT_BF16,ND;ND,"32,256",DT_BF16,ND,106.53,bf16
dynamic,AI_CORE,"32,1024;256,1024",DT_BF16;DT_BF16,ND;ND,"32,256",DT_BF16,ND,104.61,bf16
dynamic,AI_CORE,"32,2048;256,2048",DT_BF16;DT_BF16,ND;ND,"32,256",DT_BF16,ND,104.59,bf16
dynamic,AI_CORE,"32,4096;256,4096",DT_BF16;DT_BF16,ND;ND,"32,256",DT_BF16,ND,101.92,bf16
dynamic,AI_CORE,"32,7168;256,7168",DT_BF16;DT_BF16,ND;ND,"32,256",DT_BF16,ND,101.50,bf16
dynamic,AI_CORE,"32,8192;256,8192",DT_BF16;DT_BF16,ND;ND,"32,256",DT_BF16,ND,101.82,bf16
dynamic,AI_CORE,"32,12288;256,12288",DT_BF16;DT_BF16,ND;ND,"32,256",DT_BF16,ND,101.17,bf16
dynamic,AI_CORE,"32,16384;256,16384",DT_BF16;DT_BF16,ND;ND,"32,256",DT_BF16,ND,102.90,bf16
dynamic,AI_CORE,"32,256;512,256",DT_BF16;DT_BF16,ND;ND,"32,512",DT_BF16,ND,102.46,bf16
dynamic,AI_CORE,"32,512;512,512",DT_BF16;DT_BF16,ND;ND,"32,512",DT_BF16,ND,104.54,bf16
dynamic,AI_CORE,"32,1024;512,1024",DT_BF16;DT_BF16,ND;ND,"32,512",DT_BF16,ND,102.09,bf16
dynamic,AI_CORE,"32,2048;512,2048",DT_BF16;DT_BF16,ND;ND,"32,512",DT_BF16,ND,106.04,bf16
dynamic,AI_CORE,"32,4096;512,4096",DT_BF16;DT_BF16,ND;ND,"32,512",DT_BF16,ND,106.52,bf16
dynamic,AI_CORE,"32,7168;512,7168",DT_BF16;DT_BF16,ND;ND,"32,512",DT_BF16,ND,104.77,bf16
dynamic,AI_CORE,"32,8192;512,8192",DT_BF16;DT_BF16,ND;ND,"32,512",DT_BF16,ND,104.05,bf16
dynamic,AI_CORE,"32,12288;512,12288",DT_BF16;DT_BF16,ND;ND,"32,512",DT_BF16,ND,105.67,bf16
dynamic,AI_CORE,"32,16384;512,16384",DT_BF16;DT_BF16,ND;ND,"32,512",DT_BF16,ND,103.47,bf16
dynamic,AI_CORE,"32,256;1024,256",DT_BF16;DT_BF16,ND;ND,"32,1024",DT_BF16,ND,103.09,bf16
dynamic,AI_CORE,"32,512;1024,512",DT_BF16;DT_BF16,ND;ND,"32,1024",DT_BF16,ND,102.54,bf16
dynamic,AI_CORE,"32,1024;1024,1024",DT_BF16;DT_BF16,ND;ND,"32,1024",DT_BF16,ND,103.00,bf16
dynamic,AI_CORE,"32,2048;1024,2048",DT_BF16;DT_BF16,ND;ND,"32,1024",DT_BF16,ND,102.48,bf16
dynamic,AI_CORE,"32,4096;1024,4096",DT_BF16;DT_BF16,ND;ND,"32,1024",DT_BF16,ND,103.01,bf16
dynamic,AI_CORE,"32,7168;1024,7168",DT_BF16;DT_BF16,ND;ND,"32,1024",DT_BF16,ND,103.93,bf16
dynamic,AI_CORE,"32,8192;1024,8192",DT_BF16;DT_BF16,ND;ND,"32,1024",DT_BF16,ND,103.21,bf16
dynamic,AI_CORE,"32,12288;1024,12288",DT_BF16;DT_BF16,ND;ND,"32,1024",DT_BF16,ND,99.16,bf16
dynamic,AI_CORE,"32,16384;1024,16384",DT_BF16;DT_BF16,ND;ND,"32,1024",DT_BF16,ND,105.78,bf16
dynamic,AI_CORE,"32,256;2048,256",DT_BF16;DT_BF16,ND;ND,"32,2048",DT_BF16,ND,105.78,bf16
dynamic,AI_CORE,"32,512;2048,512",DT_BF16;DT_BF16,ND;ND,"32,2048",DT_BF16,ND,106.59,bf16
dynamic,AI_CORE,"32,1024;2048,1024",DT_BF16;DT_BF16,ND;ND,"32,2048",DT_BF16,ND,106.18,bf16
dynamic,AI_CORE,"32,2048;2048,2048",DT_BF16;DT_BF16,ND;ND,"32,2048",DT_BF16,ND,93.62,bf16
dynamic,AI_CORE,"32,4096;2048,4096",DT_BF16;DT_BF16,ND;ND,"32,2048",DT_BF16,ND,93.30,bf16
dynamic,AI_CORE,"32,7168;2048,7168",DT_BF16;DT_BF16,ND;ND,"32,2048",DT_BF16,ND,93.19,bf16
dynamic,AI_CORE,"32,8192;2048,8192",DT_BF16;DT_BF16,ND;ND,"32,2048",DT_BF16,ND,93.83,bf16
dynamic,AI_CORE,"32,12288;2048,12288",DT_BF16;DT_BF16,ND;ND,"32,2048",DT_BF16,ND,93.89,bf16
dynamic,AI_CORE,"32,16384;2048,16384",DT_BF16;DT_BF16,ND;ND,"32,2048",DT_BF16,ND,102.76,bf16
dynamic,AI_CORE,"32,256;4096,256",DT_BF16;DT_BF16,ND;ND,"32,4096",DT_BF16,ND,102.58,bf16
dynamic,AI_CORE,"32,512;4096,512",DT_BF16;DT_BF16,ND;ND,"32,4096",DT_BF16,ND,94.12,bf16
dynamic,AI_CORE,"32,1024;4096,1024",DT_BF16;DT_BF16,ND;ND,"32,4096",DT_BF16,ND,95.47,bf16
dynamic,AI_CORE,"32,2048;4096,2048",DT_BF16;DT_BF16,ND;ND,"32,4096",DT_BF16,ND,93.50,bf16
dynamic,AI_CORE,"32,4096;4096,4096",DT_BF16;DT_BF16,ND;ND,"32,4096",DT_BF16,ND,94.40,bf16
dynamic,AI_CORE,"32,7168;4096,7168",DT_BF16;DT_BF16,ND;ND,"32,4096",DT_BF16,ND,95.76,bf16
dynamic,AI_CORE,"32,8192;4096,8192",DT_BF16;DT_BF16,ND;ND,"32,4096",DT_BF16,ND,94.56,bf16
dynamic,AI_CORE,"32,12288;4096,12288",DT_BF16;DT_BF16,ND;ND,"32,4096",DT_BF16,ND,95.42,bf16
dynamic,AI_CORE,"32,16384;4096,16384",DT_BF16;DT_BF16,ND;ND,"32,4096",DT_BF16,ND,128.90,bf16
dynamic,AI_CORE,"32,256;7168,256",DT_BF16;DT_BF16,ND;ND,"32,7168",DT_BF16,ND,102.32,bf16
dynamic,AI_CORE,"32,512;7168,512",DT_BF16;DT_BF16,ND;ND,"32,7168",DT_BF16,ND,103.80,bf16
dynamic,AI_CORE,"32,1024;7168,1024",DT_BF16;DT_BF16,ND;ND,"32,7168",DT_BF16,ND,99.48,bf16
dynamic,AI_CORE,"32,2048;7168,2048",DT_BF16;DT_BF16,ND;ND,"32,7168",DT_BF16,ND,98.53,bf16
dynamic,AI_CORE,"32,4096;7168,4096",DT_BF16;DT_BF16,ND;ND,"32,7168",DT_BF16,ND,94.27,bf16
dynamic,AI_CORE,"32,7168;7168,7168",DT_BF16;DT_BF16,ND;ND,"32,7168",DT_BF16,ND,94.89,bf16
dynamic,AI_CORE,"32,8192;7168,8192",DT_BF16;DT_BF16,ND;ND,"32,7168",DT_BF16,ND,102.08,bf16
dynamic,AI_CORE,"32,12288;7168,12288",DT_BF16;DT_BF16,ND;ND,"32,7168",DT_BF16,ND,153.55,bf16
dynamic,AI_CORE,"32,16384;7168,16384",DT_BF16;DT_BF16,ND;ND,"32,7168",DT_BF16,ND,207.10,bf16
dynamic,AI_CORE,"32,256;8192,256",DT_BF16;DT_BF16,ND;ND,"32,8192",DT_BF16,ND,94.69,bf16
dynamic,AI_CORE,"32,512;8192,512",DT_BF16;DT_BF16,ND;ND,"32,8192",DT_BF16,ND,95.93,bf16
dynamic,AI_CORE,"32,1024;8192,1024",DT_BF16;DT_BF16,ND;ND,"32,8192",DT_BF16,ND,95.39,bf16
dynamic,AI_CORE,"32,2048;8192,2048",DT_BF16;DT_BF16,ND;ND,"32,8192",DT_BF16,ND,94.97,bf16
dynamic,AI_CORE,"32,4096;8192,4096",DT_BF16;DT_BF16,ND;ND,"32,8192",DT_BF16,ND,100.99,bf16
dynamic,AI_CORE,"32,7168;8192,7168",DT_BF16;DT_BF16,ND;ND,"32,8192",DT_BF16,ND,106.95,bf16
dynamic,AI_CORE,"32,8192;8192,8192",DT_BF16;DT_BF16,ND;ND,"32,8192",DT_BF16,ND,106.21,bf16
dynamic,AI_CORE,"32,12288;8192,12288",DT_BF16;DT_BF16,ND;ND,"32,8192",DT_BF16,ND,171.96,bf16
dynamic,AI_CORE,"32,16384;8192,16384",DT_BF16;DT_BF16,ND;ND,"32,8192",DT_BF16,ND,225.58,bf16
dynamic,AI_CORE,"32,256;12288,256",DT_BF16;DT_BF16,ND;ND,"32,12288",DT_BF16,ND,108.15,bf16
dynamic,AI_CORE,"32,512;12288,512",DT_BF16;DT_BF16,ND;ND,"32,12288",DT_BF16,ND,106.63,bf16
dynamic,AI_CORE,"32,1024;12288,1024",DT_BF16;DT_BF16,ND;ND,"32,12288",DT_BF16,ND,102.00,bf16
dynamic,AI_CORE,"32,2048;12288,2048",DT_BF16;DT_BF16,ND;ND,"32,12288",DT_BF16,ND,100.84,bf16
dynamic,AI_CORE,"32,4096;12288,4096",DT_BF16;DT_BF16,ND;ND,"32,12288",DT_BF16,ND,101.67,bf16
dynamic,AI_CORE,"32,7168;12288,7168",DT_BF16;DT_BF16,ND;ND,"32,12288",DT_BF16,ND,148.78,bf16
dynamic,AI_CORE,"32,8192;12288,8192",DT_BF16;DT_BF16,ND;ND,"32,12288",DT_BF16,ND,150.29,bf16
dynamic,AI_CORE,"32,12288;12288,12288",DT_BF16;DT_BF16,ND;ND,"32,12288",DT_BF16,ND,239.65,bf16
dynamic,AI_CORE,"32,16384;12288,16384",DT_BF16;DT_BF16,ND;ND,"32,12288",DT_BF16,ND,316.80,bf16
dynamic,AI_CORE,"32,256;16384,256",DT_BF16;DT_BF16,ND;ND,"32,16384",DT_BF16,ND,100.63,bf16
dynamic,AI_CORE,"32,512;16384,512",DT_BF16;DT_BF16,ND;ND,"32,16384",DT_BF16,ND,98.52,bf16
dynamic,AI_CORE,"32,1024;16384,1024",DT_BF16;DT_BF16,ND;ND,"32,16384",DT_BF16,ND,101.09,bf16
dynamic,AI_CORE,"32,2048;16384,2048",DT_BF16;DT_BF16,ND;ND,"32,16384",DT_BF16,ND,102.64,bf16
dynamic,AI_CORE,"32,4096;16384,4096",DT_BF16;DT_BF16,ND;ND,"32,16384",DT_BF16,ND,99.00,bf16
dynamic,AI_CORE,"32,7168;16384,7168",DT_BF16;DT_BF16,ND;ND,"32,16384",DT_BF16,ND,209.29,bf16
dynamic,AI_CORE,"32,8192;16384,8192",DT_BF16;DT_BF16,ND;ND,"32,16384",DT_BF16,ND,210.37,bf16
dynamic,AI_CORE,"32,12288;16384,12288",DT_BF16;DT_BF16,ND;ND,"32,16384",DT_BF16,ND,339.45,bf16
dynamic,AI_CORE,"32,16384;16384,16384",DT_BF16;DT_BF16,ND;ND,"32,16384",DT_BF16,ND,444.62,bf16
dynamic,AI_CORE,"64,256;256,256",DT_BF16;DT_BF16,ND;ND,"64,256",DT_BF16,ND,104.92,bf16
dynamic,AI_CORE,"64,512;256,512",DT_BF16;DT_BF16,ND;ND,"64,256",DT_BF16,ND,108.20,bf16
dynamic,AI_CORE,"64,1024;256,1024",DT_BF16;DT_BF16,ND;ND,"64,256",DT_BF16,ND,104.14,bf16
dynamic,AI_CORE,"64,2048;256,2048",DT_BF16;DT_BF16,ND;ND,"64,256",DT_BF16,ND,110.63,bf16
dynamic,AI_CORE,"64,4096;256,4096",DT_BF16;DT_BF16,ND;ND,"64,256",DT_BF16,ND,104.38,bf16
dynamic,AI_CORE,"64,7168;256,7168",DT_BF16;DT_BF16,ND;ND,"64,256",DT_BF16,ND,104.83,bf16
dynamic,AI_CORE,"64,8192;256,8192",DT_BF16;DT_BF16,ND;ND,"64,256",DT_BF16,ND,103.25,bf16
dynamic,AI_CORE,"64,12288;256,12288",DT_BF16;DT_BF16,ND;ND,"64,256",DT_BF16,ND,109.58,bf16
dynamic,AI_CORE,"64,16384;256,16384",DT_BF16;DT_BF16,ND;ND,"64,256",DT_BF16,ND,104.88,bf16
dynamic,AI_CORE,"64,256;512,256",DT_BF16;DT_BF16,ND;ND,"64,512",DT_BF16,ND,104.59,bf16
dynamic,AI_CORE,"64,512;512,512",DT_BF16;DT_BF16,ND;ND,"64,512",DT_BF16,ND,105.99,bf16
dynamic,AI_CORE,"64,1024;512,1024",DT_BF16;DT_BF16,ND;ND,"64,512",DT_BF16,ND,104.12,bf16
dynamic,AI_CORE,"64,2048;512,2048",DT_BF16;DT_BF16,ND;ND,"64,512",DT_BF16,ND,103.42,bf16
dynamic,AI_CORE,"64,4096;512,4096",DT_BF16;DT_BF16,ND;ND,"64,512",DT_BF16,ND,105.04,bf16
dynamic,AI_CORE,"64,7168;512,7168",DT_BF16;DT_BF16,ND;ND,"64,512",DT_BF16,ND,101.58,bf16
dynamic,AI_CORE,"64,8192;512,8192",DT_BF16;DT_BF16,ND;ND,"64,512",DT_BF16,ND,100.41,bf16
dynamic,AI_CORE,"64,12288;512,12288",DT_BF16;DT_BF16,ND;ND,"64,512",DT_BF16,ND,100.27,bf16
dynamic,AI_CORE,"64,16384;512,16384",DT_BF16;DT_BF16,ND;ND,"64,512",DT_BF16,ND,102.13,bf16
dynamic,AI_CORE,"64,256;1024,256",DT_BF16;DT_BF16,ND;ND,"64,1024",DT_BF16,ND,102.01,bf16
dynamic,AI_CORE,"64,512;1024,512",DT_BF16;DT_BF16,ND;ND,"64,1024",DT_BF16,ND,101.25,bf16
dynamic,AI_CORE,"64,1024;1024,1024",DT_BF16;DT_BF16,ND;ND,"64,1024",DT_BF16,ND,101.36,bf16
dynamic,AI_CORE,"64,2048;1024,2048",DT_BF16;DT_BF16,ND;ND,"64,1024",DT_BF16,ND,100.81,bf16
dynamic,AI_CORE,"64,4096;1024,4096",DT_BF16;DT_BF16,ND;ND,"64,1024",DT_BF16,ND,101.37,bf16
dynamic,AI_CORE,"64,7168;1024,7168",DT_BF16;DT_BF16,ND;ND,"64,1024",DT_BF16,ND,105.79,bf16
dynamic,AI_CORE,"64,8192;1024,8192",DT_BF16;DT_BF16,ND;ND,"64,1024",DT_BF16,ND,104.35,bf16
dynamic,AI_CORE,"64,12288;1024,12288",DT_BF16;DT_BF16,ND;ND,"64,1024",DT_BF16,ND,103.51,bf16
dynamic,AI_CORE,"64,16384;1024,16384",DT_BF16;DT_BF16,ND;ND,"64,1024",DT_BF16,ND,103.14,bf16
dynamic,AI_CORE,"64,256;2048,256",DT_BF16;DT_BF16,ND;ND,"64,2048",DT_BF16,ND,103.21,bf16
dynamic,AI_CORE,"64,512;2048,512",DT_BF16;DT_BF16,ND;ND,"64,2048",DT_BF16,ND,103.39,bf16
dynamic,AI_CORE,"64,1024;2048,1024",DT_BF16;DT_BF16,ND;ND,"64,2048",DT_BF16,ND,103.35,bf16
dynamic,AI_CORE,"64,2048;2048,2048",DT_BF16;DT_BF16,ND;ND,"64,2048",DT_BF16,ND,104.69,bf16
dynamic,AI_CORE,"64,4096;2048,4096",DT_BF16;DT_BF16,ND;ND,"64,2048",DT_BF16,ND,101.89,bf16
dynamic,AI_CORE,"64,7168;2048,7168",DT_BF16;DT_BF16,ND;ND,"64,2048",DT_BF16,ND,102.13,bf16
dynamic,AI_CORE,"64,8192;2048,8192",DT_BF16;DT_BF16,ND;ND,"64,2048",DT_BF16,ND,101.91,bf16
dynamic,AI_CORE,"64,12288;2048,12288",DT_BF16;DT_BF16,ND;ND,"64,2048",DT_BF16,ND,101.35,bf16
dynamic,AI_CORE,"64,16384;2048,16384",DT_BF16;DT_BF16,ND;ND,"64,2048",DT_BF16,ND,101.96,bf16
dynamic,AI_CORE,"64,256;4096,256",DT_BF16;DT_BF16,ND;ND,"64,4096",DT_BF16,ND,101.40,bf16
dynamic,AI_CORE,"64,512;4096,512",DT_BF16;DT_BF16,ND;ND,"64,4096",DT_BF16,ND,101.29,bf16
dynamic,AI_CORE,"64,1024;4096,1024",DT_BF16;DT_BF16,ND;ND,"64,4096",DT_BF16,ND,101.68,bf16
dynamic,AI_CORE,"64,2048;4096,2048",DT_BF16;DT_BF16,ND;ND,"64,4096",DT_BF16,ND,102.86,bf16
dynamic,AI_CORE,"64,4096;4096,4096",DT_BF16;DT_BF16,ND;ND,"64,4096",DT_BF16,ND,101.60,bf16
dynamic,AI_CORE,"64,7168;4096,7168",DT_BF16;DT_BF16,ND;ND,"64,4096",DT_BF16,ND,102.19,bf16
dynamic,AI_CORE,"64,8192;4096,8192",DT_BF16;DT_BF16,ND;ND,"64,4096",DT_BF16,ND,102.33,bf16
dynamic,AI_CORE,"64,12288;4096,12288",DT_BF16;DT_BF16,ND;ND,"64,4096",DT_BF16,ND,105.23,bf16
dynamic,AI_CORE,"64,16384;4096,16384",DT_BF16;DT_BF16,ND;ND,"64,4096",DT_BF16,ND,129.66,bf16
dynamic,AI_CORE,"64,256;7168,256",DT_BF16;DT_BF16,ND;ND,"64,7168",DT_BF16,ND,102.48,bf16
dynamic,AI_CORE,"64,512;7168,512",DT_BF16;DT_BF16,ND;ND,"64,7168",DT_BF16,ND,103.27,bf16
dynamic,AI_CORE,"64,1024;7168,1024",DT_BF16;DT_BF16,ND;ND,"64,7168",DT_BF16,ND,101.88,bf16
dynamic,AI_CORE,"64,2048;7168,2048",DT_BF16;DT_BF16,ND;ND,"64,7168",DT_BF16,ND,104.30,bf16
dynamic,AI_CORE,"64,4096;7168,4096",DT_BF16;DT_BF16,ND;ND,"64,7168",DT_BF16,ND,103.08,bf16
dynamic,AI_CORE,"64,7168;7168,7168",DT_BF16;DT_BF16,ND;ND,"64,7168",DT_BF16,ND,100.52,bf16
dynamic,AI_CORE,"64,8192;7168,8192",DT_BF16;DT_BF16,ND;ND,"64,7168",DT_BF16,ND,100.82,bf16
dynamic,AI_CORE,"64,12288;7168,12288",DT_BF16;DT_BF16,ND;ND,"64,7168",DT_BF16,ND,154.93,bf16
dynamic,AI_CORE,"64,16384;7168,16384",DT_BF16;DT_BF16,ND;ND,"64,7168",DT_BF16,ND,213.70,bf16
dynamic,AI_CORE,"64,256;8192,256",DT_BF16;DT_BF16,ND;ND,"64,8192",DT_BF16,ND,100.94,bf16
dynamic,AI_CORE,"64,512;8192,512",DT_BF16;DT_BF16,ND;ND,"64,8192",DT_BF16,ND,101.25,bf16
dynamic,AI_CORE,"64,1024;8192,1024",DT_BF16;DT_BF16,ND;ND,"64,8192",DT_BF16,ND,100.08,bf16
dynamic,AI_CORE,"64,2048;8192,2048",DT_BF16;DT_BF16,ND;ND,"64,8192",DT_BF16,ND,96.21,bf16
dynamic,AI_CORE,"64,4096;8192,4096",DT_BF16;DT_BF16,ND;ND,"64,8192",DT_BF16,ND,96.49,bf16
dynamic,AI_CORE,"64,7168;8192,7168",DT_BF16;DT_BF16,ND;ND,"64,8192",DT_BF16,ND,107.22,bf16
dynamic,AI_CORE,"64,8192;8192,8192",DT_BF16;DT_BF16,ND;ND,"64,8192",DT_BF16,ND,110.01,bf16
dynamic,AI_CORE,"64,12288;8192,12288",DT_BF16;DT_BF16,ND;ND,"64,8192",DT_BF16,ND,174.94,bf16
dynamic,AI_CORE,"64,16384;8192,16384",DT_BF16;DT_BF16,ND;ND,"64,8192",DT_BF16,ND,232.57,bf16
dynamic,AI_CORE,"64,256;12288,256",DT_BF16;DT_BF16,ND;ND,"64,12288",DT_BF16,ND,97.01,bf16
dynamic,AI_CORE,"64,512;12288,512",DT_BF16;DT_BF16,ND;ND,"64,12288",DT_BF16,ND,96.77,bf16
dynamic,AI_CORE,"64,1024;12288,1024",DT_BF16;DT_BF16,ND;ND,"64,12288",DT_BF16,ND,97.41,bf16
dynamic,AI_CORE,"64,2048;12288,2048",DT_BF16;DT_BF16,ND;ND,"64,12288",DT_BF16,ND,95.11,bf16
dynamic,AI_CORE,"64,4096;12288,4096",DT_BF16;DT_BF16,ND;ND,"64,12288",DT_BF16,ND,94.09,bf16
dynamic,AI_CORE,"64,7168;12288,7168",DT_BF16;DT_BF16,ND;ND,"64,12288",DT_BF16,ND,154.68,bf16
dynamic,AI_CORE,"64,8192;12288,8192",DT_BF16;DT_BF16,ND;ND,"64,12288",DT_BF16,ND,153.15,bf16
dynamic,AI_CORE,"64,12288;12288,12288",DT_BF16;DT_BF16,ND;ND,"64,12288",DT_BF16,ND,251.04,bf16
dynamic,AI_CORE,"64,16384;12288,16384",DT_BF16;DT_BF16,ND;ND,"64,12288",DT_BF16,ND,324.34,bf16
dynamic,AI_CORE,"64,256;16384,256",DT_BF16;DT_BF16,ND;ND,"64,16384",DT_BF16,ND,102.71,bf16
dynamic,AI_CORE,"64,512;16384,512",DT_BF16;DT_BF16,ND;ND,"64,16384",DT_BF16,ND,105.30,bf16
dynamic,AI_CORE,"64,1024;16384,1024",DT_BF16;DT_BF16,ND;ND,"64,16384",DT_BF16,ND,98.61,bf16
dynamic,AI_CORE,"64,2048;16384,2048",DT_BF16;DT_BF16,ND;ND,"64,16384",DT_BF16,ND,99.73,bf16
dynamic,AI_CORE,"64,4096;16384,4096",DT_BF16;DT_BF16,ND;ND,"64,16384",DT_BF16,ND,103.60,bf16
dynamic,AI_CORE,"64,7168;16384,7168",DT_BF16;DT_BF16,ND;ND,"64,16384",DT_BF16,ND,215.28,bf16
dynamic,AI_CORE,"64,8192;16384,8192",DT_BF16;DT_BF16,ND;ND,"64,16384",DT_BF16,ND,214.54,bf16
dynamic,AI_CORE,"64,12288;16384,12288",DT_BF16;DT_BF16,ND;ND,"64,16384",DT_BF16,ND,350.53,bf16
dynamic,AI_CORE,"64,16384;16384,16384",DT_BF16;DT_BF16,ND;ND,"64,16384",DT_BF16,ND,454.99,bf16
dynamic,AI_CORE,"128,256;256,256",DT_BF16;DT_BF16,ND;ND,"128,256",DT_BF16,ND,94.95,bf16
dynamic,AI_CORE,"128,512;256,512",DT_BF16;DT_BF16,ND;ND,"128,256",DT_BF16,ND,94.01,bf16
dynamic,AI_CORE,"128,1024;256,1024",DT_BF16;DT_BF16,ND;ND,"128,256",DT_BF16,ND,96.34,bf16
dynamic,AI_CORE,"128,2048;256,2048",DT_BF16;DT_BF16,ND;ND,"128,256",DT_BF16,ND,105.03,bf16
dynamic,AI_CORE,"128,4096;256,4096",DT_BF16;DT_BF16,ND;ND,"128,256",DT_BF16,ND,94.72,bf16
dynamic,AI_CORE,"128,7168;256,7168",DT_BF16;DT_BF16,ND;ND,"128,256",DT_BF16,ND,107.28,bf16
dynamic,AI_CORE,"128,8192;256,8192",DT_BF16;DT_BF16,ND;ND,"128,256",DT_BF16,ND,93.26,bf16
dynamic,AI_CORE,"128,12288;256,12288",DT_BF16;DT_BF16,ND;ND,"128,256",DT_BF16,ND,94.40,bf16
dynamic,AI_CORE,"128,16384;256,16384",DT_BF16;DT_BF16,ND;ND,"128,256",DT_BF16,ND,99.11,bf16
dynamic,AI_CORE,"128,256;512,256",DT_BF16;DT_BF16,ND;ND,"128,512",DT_BF16,ND,98.85,bf16
dynamic,AI_CORE,"128,512;512,512",DT_BF16;DT_BF16,ND;ND,"128,512",DT_BF16,ND,99.39,bf16
dynamic,AI_CORE,"128,1024;512,1024",DT_BF16;DT_BF16,ND;ND,"128,512",DT_BF16,ND,100.15,bf16
dynamic,AI_CORE,"128,2048;512,2048",DT_BF16;DT_BF16,ND;ND,"128,512",DT_BF16,ND,98.91,bf16
dynamic,AI_CORE,"128,4096;512,4096",DT_BF16;DT_BF16,ND;ND,"128,512",DT_BF16,ND,98.98,bf16
dynamic,AI_CORE,"128,7168;512,7168",DT_BF16;DT_BF16,ND;ND,"128,512",DT_BF16,ND,99.13,bf16
dynamic,AI_CORE,"128,8192;512,8192",DT_BF16;DT_BF16,ND;ND,"128,512",DT_BF16,ND,101.46,bf16
dynamic,AI_CORE,"128,12288;512,12288",DT_BF16;DT_BF16,ND;ND,"128,512",DT_BF16,ND,101.80,bf16
dynamic,AI_CORE,"128,16384;512,16384",DT_BF16;DT_BF16,ND;ND,"128,512",DT_BF16,ND,101.56,bf16
dynamic,AI_CORE,"128,256;1024,256",DT_BF16;DT_BF16,ND;ND,"128,1024",DT_BF16,ND,101.47,bf16
dynamic,AI_CORE,"128,512;1024,512",DT_BF16;DT_BF16,ND;ND,"128,1024",DT_BF16,ND,102.18,bf16
dynamic,AI_CORE,"128,1024;1024,1024",DT_BF16;DT_BF16,ND;ND,"128,1024",DT_BF16,ND,102.27,bf16
dynamic,AI_CORE,"128,2048;1024,2048",DT_BF16;DT_BF16,ND;ND,"128,1024",DT_BF16,ND,102.70,bf16
dynamic,AI_CORE,"128,4096;1024,4096",DT_BF16;DT_BF16,ND;ND,"128,1024",DT_BF16,ND,105.42,bf16
dynamic,AI_CORE,"128,7168;1024,7168",DT_BF16;DT_BF16,ND;ND,"128,1024",DT_BF16,ND,106.55,bf16
dynamic,AI_CORE,"128,8192;1024,8192",DT_BF16;DT_BF16,ND;ND,"128,1024",DT_BF16,ND,105.10,bf16
dynamic,AI_CORE,"128,12288;1024,12288",DT_BF16;DT_BF16,ND;ND,"128,1024",DT_BF16,ND,102.82,bf16
dynamic,AI_CORE,"128,16384;1024,16384",DT_BF16;DT_BF16,ND;ND,"128,1024",DT_BF16,ND,102.60,bf16
dynamic,AI_CORE,"128,256;2048,256",DT_BF16;DT_BF16,ND;ND,"128,2048",DT_BF16,ND,102.43,bf16
dynamic,AI_CORE,"128,512;2048,512",DT_BF16;DT_BF16,ND;ND,"128,2048",DT_BF16,ND,102.24,bf16
dynamic,AI_CORE,"128,1024;2048,1024",DT_BF16;DT_BF16,ND;ND,"128,2048",DT_BF16,ND,102.97,bf16
dynamic,AI_CORE,"128,2048;2048,2048",DT_BF16;DT_BF16,ND;ND,"128,2048",DT_BF16,ND,103.23,bf16
dynamic,AI_CORE,"128,4096;2048,4096",DT_BF16;DT_BF16,ND;ND,"128,2048",DT_BF16,ND,103.16,bf16
dynamic,AI_CORE,"128,7168;2048,7168",DT_BF16;DT_BF16,ND;ND,"128,2048",DT_BF16,ND,103.42,bf16
dynamic,AI_CORE,"128,8192;2048,8192",DT_BF16;DT_BF16,ND;ND,"128,2048",DT_BF16,ND,103.29,bf16
dynamic,AI_CORE,"128,12288;2048,12288",DT_BF16;DT_BF16,ND;ND,"128,2048",DT_BF16,ND,103.46,bf16
dynamic,AI_CORE,"128,16384;2048,16384",DT_BF16;DT_BF16,ND;ND,"128,2048",DT_BF16,ND,101.99,bf16
dynamic,AI_CORE,"128,256;4096,256",DT_BF16;DT_BF16,ND;ND,"128,4096",DT_BF16,ND,100.27,bf16
dynamic,AI_CORE,"128,512;4096,512",DT_BF16;DT_BF16,ND;ND,"128,4096",DT_BF16,ND,100.97,bf16
dynamic,AI_CORE,"128,1024;4096,1024",DT_BF16;DT_BF16,ND;ND,"128,4096",DT_BF16,ND,102.54,bf16
dynamic,AI_CORE,"128,2048;4096,2048",DT_BF16;DT_BF16,ND;ND,"128,4096",DT_BF16,ND,102.96,bf16
dynamic,AI_CORE,"128,4096;4096,4096",DT_BF16;DT_BF16,ND;ND,"128,4096",DT_BF16,ND,101.87,bf16
dynamic,AI_CORE,"128,7168;4096,7168",DT_BF16;DT_BF16,ND;ND,"128,4096",DT_BF16,ND,97.63,bf16
dynamic,AI_CORE,"128,8192;4096,8192",DT_BF16;DT_BF16,ND;ND,"128,4096",DT_BF16,ND,94.35,bf16
dynamic,AI_CORE,"128,12288;4096,12288",DT_BF16;DT_BF16,ND;ND,"128,4096",DT_BF16,ND,108.57,bf16
dynamic,AI_CORE,"128,16384;4096,16384",DT_BF16;DT_BF16,ND;ND,"128,4096",DT_BF16,ND,151.71,bf16
dynamic,AI_CORE,"128,256;7168,256",DT_BF16;DT_BF16,ND;ND,"128,7168",DT_BF16,ND,93.83,bf16
dynamic,AI_CORE,"128,512;7168,512",DT_BF16;DT_BF16,ND;ND,"128,7168",DT_BF16,ND,93.15,bf16
dynamic,AI_CORE,"128,1024;7168,1024",DT_BF16;DT_BF16,ND;ND,"128,7168",DT_BF16,ND,96.98,bf16
dynamic,AI_CORE,"128,2048;7168,2048",DT_BF16;DT_BF16,ND;ND,"128,7168",DT_BF16,ND,98.76,bf16
dynamic,AI_CORE,"128,4096;7168,4096",DT_BF16;DT_BF16,ND;ND,"128,7168",DT_BF16,ND,99.58,bf16
dynamic,AI_CORE,"128,7168;7168,7168",DT_BF16;DT_BF16,ND;ND,"128,7168",DT_BF16,ND,108.79,bf16
dynamic,AI_CORE,"128,8192;7168,8192",DT_BF16;DT_BF16,ND;ND,"128,7168",DT_BF16,ND,114.41,bf16
dynamic,AI_CORE,"128,12288;7168,12288",DT_BF16;DT_BF16,ND;ND,"128,7168",DT_BF16,ND,174.61,bf16
dynamic,AI_CORE,"128,16384;7168,16384",DT_BF16;DT_BF16,ND;ND,"128,7168",DT_BF16,ND,243.48,bf16
dynamic,AI_CORE,"128,256;8192,256",DT_BF16;DT_BF16,ND;ND,"128,8192",DT_BF16,ND,97.82,bf16
dynamic,AI_CORE,"128,512;8192,512",DT_BF16;DT_BF16,ND;ND,"128,8192",DT_BF16,ND,101.92,bf16
dynamic,AI_CORE,"128,1024;8192,1024",DT_BF16;DT_BF16,ND;ND,"128,8192",DT_BF16,ND,104.51,bf16
dynamic,AI_CORE,"128,2048;8192,2048",DT_BF16;DT_BF16,ND;ND,"128,8192",DT_BF16,ND,105.99,bf16
dynamic,AI_CORE,"128,4096;8192,4096",DT_BF16;DT_BF16,ND;ND,"128,8192",DT_BF16,ND,106.64,bf16
dynamic,AI_CORE,"128,7168;8192,7168",DT_BF16;DT_BF16,ND;ND,"128,8192",DT_BF16,ND,109.25,bf16
dynamic,AI_CORE,"128,8192;8192,8192",DT_BF16;DT_BF16,ND;ND,"128,8192",DT_BF16,ND,120.10,bf16
dynamic,AI_CORE,"128,12288;8192,12288",DT_BF16;DT_BF16,ND;ND,"128,8192",DT_BF16,ND,190.59,bf16
dynamic,AI_CORE,"128,16384;8192,16384",DT_BF16;DT_BF16,ND;ND,"128,8192",DT_BF16,ND,261.37,bf16
dynamic,AI_CORE,"128,256;12288,256",DT_BF16;DT_BF16,ND;ND,"128,12288",DT_BF16,ND,104.78,bf16
dynamic,AI_CORE,"128,512;12288,512",DT_BF16;DT_BF16,ND;ND,"128,12288",DT_BF16,ND,104.33,bf16
dynamic,AI_CORE,"128,1024;12288,1024",DT_BF16;DT_BF16,ND;ND,"128,12288",DT_BF16,ND,103.70,bf16
dynamic,AI_CORE,"128,2048;12288,2048",DT_BF16;DT_BF16,ND;ND,"128,12288",DT_BF16,ND,105.05,bf16
dynamic,AI_CORE,"128,4096;12288,4096",DT_BF16;DT_BF16,ND;ND,"128,12288",DT_BF16,ND,103.32,bf16
dynamic,AI_CORE,"128,7168;12288,7168",DT_BF16;DT_BF16,ND;ND,"128,12288",DT_BF16,ND,162.95,bf16
dynamic,AI_CORE,"128,8192;12288,8192",DT_BF16;DT_BF16,ND;ND,"128,12288",DT_BF16,ND,164.90,bf16
dynamic,AI_CORE,"128,12288;12288,12288",DT_BF16;DT_BF16,ND;ND,"128,12288",DT_BF16,ND,280.03,bf16
dynamic,AI_CORE,"128,16384;12288,16384",DT_BF16;DT_BF16,ND;ND,"128,12288",DT_BF16,ND,367.71,bf16
dynamic,AI_CORE,"128,256;16384,256",DT_BF16;DT_BF16,ND;ND,"128,16384",DT_BF16,ND,102.53,bf16
dynamic,AI_CORE,"128,512;16384,512",DT_BF16;DT_BF16,ND;ND,"128,16384",DT_BF16,ND,104.86,bf16
dynamic,AI_CORE,"128,1024;16384,1024",DT_BF16;DT_BF16,ND;ND,"128,16384",DT_BF16,ND,103.86,bf16
dynamic,AI_CORE,"128,2048;16384,2048",DT_BF16;DT_BF16,ND;ND,"128,16384",DT_BF16,ND,104.67,bf16
dynamic,AI_CORE,"128,4096;16384,4096",DT_BF16;DT_BF16,ND;ND,"128,16384",DT_BF16,ND,115.71,bf16
dynamic,AI_CORE,"128,7168;16384,7168",DT_BF16;DT_BF16,ND;ND,"128,16384",DT_BF16,ND,232.21,bf16
dynamic,AI_CORE,"128,8192;16384,8192",DT_BF16;DT_BF16,ND;ND,"128,16384",DT_BF16,ND,246.05,bf16
dynamic,AI_CORE,"128,12288;16384,12288",DT_BF16;DT_BF16,ND;ND,"128,16384",DT_BF16,ND,393.93,bf16
dynamic,AI_CORE,"128,16384;16384,16384",DT_BF16;DT_BF16,ND;ND,"128,16384",DT_BF16,ND,523.12,bf16
dynamic,AI_CORE,"256,256;256,256",DT_BF16;DT_BF16,ND;ND,"256,256",DT_BF16,ND,106.20,bf16
dynamic,AI_CORE,"256,512;256,512",DT_BF16;DT_BF16,ND;ND,"256,256",DT_BF16,ND,105.73,bf16
dynamic,AI_CORE,"256,1024;256,1024",DT_BF16;DT_BF16,ND;ND,"256,256",DT_BF16,ND,108.53,bf16
dynamic,AI_CORE,"256,2048;256,2048",DT_BF16;DT_BF16,ND;ND,"256,256",DT_BF16,ND,106.64,bf16
dynamic,AI_CORE,"256,4096;256,4096",DT_BF16;DT_BF16,ND;ND,"256,256",DT_BF16,ND,105.66,bf16
dynamic,AI_CORE,"256,7168;256,7168",DT_BF16;DT_BF16,ND;ND,"256,256",DT_BF16,ND,105.77,bf16
dynamic,AI_CORE,"256,8192;256,8192",DT_BF16;DT_BF16,ND;ND,"256,256",DT_BF16,ND,106.83,bf16
dynamic,AI_CORE,"256,12288;256,12288",DT_BF16;DT_BF16,ND;ND,"256,256",DT_BF16,ND,106.16,bf16
dynamic,AI_CORE,"256,16384;256,16384",DT_BF16;DT_BF16,ND;ND,"256,256",DT_BF16,ND,105.35,bf16
dynamic,AI_CORE,"256,256;512,256",DT_BF16;DT_BF16,ND;ND,"256,512",DT_BF16,ND,103.44,bf16
dynamic,AI_CORE,"256,512;512,512",DT_BF16;DT_BF16,ND;ND,"256,512",DT_BF16,ND,104.21,bf16
dynamic,AI_CORE,"256,1024;512,1024",DT_BF16;DT_BF16,ND;ND,"256,512",DT_BF16,ND,105.71,bf16
dynamic,AI_CORE,"256,2048;512,2048",DT_BF16;DT_BF16,ND;ND,"256,512",DT_BF16,ND,102.18,bf16
dynamic,AI_CORE,"256,4096;512,4096",DT_BF16;DT_BF16,ND;ND,"256,512",DT_BF16,ND,103.21,bf16
dynamic,AI_CORE,"256,7168;512,7168",DT_BF16;DT_BF16,ND;ND,"256,512",DT_BF16,ND,102.47,bf16
dynamic,AI_CORE,"256,8192;512,8192",DT_BF16;DT_BF16,ND;ND,"256,512",DT_BF16,ND,104.12,bf16
dynamic,AI_CORE,"256,12288;512,12288",DT_BF16;DT_BF16,ND;ND,"256,512",DT_BF16,ND,103.78,bf16
dynamic,AI_CORE,"256,16384;512,16384",DT_BF16;DT_BF16,ND;ND,"256,512",DT_BF16,ND,103.11,bf16
dynamic,AI_CORE,"256,256;1024,256",DT_BF16;DT_BF16,ND;ND,"256,1024",DT_BF16,ND,101.77,bf16
dynamic,AI_CORE,"256,512;1024,512",DT_BF16;DT_BF16,ND;ND,"256,1024",DT_BF16,ND,103.15,bf16
dynamic,AI_CORE,"256,1024;1024,1024",DT_BF16;DT_BF16,ND;ND,"256,1024",DT_BF16,ND,98.23,bf16
dynamic,AI_CORE,"256,2048;1024,2048",DT_BF16;DT_BF16,ND;ND,"256,1024",DT_BF16,ND,98.90,bf16
dynamic,AI_CORE,"256,4096;1024,4096",DT_BF16;DT_BF16,ND;ND,"256,1024",DT_BF16,ND,101.69,bf16
dynamic,AI_CORE,"256,7168;1024,7168",DT_BF16;DT_BF16,ND;ND,"256,1024",DT_BF16,ND,108.93,bf16
dynamic,AI_CORE,"256,8192;1024,8192",DT_BF16;DT_BF16,ND;ND,"256,1024",DT_BF16,ND,103.19,bf16
dynamic,AI_CORE,"256,12288;1024,12288",DT_BF16;DT_BF16,ND;ND,"256,1024",DT_BF16,ND,110.15,bf16
dynamic,AI_CORE,"256,16384;1024,16384",DT_BF16;DT_BF16,ND;ND,"256,1024",DT_BF16,ND,103.65,bf16
dynamic,AI_CORE,"256,256;2048,256",DT_BF16;DT_BF16,ND;ND,"256,2048",DT_BF16,ND,101.35,bf16
dynamic,AI_CORE,"256,512;2048,512",DT_BF16;DT_BF16,ND;ND,"256,2048",DT_BF16,ND,106.72,bf16
dynamic,AI_CORE,"256,1024;2048,1024",DT_BF16;DT_BF16,ND;ND,"256,2048",DT_BF16,ND,106.38,bf16
dynamic,AI_CORE,"256,2048;2048,2048",DT_BF16;DT_BF16,ND;ND,"256,2048",DT_BF16,ND,105.21,bf16
dynamic,AI_CORE,"256,4096;2048,4096",DT_BF16;DT_BF16,ND;ND,"256,2048",DT_BF16,ND,102.27,bf16
dynamic,AI_CORE,"256,7168;2048,7168",DT_BF16;DT_BF16,ND;ND,"256,2048",DT_BF16,ND,102.49,bf16
dynamic,AI_CORE,"256,8192;2048,8192",DT_BF16;DT_BF16,ND;ND,"256,2048",DT_BF16,ND,101.53,bf16
dynamic,AI_CORE,"256,12288;2048,12288",DT_BF16;DT_BF16,ND;ND,"256,2048",DT_BF16,ND,101.32,bf16
dynamic,AI_CORE,"256,16384;2048,16384",DT_BF16;DT_BF16,ND;ND,"256,2048",DT_BF16,ND,147.41,bf16
dynamic,AI_CORE,"256,256;4096,256",DT_BF16;DT_BF16,ND;ND,"256,4096",DT_BF16,ND,106.71,bf16
dynamic,AI_CORE,"256,512;4096,512",DT_BF16;DT_BF16,ND;ND,"256,4096",DT_BF16,ND,107.09,bf16
dynamic,AI_CORE,"256,1024;4096,1024",DT_BF16;DT_BF16,ND;ND,"256,4096",DT_BF16,ND,106.63,bf16
dynamic,AI_CORE,"256,2048;4096,2048",DT_BF16;DT_BF16,ND;ND,"256,4096",DT_BF16,ND,106.11,bf16
dynamic,AI_CORE,"256,4096;4096,4096",DT_BF16;DT_BF16,ND;ND,"256,4096",DT_BF16,ND,106.54,bf16
dynamic,AI_CORE,"256,7168;4096,7168",DT_BF16;DT_BF16,ND;ND,"256,4096",DT_BF16,ND,105.20,bf16
dynamic,AI_CORE,"256,8192;4096,8192",DT_BF16;DT_BF16,ND;ND,"256,4096",DT_BF16,ND,108.81,bf16
dynamic,AI_CORE,"256,12288;4096,12288",DT_BF16;DT_BF16,ND;ND,"256,4096",DT_BF16,ND,163.91,bf16
dynamic,AI_CORE,"256,16384;4096,16384",DT_BF16;DT_BF16,ND;ND,"256,4096",DT_BF16,ND,256.16,bf16
dynamic,AI_CORE,"256,256;7168,256",DT_BF16;DT_BF16,ND;ND,"256,7168",DT_BF16,ND,105.47,bf16
dynamic,AI_CORE,"256,512;7168,512",DT_BF16;DT_BF16,ND;ND,"256,7168",DT_BF16,ND,103.49,bf16
dynamic,AI_CORE,"256,1024;7168,1024",DT_BF16;DT_BF16,ND;ND,"256,7168",DT_BF16,ND,105.26,bf16
dynamic,AI_CORE,"256,2048;7168,2048",DT_BF16;DT_BF16,ND;ND,"256,7168",DT_BF16,ND,104.96,bf16
dynamic,AI_CORE,"256,4096;7168,4096",DT_BF16;DT_BF16,ND;ND,"256,7168",DT_BF16,ND,103.44,bf16
dynamic,AI_CORE,"256,7168;7168,7168",DT_BF16;DT_BF16,ND;ND,"256,7168",DT_BF16,ND,159.72,bf16
dynamic,AI_CORE,"256,8192;7168,8192",DT_BF16;DT_BF16,ND;ND,"256,7168",DT_BF16,ND,189.54,bf16
dynamic,AI_CORE,"256,12288;7168,12288",DT_BF16;DT_BF16,ND;ND,"256,7168",DT_BF16,ND,274.59,bf16
dynamic,AI_CORE,"256,16384;7168,16384",DT_BF16;DT_BF16,ND;ND,"256,7168",DT_BF16,ND,432.12,bf16
dynamic,AI_CORE,"256,256;8192,256",DT_BF16;DT_BF16,ND;ND,"256,8192",DT_BF16,ND,100.52,bf16
dynamic,AI_CORE,"256,512;8192,512",DT_BF16;DT_BF16,ND;ND,"256,8192",DT_BF16,ND,103.60,bf16
dynamic,AI_CORE,"256,1024;8192,1024",DT_BF16;DT_BF16,ND;ND,"256,8192",DT_BF16,ND,103.95,bf16
dynamic,AI_CORE,"256,2048;8192,2048",DT_BF16;DT_BF16,ND;ND,"256,8192",DT_BF16,ND,110.14,bf16
dynamic,AI_CORE,"256,4096;8192,4096",DT_BF16;DT_BF16,ND;ND,"256,8192",DT_BF16,ND,106.05,bf16
dynamic,AI_CORE,"256,7168;8192,7168",DT_BF16;DT_BF16,ND;ND,"256,8192",DT_BF16,ND,189.83,bf16
dynamic,AI_CORE,"256,8192;8192,8192",DT_BF16;DT_BF16,ND;ND,"256,8192",DT_BF16,ND,222.15,bf16
dynamic,AI_CORE,"256,12288;8192,12288",DT_BF16;DT_BF16,ND;ND,"256,8192",DT_BF16,ND,326.70,bf16
dynamic,AI_CORE,"256,16384;8192,16384",DT_BF16;DT_BF16,ND;ND,"256,8192",DT_BF16,ND,506.43,bf16
dynamic,AI_CORE,"256,256;12288,256",DT_BF16;DT_BF16,ND;ND,"256,12288",DT_BF16,ND,106.51,bf16
dynamic,AI_CORE,"256,512;12288,512",DT_BF16;DT_BF16,ND;ND,"256,12288",DT_BF16,ND,103.81,bf16
dynamic,AI_CORE,"256,1024;12288,1024",DT_BF16;DT_BF16,ND;ND,"256,12288",DT_BF16,ND,104.14,bf16
dynamic,AI_CORE,"256,2048;12288,2048",DT_BF16;DT_BF16,ND;ND,"256,12288",DT_BF16,ND,102.59,bf16
dynamic,AI_CORE,"256,4096;12288,4096",DT_BF16;DT_BF16,ND;ND,"256,12288",DT_BF16,ND,142.08,bf16
dynamic,AI_CORE,"256,7168;12288,7168",DT_BF16;DT_BF16,ND;ND,"256,12288",DT_BF16,ND,255.12,bf16
dynamic,AI_CORE,"256,8192;12288,8192",DT_BF16;DT_BF16,ND;ND,"256,12288",DT_BF16,ND,300.97,bf16
dynamic,AI_CORE,"256,12288;12288,12288",DT_BF16;DT_BF16,ND;ND,"256,12288",DT_BF16,ND,439.45,bf16
dynamic,AI_CORE,"256,16384;12288,16384",DT_BF16;DT_BF16,ND;ND,"256,12288",DT_BF16,ND,687.48,bf16
dynamic,AI_CORE,"256,256;16384,256",DT_BF16;DT_BF16,ND;ND,"256,16384",DT_BF16,ND,103.49,bf16
dynamic,AI_CORE,"256,512;16384,512",DT_BF16;DT_BF16,ND;ND,"256,16384",DT_BF16,ND,104.00,bf16
dynamic,AI_CORE,"256,1024;16384,1024",DT_BF16;DT_BF16,ND;ND,"256,16384",DT_BF16,ND,103.81,bf16
dynamic,AI_CORE,"256,2048;16384,2048",DT_BF16;DT_BF16,ND;ND,"256,16384",DT_BF16,ND,105.48,bf16
dynamic,AI_CORE,"256,4096;16384,4096",DT_BF16;DT_BF16,ND;ND,"256,16384",DT_BF16,ND,193.16,bf16
dynamic,AI_CORE,"256,7168;16384,7168",DT_BF16;DT_BF16,ND;ND,"256,16384",DT_BF16,ND,358.45,bf16
dynamic,AI_CORE,"256,8192;16384,8192",DT_BF16;DT_BF16,ND;ND,"256,16384",DT_BF16,ND,399.11,bf16
dynamic,AI_CORE,"256,12288;16384,12288",DT_BF16;DT_BF16,ND;ND,"256,16384",DT_BF16,ND,616.95,bf16
dynamic,AI_CORE,"256,16384;16384,16384",DT_BF16;DT_BF16,ND;ND,"256,16384",DT_BF16,ND,915.35,bf16
dynamic,AI_CORE,"512,256;256,256",DT_BF16;DT_BF16,ND;ND,"512,256",DT_BF16,ND,104.86,bf16
dynamic,AI_CORE,"512,512;256,512",DT_BF16;DT_BF16,ND;ND,"512,256",DT_BF16,ND,105.12,bf16
dynamic,AI_CORE,"512,1024;256,1024",DT_BF16;DT_BF16,ND;ND,"512,256",DT_BF16,ND,104.63,bf16
dynamic,AI_CORE,"512,2048;256,2048",DT_BF16;DT_BF16,ND;ND,"512,256",DT_BF16,ND,104.85,bf16
dynamic,AI_CORE,"512,4096;256,4096",DT_BF16;DT_BF16,ND;ND,"512,256",DT_BF16,ND,104.38,bf16
dynamic,AI_CORE,"512,7168;256,7168",DT_BF16;DT_BF16,ND;ND,"512,256",DT_BF16,ND,105.07,bf16
dynamic,AI_CORE,"512,8192;256,8192",DT_BF16;DT_BF16,ND;ND,"512,256",DT_BF16,ND,105.32,bf16
dynamic,AI_CORE,"512,12288;256,12288",DT_BF16;DT_BF16,ND;ND,"512,256",DT_BF16,ND,103.40,bf16
dynamic,AI_CORE,"512,16384;256,16384",DT_BF16;DT_BF16,ND;ND,"512,256",DT_BF16,ND,104.87,bf16
dynamic,AI_CORE,"512,256;512,256",DT_BF16;DT_BF16,ND;ND,"512,512",DT_BF16,ND,103.35,bf16
dynamic,AI_CORE,"512,512;512,512",DT_BF16;DT_BF16,ND;ND,"512,512",DT_BF16,ND,103.86,bf16
dynamic,AI_CORE,"512,1024;512,1024",DT_BF16;DT_BF16,ND;ND,"512,512",DT_BF16,ND,107.03,bf16
dynamic,AI_CORE,"512,2048;512,2048",DT_BF16;DT_BF16,ND;ND,"512,512",DT_BF16,ND,105.04,bf16
dynamic,AI_CORE,"512,4096;512,4096",DT_BF16;DT_BF16,ND;ND,"512,512",DT_BF16,ND,104.13,bf16
dynamic,AI_CORE,"512,7168;512,7168",DT_BF16;DT_BF16,ND;ND,"512,512",DT_BF16,ND,102.92,bf16
dynamic,AI_CORE,"512,8192;512,8192",DT_BF16;DT_BF16,ND;ND,"512,512",DT_BF16,ND,104.99,bf16
dynamic,AI_CORE,"512,12288;512,12288",DT_BF16;DT_BF16,ND;ND,"512,512",DT_BF16,ND,104.42,bf16
dynamic,AI_CORE,"512,16384;512,16384",DT_BF16;DT_BF16,ND;ND,"512,512",DT_BF16,ND,104.74,bf16
dynamic,AI_CORE,"512,256;1024,256",DT_BF16;DT_BF16,ND;ND,"512,1024",DT_BF16,ND,103.50,bf16
dynamic,AI_CORE,"512,512;1024,512",DT_BF16;DT_BF16,ND;ND,"512,1024",DT_BF16,ND,103.60,bf16
dynamic,AI_CORE,"512,1024;1024,1024",DT_BF16;DT_BF16,ND;ND,"512,1024",DT_BF16,ND,103.24,bf16
dynamic,AI_CORE,"512,2048;1024,2048",DT_BF16;DT_BF16,ND;ND,"512,1024",DT_BF16,ND,103.59,bf16
dynamic,AI_CORE,"512,4096;1024,4096",DT_BF16;DT_BF16,ND;ND,"512,1024",DT_BF16,ND,104.69,bf16
dynamic,AI_CORE,"512,7168;1024,7168",DT_BF16;DT_BF16,ND;ND,"512,1024",DT_BF16,ND,103.45,bf16
dynamic,AI_CORE,"512,8192;1024,8192",DT_BF16;DT_BF16,ND;ND,"512,1024",DT_BF16,ND,103.92,bf16
dynamic,AI_CORE,"512,12288;1024,12288",DT_BF16;DT_BF16,ND;ND,"512,1024",DT_BF16,ND,98.08,bf16
dynamic,AI_CORE,"512,16384;1024,16384",DT_BF16;DT_BF16,ND;ND,"512,1024",DT_BF16,ND,100.27,bf16
dynamic,AI_CORE,"512,256;2048,256",DT_BF16;DT_BF16,ND;ND,"512,2048",DT_BF16,ND,108.01,bf16
dynamic,AI_CORE,"512,512;2048,512",DT_BF16;DT_BF16,ND;ND,"512,2048",DT_BF16,ND,107.38,bf16
dynamic,AI_CORE,"512,1024;2048,1024",DT_BF16;DT_BF16,ND;ND,"512,2048",DT_BF16,ND,108.97,bf16
dynamic,AI_CORE,"512,2048;2048,2048",DT_BF16;DT_BF16,ND;ND,"512,2048",DT_BF16,ND,107.74,bf16
dynamic,AI_CORE,"512,4096;2048,4096",DT_BF16;DT_BF16,ND;ND,"512,2048",DT_BF16,ND,104.30,bf16
dynamic,AI_CORE,"512,7168;2048,7168",DT_BF16;DT_BF16,ND;ND,"512,2048",DT_BF16,ND,103.14,bf16
dynamic,AI_CORE,"512,8192;2048,8192",DT_BF16;DT_BF16,ND;ND,"512,2048",DT_BF16,ND,103.81,bf16
dynamic,AI_CORE,"512,12288;2048,12288",DT_BF16;DT_BF16,ND;ND,"512,2048",DT_BF16,ND,120.20,bf16
dynamic,AI_CORE,"512,16384;2048,16384",DT_BF16;DT_BF16,ND;ND,"512,2048",DT_BF16,ND,195.17,bf16
dynamic,AI_CORE,"512,256;4096,256",DT_BF16;DT_BF16,ND;ND,"512,4096",DT_BF16,ND,104.23,bf16
dynamic,AI_CORE,"512,512;4096,512",DT_BF16;DT_BF16,ND;ND,"512,4096",DT_BF16,ND,103.85,bf16
dynamic,AI_CORE,"512,1024;4096,1024",DT_BF16;DT_BF16,ND;ND,"512,4096",DT_BF16,ND,104.59,bf16
dynamic,AI_CORE,"512,2048;4096,2048",DT_BF16;DT_BF16,ND;ND,"512,4096",DT_BF16,ND,105.79,bf16
dynamic,AI_CORE,"512,4096;4096,4096",DT_BF16;DT_BF16,ND;ND,"512,4096",DT_BF16,ND,104.38,bf16
dynamic,AI_CORE,"512,7168;4096,7168",DT_BF16;DT_BF16,ND;ND,"512,4096",DT_BF16,ND,150.99,bf16
dynamic,AI_CORE,"512,8192;4096,8192",DT_BF16;DT_BF16,ND;ND,"512,4096",DT_BF16,ND,174.62,bf16
dynamic,AI_CORE,"512,12288;4096,12288",DT_BF16;DT_BF16,ND;ND,"512,4096",DT_BF16,ND,256.60,bf16
dynamic,AI_CORE,"512,16384;4096,16384",DT_BF16;DT_BF16,ND;ND,"512,4096",DT_BF16,ND,419.64,bf16
dynamic,AI_CORE,"512,256;7168,256",DT_BF16;DT_BF16,ND;ND,"512,7168",DT_BF16,ND,107.05,bf16
dynamic,AI_CORE,"512,512;7168,512",DT_BF16;DT_BF16,ND;ND,"512,7168",DT_BF16,ND,107.07,bf16
dynamic,AI_CORE,"512,1024;7168,1024",DT_BF16;DT_BF16,ND;ND,"512,7168",DT_BF16,ND,105.46,bf16
dynamic,AI_CORE,"512,2048;7168,2048",DT_BF16;DT_BF16,ND;ND,"512,7168",DT_BF16,ND,105.17,bf16
dynamic,AI_CORE,"512,4096;7168,4096",DT_BF16;DT_BF16,ND;ND,"512,7168",DT_BF16,ND,142.52,bf16
dynamic,AI_CORE,"512,7168;7168,7168",DT_BF16;DT_BF16,ND;ND,"512,7168",DT_BF16,ND,250.05,bf16
dynamic,AI_CORE,"512,8192;7168,8192",DT_BF16;DT_BF16,ND;ND,"512,7168",DT_BF16,ND,290.49,bf16
dynamic,AI_CORE,"512,12288;7168,12288",DT_BF16;DT_BF16,ND;ND,"512,7168",DT_BF16,ND,425.89,bf16
dynamic,AI_CORE,"512,16384;7168,16384",DT_BF16;DT_BF16,ND;ND,"512,7168",DT_BF16,ND,711.26,bf16
dynamic,AI_CORE,"512,256;8192,256",DT_BF16;DT_BF16,ND;ND,"512,8192",DT_BF16,ND,107.52,bf16
dynamic,AI_CORE,"512,512;8192,512",DT_BF16;DT_BF16,ND;ND,"512,8192",DT_BF16,ND,106.27,bf16
dynamic,AI_CORE,"512,1024;8192,1024",DT_BF16;DT_BF16,ND;ND,"512,8192",DT_BF16,ND,106.93,bf16
dynamic,AI_CORE,"512,2048;8192,2048",DT_BF16;DT_BF16,ND;ND,"512,8192",DT_BF16,ND,103.51,bf16
dynamic,AI_CORE,"512,4096;8192,4096",DT_BF16;DT_BF16,ND;ND,"512,8192",DT_BF16,ND,169.50,bf16
dynamic,AI_CORE,"512,7168;8192,7168",DT_BF16;DT_BF16,ND;ND,"512,8192",DT_BF16,ND,301.39,bf16
dynamic,AI_CORE,"512,8192;8192,8192",DT_BF16;DT_BF16,ND;ND,"512,8192",DT_BF16,ND,345.10,bf16
dynamic,AI_CORE,"512,12288;8192,12288",DT_BF16;DT_BF16,ND;ND,"512,8192",DT_BF16,ND,507.85,bf16
dynamic,AI_CORE,"512,16384;8192,16384",DT_BF16;DT_BF16,ND;ND,"512,8192",DT_BF16,ND,835.36,bf16
dynamic,AI_CORE,"512,256;12288,256",DT_BF16;DT_BF16,ND;ND,"512,12288",DT_BF16,ND,101.85,bf16
dynamic,AI_CORE,"512,512;12288,512",DT_BF16;DT_BF16,ND;ND,"512,12288",DT_BF16,ND,103.89,bf16
dynamic,AI_CORE,"512,1024;12288,1024",DT_BF16;DT_BF16,ND;ND,"512,12288",DT_BF16,ND,105.13,bf16
dynamic,AI_CORE,"512,2048;12288,2048",DT_BF16;DT_BF16,ND;ND,"512,12288",DT_BF16,ND,105.78,bf16
dynamic,AI_CORE,"512,4096;12288,4096",DT_BF16;DT_BF16,ND;ND,"512,12288",DT_BF16,ND,178.40,bf16
dynamic,AI_CORE,"512,7168;12288,7168",DT_BF16;DT_BF16,ND;ND,"512,12288",DT_BF16,ND,409.42,bf16
dynamic,AI_CORE,"512,8192;12288,8192",DT_BF16;DT_BF16,ND;ND,"512,12288",DT_BF16,ND,478.16,bf16
dynamic,AI_CORE,"512,12288;12288,12288",DT_BF16;DT_BF16,ND;ND,"512,12288",DT_BF16,ND,700.64,bf16
dynamic,AI_CORE,"512,16384;12288,16384",DT_BF16;DT_BF16,ND;ND,"512,12288",DT_BF16,ND,1197.15,bf16
dynamic,AI_CORE,"512,256;16384,256",DT_BF16;DT_BF16,ND;ND,"512,16384",DT_BF16,ND,102.79,bf16
dynamic,AI_CORE,"512,512;16384,512",DT_BF16;DT_BF16,ND;ND,"512,16384",DT_BF16,ND,102.50,bf16
dynamic,AI_CORE,"512,1024;16384,1024",DT_BF16;DT_BF16,ND;ND,"512,16384",DT_BF16,ND,102.89,bf16
dynamic,AI_CORE,"512,2048;16384,2048",DT_BF16;DT_BF16,ND;ND,"512,16384",DT_BF16,ND,152.99,bf16
dynamic,AI_CORE,"512,4096;16384,4096",DT_BF16;DT_BF16,ND;ND,"512,16384",DT_BF16,ND,310.94,bf16
dynamic,AI_CORE,"512,7168;16384,7168",DT_BF16;DT_BF16,ND;ND,"512,16384",DT_BF16,ND,572.07,bf16
dynamic,AI_CORE,"512,8192;16384,8192",DT_BF16;DT_BF16,ND;ND,"512,16384",DT_BF16,ND,660.43,bf16
dynamic,AI_CORE,"512,12288;16384,12288",DT_BF16;DT_BF16,ND;ND,"512,16384",DT_BF16,ND,986.89,bf16
dynamic,AI_CORE,"512,16384;16384,16384",DT_BF16;DT_BF16,ND;ND,"512,16384",DT_BF16,ND,1636.67,bf16
dynamic,AI_CORE,"1024,256;256,256",DT_BF16;DT_BF16,ND;ND,"1024,256",DT_BF16,ND,101.44,bf16
dynamic,AI_CORE,"1024,512;256,512",DT_BF16;DT_BF16,ND;ND,"1024,256",DT_BF16,ND,100.99,bf16
dynamic,AI_CORE,"1024,1024;256,1024",DT_BF16;DT_BF16,ND;ND,"1024,256",DT_BF16,ND,101.64,bf16
dynamic,AI_CORE,"1024,2048;256,2048",DT_BF16;DT_BF16,ND;ND,"1024,256",DT_BF16,ND,100.85,bf16
dynamic,AI_CORE,"1024,4096;256,4096",DT_BF16;DT_BF16,ND;ND,"1024,256",DT_BF16,ND,100.39,bf16
dynamic,AI_CORE,"1024,7168;256,7168",DT_BF16;DT_BF16,ND;ND,"1024,256",DT_BF16,ND,101.53,bf16
dynamic,AI_CORE,"1024,8192;256,8192",DT_BF16;DT_BF16,ND;ND,"1024,256",DT_BF16,ND,101.23,bf16
dynamic,AI_CORE,"1024,12288;256,12288",DT_BF16;DT_BF16,ND;ND,"1024,256",DT_BF16,ND,101.01,bf16
dynamic,AI_CORE,"1024,16384;256,16384",DT_BF16;DT_BF16,ND;ND,"1024,256",DT_BF16,ND,102.84,bf16
dynamic,AI_CORE,"1024,256;512,256",DT_BF16;DT_BF16,ND;ND,"1024,512",DT_BF16,ND,101.86,bf16
dynamic,AI_CORE,"1024,512;512,512",DT_BF16;DT_BF16,ND;ND,"1024,512",DT_BF16,ND,101.96,bf16
dynamic,AI_CORE,"1024,1024;512,1024",DT_BF16;DT_BF16,ND;ND,"1024,512",DT_BF16,ND,101.15,bf16
dynamic,AI_CORE,"1024,2048;512,2048",DT_BF16;DT_BF16,ND;ND,"1024,512",DT_BF16,ND,101.34,bf16
dynamic,AI_CORE,"1024,4096;512,4096",DT_BF16;DT_BF16,ND;ND,"1024,512",DT_BF16,ND,102.14,bf16
dynamic,AI_CORE,"1024,7168;512,7168",DT_BF16;DT_BF16,ND;ND,"1024,512",DT_BF16,ND,101.87,bf16
dynamic,AI_CORE,"1024,8192;512,8192",DT_BF16;DT_BF16,ND;ND,"1024,512",DT_BF16,ND,100.85,bf16
dynamic,AI_CORE,"1024,12288;512,12288",DT_BF16;DT_BF16,ND;ND,"1024,512",DT_BF16,ND,100.07,bf16
dynamic,AI_CORE,"1024,16384;512,16384",DT_BF16;DT_BF16,ND;ND,"1024,512",DT_BF16,ND,97.58,bf16
dynamic,AI_CORE,"1024,256;1024,256",DT_BF16;DT_BF16,ND;ND,"1024,1024",DT_BF16,ND,99.24,bf16
dynamic,AI_CORE,"1024,512;1024,512",DT_BF16;DT_BF16,ND;ND,"1024,1024",DT_BF16,ND,104.71,bf16
dynamic,AI_CORE,"1024,1024;1024,1024",DT_BF16;DT_BF16,ND;ND,"1024,1024",DT_BF16,ND,109.12,bf16
dynamic,AI_CORE,"1024,2048;1024,2048",DT_BF16;DT_BF16,ND;ND,"1024,1024",DT_BF16,ND,107.71,bf16
dynamic,AI_CORE,"1024,4096;1024,4096",DT_BF16;DT_BF16,ND;ND,"1024,1024",DT_BF16,ND,112.59,bf16
dynamic,AI_CORE,"1024,7168;1024,7168",DT_BF16;DT_BF16,ND;ND,"1024,1024",DT_BF16,ND,101.68,bf16
dynamic,AI_CORE,"1024,8192;1024,8192",DT_BF16;DT_BF16,ND;ND,"1024,1024",DT_BF16,ND,104.86,bf16
dynamic,AI_CORE,"1024,12288;1024,12288",DT_BF16;DT_BF16,ND;ND,"1024,1024",DT_BF16,ND,104.49,bf16
dynamic,AI_CORE,"1024,16384;1024,16384",DT_BF16;DT_BF16,ND;ND,"1024,1024",DT_BF16,ND,197.23,bf16
dynamic,AI_CORE,"1024,256;2048,256",DT_BF16;DT_BF16,ND;ND,"1024,2048",DT_BF16,ND,106.85,bf16
dynamic,AI_CORE,"1024,512;2048,512",DT_BF16;DT_BF16,ND;ND,"1024,2048",DT_BF16,ND,107.62,bf16
dynamic,AI_CORE,"1024,1024;2048,1024",DT_BF16;DT_BF16,ND;ND,"1024,2048",DT_BF16,ND,105.06,bf16
dynamic,AI_CORE,"1024,2048;2048,2048",DT_BF16;DT_BF16,ND;ND,"1024,2048",DT_BF16,ND,106.05,bf16
dynamic,AI_CORE,"1024,4096;2048,4096",DT_BF16;DT_BF16,ND;ND,"1024,2048",DT_BF16,ND,106.96,bf16
dynamic,AI_CORE,"1024,7168;2048,7168",DT_BF16;DT_BF16,ND;ND,"1024,2048",DT_BF16,ND,106.62,bf16
dynamic,AI_CORE,"1024,8192;2048,8192",DT_BF16;DT_BF16,ND;ND,"1024,2048",DT_BF16,ND,144.94,bf16
dynamic,AI_CORE,"1024,12288;2048,12288",DT_BF16;DT_BF16,ND;ND,"1024,2048",DT_BF16,ND,196.04,bf16
dynamic,AI_CORE,"1024,16384;2048,16384",DT_BF16;DT_BF16,ND;ND,"1024,2048",DT_BF16,ND,305.86,bf16
dynamic,AI_CORE,"1024,256;4096,256",DT_BF16;DT_BF16,ND;ND,"1024,4096",DT_BF16,ND,103.92,bf16
dynamic,AI_CORE,"1024,512;4096,512",DT_BF16;DT_BF16,ND;ND,"1024,4096",DT_BF16,ND,102.94,bf16
dynamic,AI_CORE,"1024,1024;4096,1024",DT_BF16;DT_BF16,ND;ND,"1024,4096",DT_BF16,ND,102.54,bf16
dynamic,AI_CORE,"1024,2048;4096,2048",DT_BF16;DT_BF16,ND;ND,"1024,4096",DT_BF16,ND,103.51,bf16
dynamic,AI_CORE,"1024,4096;4096,4096",DT_BF16;DT_BF16,ND;ND,"1024,4096",DT_BF16,ND,134.60,bf16
dynamic,AI_CORE,"1024,7168;4096,7168",DT_BF16;DT_BF16,ND;ND,"1024,4096",DT_BF16,ND,228.39,bf16
dynamic,AI_CORE,"1024,8192;4096,8192",DT_BF16;DT_BF16,ND;ND,"1024,4096",DT_BF16,ND,274.13,bf16
dynamic,AI_CORE,"1024,12288;4096,12288",DT_BF16;DT_BF16,ND;ND,"1024,4096",DT_BF16,ND,384.14,bf16
dynamic,AI_CORE,"1024,16384;4096,16384",DT_BF16;DT_BF16,ND;ND,"1024,4096",DT_BF16,ND,596.24,bf16
dynamic,AI_CORE,"1024,256;7168,256",DT_BF16;DT_BF16,ND;ND,"1024,7168",DT_BF16,ND,102.09,bf16
dynamic,AI_CORE,"1024,512;7168,512",DT_BF16;DT_BF16,ND;ND,"1024,7168",DT_BF16,ND,103.28,bf16
dynamic,AI_CORE,"1024,1024;7168,1024",DT_BF16;DT_BF16,ND;ND,"1024,7168",DT_BF16,ND,100.65,bf16
dynamic,AI_CORE,"1024,2048;7168,2048",DT_BF16;DT_BF16,ND;ND,"1024,7168",DT_BF16,ND,110.91,bf16
dynamic,AI_CORE,"1024,4096;7168,4096",DT_BF16;DT_BF16,ND;ND,"1024,7168",DT_BF16,ND,224.79,bf16
dynamic,AI_CORE,"1024,7168;7168,7168",DT_BF16;DT_BF16,ND;ND,"1024,7168",DT_BF16,ND,377.52,bf16
dynamic,AI_CORE,"1024,8192;7168,8192",DT_BF16;DT_BF16,ND;ND,"1024,7168",DT_BF16,ND,448.16,bf16
dynamic,AI_CORE,"1024,12288;7168,12288",DT_BF16;DT_BF16,ND;ND,"1024,7168",DT_BF16,ND,637.85,bf16
dynamic,AI_CORE,"1024,16384;7168,16384",DT_BF16;DT_BF16,ND;ND,"1024,7168",DT_BF16,ND,1058.16,bf16
dynamic,AI_CORE,"1024,256;8192,256",DT_BF16;DT_BF16,ND;ND,"1024,8192",DT_BF16,ND,96.82,bf16
dynamic,AI_CORE,"1024,512;8192,512",DT_BF16;DT_BF16,ND;ND,"1024,8192",DT_BF16,ND,101.28,bf16
dynamic,AI_CORE,"1024,1024;8192,1024",DT_BF16;DT_BF16,ND;ND,"1024,8192",DT_BF16,ND,101.73,bf16
dynamic,AI_CORE,"1024,2048;8192,2048",DT_BF16;DT_BF16,ND;ND,"1024,8192",DT_BF16,ND,121.06,bf16
dynamic,AI_CORE,"1024,4096;8192,4096",DT_BF16;DT_BF16,ND;ND,"1024,8192",DT_BF16,ND,243.81,bf16
dynamic,AI_CORE,"1024,7168;8192,7168",DT_BF16;DT_BF16,ND;ND,"1024,8192",DT_BF16,ND,424.41,bf16
dynamic,AI_CORE,"1024,8192;8192,8192",DT_BF16;DT_BF16,ND;ND,"1024,8192",DT_BF16,ND,490.27,bf16
dynamic,AI_CORE,"1024,12288;8192,12288",DT_BF16;DT_BF16,ND;ND,"1024,8192",DT_BF16,ND,760.65,bf16
dynamic,AI_CORE,"1024,16384;8192,16384",DT_BF16;DT_BF16,ND;ND,"1024,8192",DT_BF16,ND,1136.56,bf16
dynamic,AI_CORE,"1024,256;12288,256",DT_BF16;DT_BF16,ND;ND,"1024,12288",DT_BF16,ND,98.68,bf16
dynamic,AI_CORE,"1024,512;12288,512",DT_BF16;DT_BF16,ND;ND,"1024,12288",DT_BF16,ND,100.62,bf16
dynamic,AI_CORE,"1024,1024;12288,1024",DT_BF16;DT_BF16,ND;ND,"1024,12288",DT_BF16,ND,100.64,bf16
dynamic,AI_CORE,"1024,2048;12288,2048",DT_BF16;DT_BF16,ND;ND,"1024,12288",DT_BF16,ND,172.74,bf16
dynamic,AI_CORE,"1024,4096;12288,4096",DT_BF16;DT_BF16,ND;ND,"1024,12288",DT_BF16,ND,381.56,bf16
dynamic,AI_CORE,"1024,7168;12288,7168",DT_BF16;DT_BF16,ND;ND,"1024,12288",DT_BF16,ND,740.02,bf16
dynamic,AI_CORE,"1024,8192;12288,8192",DT_BF16;DT_BF16,ND;ND,"1024,12288",DT_BF16,ND,801.82,bf16
dynamic,AI_CORE,"1024,12288;12288,12288",DT_BF16;DT_BF16,ND;ND,"1024,12288",DT_BF16,ND,1161.17,bf16
dynamic,AI_CORE,"1024,16384;12288,16384",DT_BF16;DT_BF16,ND;ND,"1024,12288",DT_BF16,ND,1928.60,bf16
dynamic,AI_CORE,"1024,256;16384,256",DT_BF16;DT_BF16,ND;ND,"1024,16384",DT_BF16,ND,102.21,bf16
dynamic,AI_CORE,"1024,512;16384,512",DT_BF16;DT_BF16,ND;ND,"1024,16384",DT_BF16,ND,104.49,bf16
dynamic,AI_CORE,"1024,1024;16384,1024",DT_BF16;DT_BF16,ND;ND,"1024,16384",DT_BF16,ND,123.24,bf16
dynamic,AI_CORE,"1024,2048;16384,2048",DT_BF16;DT_BF16,ND;ND,"1024,16384",DT_BF16,ND,238.53,bf16
dynamic,AI_CORE,"1024,4096;16384,4096",DT_BF16;DT_BF16,ND;ND,"1024,16384",DT_BF16,ND,459.85,bf16
dynamic,AI_CORE,"1024,7168;16384,7168",DT_BF16;DT_BF16,ND;ND,"1024,16384",DT_BF16,ND,859.40,bf16
dynamic,AI_CORE,"1024,8192;16384,8192",DT_BF16;DT_BF16,ND;ND,"1024,16384",DT_BF16,ND,996.79,bf16
dynamic,AI_CORE,"1024,12288;16384,12288",DT_BF16;DT_BF16,ND;ND,"1024,16384",DT_BF16,ND,1526.69,bf16
dynamic,AI_CORE,"1024,16384;16384,16384",DT_BF16;DT_BF16,ND;ND,"1024,16384",DT_BF16,ND,2245.53,bf16
dynamic,AI_CORE,"2048,256;256,256",DT_BF16;DT_BF16,ND;ND,"2048,256",DT_BF16,ND,94.49,bf16
dynamic,AI_CORE,"2048,512;256,512",DT_BF16;DT_BF16,ND;ND,"2048,256",DT_BF16,ND,94.39,bf16
dynamic,AI_CORE,"2048,1024;256,1024",DT_BF16;DT_BF16,ND;ND,"2048,256",DT_BF16,ND,95.26,bf16
dynamic,AI_CORE,"2048,2048;256,2048",DT_BF16;DT_BF16,ND;ND,"2048,256",DT_BF16,ND,96.42,bf16
dynamic,AI_CORE,"2048,4096;256,4096",DT_BF16;DT_BF16,ND;ND,"2048,256",DT_BF16,ND,96.88,bf16
dynamic,AI_CORE,"2048,7168;256,7168",DT_BF16;DT_BF16,ND;ND,"2048,256",DT_BF16,ND,97.04,bf16
dynamic,AI_CORE,"2048,8192;256,8192",DT_BF16;DT_BF16,ND;ND,"2048,256",DT_BF16,ND,97.24,bf16
dynamic,AI_CORE,"2048,12288;256,12288",DT_BF16;DT_BF16,ND;ND,"2048,256",DT_BF16,ND,97.38,bf16
dynamic,AI_CORE,"2048,16384;256,16384",DT_BF16;DT_BF16,ND;ND,"2048,256",DT_BF16,ND,121.46,bf16
dynamic,AI_CORE,"2048,256;512,256",DT_BF16;DT_BF16,ND;ND,"2048,512",DT_BF16,ND,102.38,bf16
dynamic,AI_CORE,"2048,512;512,512",DT_BF16;DT_BF16,ND;ND,"2048,512",DT_BF16,ND,104.50,bf16
dynamic,AI_CORE,"2048,1024;512,1024",DT_BF16;DT_BF16,ND;ND,"2048,512",DT_BF16,ND,103.78,bf16
dynamic,AI_CORE,"2048,2048;512,2048",DT_BF16;DT_BF16,ND;ND,"2048,512",DT_BF16,ND,101.83,bf16
dynamic,AI_CORE,"2048,4096;512,4096",DT_BF16;DT_BF16,ND;ND,"2048,512",DT_BF16,ND,101.57,bf16
dynamic,AI_CORE,"2048,7168;512,7168",DT_BF16;DT_BF16,ND;ND,"2048,512",DT_BF16,ND,102.36,bf16
dynamic,AI_CORE,"2048,8192;512,8192",DT_BF16;DT_BF16,ND;ND,"2048,512",DT_BF16,ND,107.49,bf16
dynamic,AI_CORE,"2048,12288;512,12288",DT_BF16;DT_BF16,ND;ND,"2048,512",DT_BF16,ND,103.97,bf16
dynamic,AI_CORE,"2048,16384;512,16384",DT_BF16;DT_BF16,ND;ND,"2048,512",DT_BF16,ND,162.90,bf16
dynamic,AI_CORE,"2048,256;1024,256",DT_BF16;DT_BF16,ND;ND,"2048,1024",DT_BF16,ND,100.47,bf16
dynamic,AI_CORE,"2048,512;1024,512",DT_BF16;DT_BF16,ND;ND,"2048,1024",DT_BF16,ND,101.01,bf16
dynamic,AI_CORE,"2048,1024;1024,1024",DT_BF16;DT_BF16,ND;ND,"2048,1024",DT_BF16,ND,103.13,bf16
dynamic,AI_CORE,"2048,2048;1024,2048",DT_BF16;DT_BF16,ND;ND,"2048,1024",DT_BF16,ND,102.76,bf16
dynamic,AI_CORE,"2048,4096;1024,4096",DT_BF16;DT_BF16,ND;ND,"2048,1024",DT_BF16,ND,99.56,bf16
dynamic,AI_CORE,"2048,7168;1024,7168",DT_BF16;DT_BF16,ND;ND,"2048,1024",DT_BF16,ND,109.66,bf16
dynamic,AI_CORE,"2048,8192;1024,8192",DT_BF16;DT_BF16,ND;ND,"2048,1024",DT_BF16,ND,131.36,bf16
dynamic,AI_CORE,"2048,12288;1024,12288",DT_BF16;DT_BF16,ND;ND,"2048,1024",DT_BF16,ND,174.57,bf16
dynamic,AI_CORE,"2048,16384;1024,16384",DT_BF16;DT_BF16,ND;ND,"2048,1024",DT_BF16,ND,312.75,bf16
dynamic,AI_CORE,"2048,256;2048,256",DT_BF16;DT_BF16,ND;ND,"2048,2048",DT_BF16,ND,104.32,bf16
dynamic,AI_CORE,"2048,512;2048,512",DT_BF16;DT_BF16,ND;ND,"2048,2048",DT_BF16,ND,103.60,bf16
dynamic,AI_CORE,"2048,1024;2048,1024",DT_BF16;DT_BF16,ND;ND,"2048,2048",DT_BF16,ND,103.04,bf16
dynamic,AI_CORE,"2048,2048;2048,2048",DT_BF16;DT_BF16,ND;ND,"2048,2048",DT_BF16,ND,103.51,bf16
dynamic,AI_CORE,"2048,4096;2048,4096",DT_BF16;DT_BF16,ND;ND,"2048,2048",DT_BF16,ND,123.64,bf16
dynamic,AI_CORE,"2048,7168;2048,7168",DT_BF16;DT_BF16,ND;ND,"2048,2048",DT_BF16,ND,221.21,bf16
dynamic,AI_CORE,"2048,8192;2048,8192",DT_BF16;DT_BF16,ND;ND,"2048,2048",DT_BF16,ND,265.89,bf16
dynamic,AI_CORE,"2048,12288;2048,12288",DT_BF16;DT_BF16,ND;ND,"2048,2048",DT_BF16,ND,353.22,bf16
dynamic,AI_CORE,"2048,16384;2048,16384",DT_BF16;DT_BF16,ND;ND,"2048,2048",DT_BF16,ND,626.90,bf16
dynamic,AI_CORE,"2048,256;4096,256",DT_BF16;DT_BF16,ND;ND,"2048,4096",DT_BF16,ND,102.07,bf16
dynamic,AI_CORE,"2048,512;4096,512",DT_BF16;DT_BF16,ND;ND,"2048,4096",DT_BF16,ND,101.43,bf16
dynamic,AI_CORE,"2048,1024;4096,1024",DT_BF16;DT_BF16,ND;ND,"2048,4096",DT_BF16,ND,103.18,bf16
dynamic,AI_CORE,"2048,2048;4096,2048",DT_BF16;DT_BF16,ND;ND,"2048,4096",DT_BF16,ND,113.48,bf16
dynamic,AI_CORE,"2048,4096;4096,4096",DT_BF16;DT_BF16,ND;ND,"2048,4096",DT_BF16,ND,230.11,bf16
dynamic,AI_CORE,"2048,7168;4096,7168",DT_BF16;DT_BF16,ND;ND,"2048,4096",DT_BF16,ND,399.75,bf16
dynamic,AI_CORE,"2048,8192;4096,8192",DT_BF16;DT_BF16,ND;ND,"2048,4096",DT_BF16,ND,472.16,bf16
dynamic,AI_CORE,"2048,12288;4096,12288",DT_BF16;DT_BF16,ND;ND,"2048,4096",DT_BF16,ND,759.36,bf16
dynamic,AI_CORE,"2048,16384;4096,16384",DT_BF16;DT_BF16,ND;ND,"2048,4096",DT_BF16,ND,878.62,bf16
dynamic,AI_CORE,"2048,256;7168,256",DT_BF16;DT_BF16,ND;ND,"2048,7168",DT_BF16,ND,105.87,bf16
dynamic,AI_CORE,"2048,512;7168,512",DT_BF16;DT_BF16,ND;ND,"2048,7168",DT_BF16,ND,107.69,bf16
dynamic,AI_CORE,"2048,1024;7168,1024",DT_BF16;DT_BF16,ND;ND,"2048,7168",DT_BF16,ND,103.10,bf16
dynamic,AI_CORE,"2048,2048;7168,2048",DT_BF16;DT_BF16,ND;ND,"2048,7168",DT_BF16,ND,196.99,bf16
dynamic,AI_CORE,"2048,4096;7168,4096",DT_BF16;DT_BF16,ND;ND,"2048,7168",DT_BF16,ND,395.74,bf16
dynamic,AI_CORE,"2048,7168;7168,7168",DT_BF16;DT_BF16,ND;ND,"2048,7168",DT_BF16,ND,679.12,bf16
dynamic,AI_CORE,"2048,8192;7168,8192",DT_BF16;DT_BF16,ND;ND,"2048,7168",DT_BF16,ND,810.65,bf16
dynamic,AI_CORE,"2048,12288;7168,12288",DT_BF16;DT_BF16,ND;ND,"2048,7168",DT_BF16,ND,1250.97,bf16
dynamic,AI_CORE,"2048,16384;7168,16384",DT_BF16;DT_BF16,ND;ND,"2048,7168",DT_BF16,ND,1481.67,bf16
dynamic,AI_CORE,"2048,256;8192,256",DT_BF16;DT_BF16,ND;ND,"2048,8192",DT_BF16,ND,96.68,bf16
dynamic,AI_CORE,"2048,512;8192,512",DT_BF16;DT_BF16,ND;ND,"2048,8192",DT_BF16,ND,101.56,bf16
dynamic,AI_CORE,"2048,1024;8192,1024",DT_BF16;DT_BF16,ND;ND,"2048,8192",DT_BF16,ND,112.40,bf16
dynamic,AI_CORE,"2048,2048;8192,2048",DT_BF16;DT_BF16,ND;ND,"2048,8192",DT_BF16,ND,229.64,bf16
dynamic,AI_CORE,"2048,4096;8192,4096",DT_BF16;DT_BF16,ND;ND,"2048,8192",DT_BF16,ND,454.94,bf16
dynamic,AI_CORE,"2048,7168;8192,7168",DT_BF16;DT_BF16,ND;ND,"2048,8192",DT_BF16,ND,779.07,bf16
dynamic,AI_CORE,"2048,8192;8192,8192",DT_BF16;DT_BF16,ND;ND,"2048,8192",DT_BF16,ND,919.67,bf16
dynamic,AI_CORE,"2048,12288;8192,12288",DT_BF16;DT_BF16,ND;ND,"2048,8192",DT_BF16,ND,1363.57,bf16
dynamic,AI_CORE,"2048,16384;8192,16384",DT_BF16;DT_BF16,ND;ND,"2048,8192",DT_BF16,ND,1726.46,bf16
dynamic,AI_CORE,"2048,256;12288,256",DT_BF16;DT_BF16,ND;ND,"2048,12288",DT_BF16,ND,96.06,bf16
dynamic,AI_CORE,"2048,512;12288,512",DT_BF16;DT_BF16,ND;ND,"2048,12288",DT_BF16,ND,105.49,bf16
dynamic,AI_CORE,"2048,1024;12288,1024",DT_BF16;DT_BF16,ND;ND,"2048,12288",DT_BF16,ND,161.97,bf16
dynamic,AI_CORE,"2048,2048;12288,2048",DT_BF16;DT_BF16,ND;ND,"2048,12288",DT_BF16,ND,338.15,bf16
dynamic,AI_CORE,"2048,4096;12288,4096",DT_BF16;DT_BF16,ND;ND,"2048,12288",DT_BF16,ND,693.23,bf16
dynamic,AI_CORE,"2048,7168;12288,7168",DT_BF16;DT_BF16,ND;ND,"2048,12288",DT_BF16,ND,1287.25,bf16
dynamic,AI_CORE,"2048,8192;12288,8192",DT_BF16;DT_BF16,ND;ND,"2048,12288",DT_BF16,ND,1421.14,bf16
dynamic,AI_CORE,"2048,12288;12288,12288",DT_BF16;DT_BF16,ND;ND,"2048,12288",DT_BF16,ND,2228.44,bf16
dynamic,AI_CORE,"2048,16384;12288,16384",DT_BF16;DT_BF16,ND;ND,"2048,12288",DT_BF16,ND,3280.15,bf16
dynamic,AI_CORE,"2048,256;16384,256",DT_BF16;DT_BF16,ND;ND,"2048,16384",DT_BF16,ND,107.38,bf16
dynamic,AI_CORE,"2048,512;16384,512",DT_BF16;DT_BF16,ND;ND,"2048,16384",DT_BF16,ND,107.15,bf16
dynamic,AI_CORE,"2048,1024;16384,1024",DT_BF16;DT_BF16,ND;ND,"2048,16384",DT_BF16,ND,271.34,bf16
dynamic,AI_CORE,"2048,2048;16384,2048",DT_BF16;DT_BF16,ND;ND,"2048,16384",DT_BF16,ND,410.43,bf16
dynamic,AI_CORE,"2048,4096;16384,4096",DT_BF16;DT_BF16,ND;ND,"2048,16384",DT_BF16,ND,934.95,bf16
dynamic,AI_CORE,"2048,7168;16384,7168",DT_BF16;DT_BF16,ND;ND,"2048,16384",DT_BF16,ND,1576.88,bf16
dynamic,AI_CORE,"2048,8192;16384,8192",DT_BF16;DT_BF16,ND;ND,"2048,16384",DT_BF16,ND,1837.26,bf16
dynamic,AI_CORE,"2048,12288;16384,12288",DT_BF16;DT_BF16,ND;ND,"2048,16384",DT_BF16,ND,2958.27,bf16
dynamic,AI_CORE,"2048,16384;16384,16384",DT_BF16;DT_BF16,ND;ND,"2048,16384",DT_BF16,ND,4301.75,bf16
dynamic,AI_CORE,"4096,256;256,256",DT_BF16;DT_BF16,ND;ND,"4096,256",DT_BF16,ND,93.84,bf16
dynamic,AI_CORE,"4096,512;256,512",DT_BF16;DT_BF16,ND;ND,"4096,256",DT_BF16,ND,94.38,bf16
dynamic,AI_CORE,"4096,1024;256,1024",DT_BF16;DT_BF16,ND;ND,"4096,256",DT_BF16,ND,95.32,bf16
dynamic,AI_CORE,"4096,2048;256,2048",DT_BF16;DT_BF16,ND;ND,"4096,256",DT_BF16,ND,95.84,bf16
dynamic,AI_CORE,"4096,4096;256,4096",DT_BF16;DT_BF16,ND;ND,"4096,256",DT_BF16,ND,98.50,bf16
dynamic,AI_CORE,"4096,7168;256,7168",DT_BF16;DT_BF16,ND;ND,"4096,256",DT_BF16,ND,97.77,bf16
dynamic,AI_CORE,"4096,8192;256,8192",DT_BF16;DT_BF16,ND;ND,"4096,256",DT_BF16,ND,98.24,bf16
dynamic,AI_CORE,"4096,12288;256,12288",DT_BF16;DT_BF16,ND;ND,"4096,256",DT_BF16,ND,111.95,bf16
dynamic,AI_CORE,"4096,16384;256,16384",DT_BF16;DT_BF16,ND;ND,"4096,256",DT_BF16,ND,196.30,bf16
dynamic,AI_CORE,"4096,256;512,256",DT_BF16;DT_BF16,ND;ND,"4096,512",DT_BF16,ND,99.63,bf16
dynamic,AI_CORE,"4096,512;512,512",DT_BF16;DT_BF16,ND;ND,"4096,512",DT_BF16,ND,103.80,bf16
dynamic,AI_CORE,"4096,1024;512,1024",DT_BF16;DT_BF16,ND;ND,"4096,512",DT_BF16,ND,100.61,bf16
dynamic,AI_CORE,"4096,2048;512,2048",DT_BF16;DT_BF16,ND;ND,"4096,512",DT_BF16,ND,109.54,bf16
dynamic,AI_CORE,"4096,4096;512,4096",DT_BF16;DT_BF16,ND;ND,"4096,512",DT_BF16,ND,103.64,bf16
dynamic,AI_CORE,"4096,7168;512,7168",DT_BF16;DT_BF16,ND;ND,"4096,512",DT_BF16,ND,106.61,bf16
dynamic,AI_CORE,"4096,8192;512,8192",DT_BF16;DT_BF16,ND;ND,"4096,512",DT_BF16,ND,125.97,bf16
dynamic,AI_CORE,"4096,12288;512,12288",DT_BF16;DT_BF16,ND;ND,"4096,512",DT_BF16,ND,170.28,bf16
dynamic,AI_CORE,"4096,16384;512,16384",DT_BF16;DT_BF16,ND;ND,"4096,512",DT_BF16,ND,338.73,bf16
dynamic,AI_CORE,"4096,256;1024,256",DT_BF16;DT_BF16,ND;ND,"4096,1024",DT_BF16,ND,105.53,bf16
dynamic,AI_CORE,"4096,512;1024,512",DT_BF16;DT_BF16,ND;ND,"4096,1024",DT_BF16,ND,104.23,bf16
dynamic,AI_CORE,"4096,1024;1024,1024",DT_BF16;DT_BF16,ND;ND,"4096,1024",DT_BF16,ND,104.13,bf16
dynamic,AI_CORE,"4096,2048;1024,2048",DT_BF16;DT_BF16,ND;ND,"4096,1024",DT_BF16,ND,103.38,bf16
dynamic,AI_CORE,"4096,4096;1024,4096",DT_BF16;DT_BF16,ND;ND,"4096,1024",DT_BF16,ND,128.70,bf16
dynamic,AI_CORE,"4096,7168;1024,7168",DT_BF16;DT_BF16,ND;ND,"4096,1024",DT_BF16,ND,201.91,bf16
dynamic,AI_CORE,"4096,8192;1024,8192",DT_BF16;DT_BF16,ND;ND,"4096,1024",DT_BF16,ND,258.93,bf16
dynamic,AI_CORE,"4096,12288;1024,12288",DT_BF16;DT_BF16,ND;ND,"4096,1024",DT_BF16,ND,348.39,bf16
dynamic,AI_CORE,"4096,16384;1024,16384",DT_BF16;DT_BF16,ND;ND,"4096,1024",DT_BF16,ND,616.19,bf16
dynamic,AI_CORE,"4096,256;2048,256",DT_BF16;DT_BF16,ND;ND,"4096,2048",DT_BF16,ND,100.74,bf16
dynamic,AI_CORE,"4096,512;2048,512",DT_BF16;DT_BF16,ND;ND,"4096,2048",DT_BF16,ND,101.16,bf16
dynamic,AI_CORE,"4096,1024;2048,1024",DT_BF16;DT_BF16,ND;ND,"4096,2048",DT_BF16,ND,100.65,bf16
dynamic,AI_CORE,"4096,2048;2048,2048",DT_BF16;DT_BF16,ND;ND,"4096,2048",DT_BF16,ND,119.17,bf16
dynamic,AI_CORE,"4096,4096;2048,4096",DT_BF16;DT_BF16,ND;ND,"4096,2048",DT_BF16,ND,230.92,bf16
dynamic,AI_CORE,"4096,7168;2048,7168",DT_BF16;DT_BF16,ND;ND,"4096,2048",DT_BF16,ND,387.00,bf16
dynamic,AI_CORE,"4096,8192;2048,8192",DT_BF16;DT_BF16,ND;ND,"4096,2048",DT_BF16,ND,496.64,bf16
dynamic,AI_CORE,"4096,12288;2048,12288",DT_BF16;DT_BF16,ND;ND,"4096,2048",DT_BF16,ND,668.47,bf16
dynamic,AI_CORE,"4096,16384;2048,16384",DT_BF16;DT_BF16,ND;ND,"4096,2048",DT_BF16,ND,1106.59,bf16
dynamic,AI_CORE,"4096,256;4096,256",DT_BF16;DT_BF16,ND;ND,"4096,4096",DT_BF16,ND,100.33,bf16
dynamic,AI_CORE,"4096,512;4096,512",DT_BF16;DT_BF16,ND;ND,"4096,4096",DT_BF16,ND,101.73,bf16
dynamic,AI_CORE,"4096,1024;4096,1024",DT_BF16;DT_BF16,ND;ND,"4096,4096",DT_BF16,ND,112.36,bf16
dynamic,AI_CORE,"4096,2048;4096,2048",DT_BF16;DT_BF16,ND;ND,"4096,4096",DT_BF16,ND,216.21,bf16
dynamic,AI_CORE,"4096,4096;4096,4096",DT_BF16;DT_BF16,ND;ND,"4096,4096",DT_BF16,ND,440.51,bf16
dynamic,AI_CORE,"4096,7168;4096,7168",DT_BF16;DT_BF16,ND;ND,"4096,4096",DT_BF16,ND,755.71,bf16
dynamic,AI_CORE,"4096,8192;4096,8192",DT_BF16;DT_BF16,ND;ND,"4096,4096",DT_BF16,ND,909.82,bf16
dynamic,AI_CORE,"4096,12288;4096,12288",DT_BF16;DT_BF16,ND;ND,"4096,4096",DT_BF16,ND,1315.77,bf16
dynamic,AI_CORE,"4096,16384;4096,16384",DT_BF16;DT_BF16,ND;ND,"4096,4096",DT_BF16,ND,1849.07,bf16
dynamic,AI_CORE,"4096,256;7168,256",DT_BF16;DT_BF16,ND;ND,"4096,7168",DT_BF16,ND,102.80,bf16
dynamic,AI_CORE,"4096,512;7168,512",DT_BF16;DT_BF16,ND;ND,"4096,7168",DT_BF16,ND,104.22,bf16
dynamic,AI_CORE,"4096,1024;7168,1024",DT_BF16;DT_BF16,ND;ND,"4096,7168",DT_BF16,ND,187.97,bf16
dynamic,AI_CORE,"4096,2048;7168,2048",DT_BF16;DT_BF16,ND;ND,"4096,7168",DT_BF16,ND,380.48,bf16
dynamic,AI_CORE,"4096,4096;7168,4096",DT_BF16;DT_BF16,ND;ND,"4096,7168",DT_BF16,ND,756.46,bf16
dynamic,AI_CORE,"4096,7168;7168,7168",DT_BF16;DT_BF16,ND;ND,"4096,7168",DT_BF16,ND,1341.61,bf16
dynamic,AI_CORE,"4096,8192;7168,8192",DT_BF16;DT_BF16,ND;ND,"4096,7168",DT_BF16,ND,1617.86,bf16
dynamic,AI_CORE,"4096,12288;7168,12288",DT_BF16;DT_BF16,ND;ND,"4096,7168",DT_BF16,ND,2414.66,bf16
dynamic,AI_CORE,"4096,16384;7168,16384",DT_BF16;DT_BF16,ND;ND,"4096,7168",DT_BF16,ND,3432.23,bf16
dynamic,AI_CORE,"4096,256;8192,256",DT_BF16;DT_BF16,ND;ND,"4096,8192",DT_BF16,ND,96.28,bf16
dynamic,AI_CORE,"4096,512;8192,512",DT_BF16;DT_BF16,ND;ND,"4096,8192",DT_BF16,ND,114.81,bf16
dynamic,AI_CORE,"4096,1024;8192,1024",DT_BF16;DT_BF16,ND;ND,"4096,8192",DT_BF16,ND,212.24,bf16
dynamic,AI_CORE,"4096,2048;8192,2048",DT_BF16;DT_BF16,ND;ND,"4096,8192",DT_BF16,ND,427.95,bf16
dynamic,AI_CORE,"4096,4096;8192,4096",DT_BF16;DT_BF16,ND;ND,"4096,8192",DT_BF16,ND,855.95,bf16
dynamic,AI_CORE,"4096,7168;8192,7168",DT_BF16;DT_BF16,ND;ND,"4096,8192",DT_BF16,ND,1578.40,bf16
dynamic,AI_CORE,"4096,8192;8192,8192",DT_BF16;DT_BF16,ND;ND,"4096,8192",DT_BF16,ND,1860.37,bf16
dynamic,AI_CORE,"4096,12288;8192,12288",DT_BF16;DT_BF16,ND;ND,"4096,8192",DT_BF16,ND,2624.17,bf16
dynamic,AI_CORE,"4096,16384;8192,16384",DT_BF16;DT_BF16,ND;ND,"4096,8192",DT_BF16,ND,3888.29,bf16
dynamic,AI_CORE,"4096,256;12288,256",DT_BF16;DT_BF16,ND;ND,"4096,12288",DT_BF16,ND,101.10,bf16
dynamic,AI_CORE,"4096,512;12288,512",DT_BF16;DT_BF16,ND;ND,"4096,12288",DT_BF16,ND,164.25,bf16
dynamic,AI_CORE,"4096,1024;12288,1024",DT_BF16;DT_BF16,ND;ND,"4096,12288",DT_BF16,ND,312.22,bf16
dynamic,AI_CORE,"4096,2048;12288,2048",DT_BF16;DT_BF16,ND;ND,"4096,12288",DT_BF16,ND,617.25,bf16
dynamic,AI_CORE,"4096,4096;12288,4096",DT_BF16;DT_BF16,ND;ND,"4096,12288",DT_BF16,ND,1368.33,bf16
dynamic,AI_CORE,"4096,7168;12288,7168",DT_BF16;DT_BF16,ND;ND,"4096,12288",DT_BF16,ND,2522.58,bf16
dynamic,AI_CORE,"4096,8192;12288,8192",DT_BF16;DT_BF16,ND;ND,"4096,12288",DT_BF16,ND,2784.08,bf16
dynamic,AI_CORE,"4096,12288;12288,12288",DT_BF16;DT_BF16,ND;ND,"4096,12288",DT_BF16,ND,4345.86,bf16
dynamic,AI_CORE,"4096,16384;12288,16384",DT_BF16;DT_BF16,ND;ND,"4096,12288",DT_BF16,ND,5814.10,bf16
dynamic,AI_CORE,"4096,256;16384,256",DT_BF16;DT_BF16,ND;ND,"4096,16384",DT_BF16,ND,122.66,bf16
dynamic,AI_CORE,"4096,512;16384,512",DT_BF16;DT_BF16,ND;ND,"4096,16384",DT_BF16,ND,222.54,bf16
dynamic,AI_CORE,"4096,1024;16384,1024",DT_BF16;DT_BF16,ND;ND,"4096,16384",DT_BF16,ND,434.67,bf16
dynamic,AI_CORE,"4096,2048;16384,2048",DT_BF16;DT_BF16,ND;ND,"4096,16384",DT_BF16,ND,893.45,bf16
dynamic,AI_CORE,"4096,4096;16384,4096",DT_BF16;DT_BF16,ND;ND,"4096,16384",DT_BF16,ND,1819.46,bf16
dynamic,AI_CORE,"4096,7168;16384,7168",DT_BF16;DT_BF16,ND;ND,"4096,16384",DT_BF16,ND,3110.32,bf16
dynamic,AI_CORE,"4096,8192;16384,8192",DT_BF16;DT_BF16,ND;ND,"4096,16384",DT_BF16,ND,3615.70,bf16
dynamic,AI_CORE,"4096,12288;16384,12288",DT_BF16;DT_BF16,ND;ND,"4096,16384",DT_BF16,ND,5735.76,bf16
dynamic,AI_CORE,"4096,16384;16384,16384",DT_BF16;DT_BF16,ND;ND,"4096,16384",DT_BF16,ND,7803.27,bf16
dynamic,AI_CORE,"8192,256;256,256",DT_BF16;DT_BF16,ND;ND,"8192,256",DT_BF16,ND,97.52,bf16
dynamic,AI_CORE,"8192,512;256,512",DT_BF16;DT_BF16,ND;ND,"8192,256",DT_BF16,ND,98.86,bf16
dynamic,AI_CORE,"8192,1024;256,1024",DT_BF16;DT_BF16,ND;ND,"8192,256",DT_BF16,ND,99.00,bf16
dynamic,AI_CORE,"8192,2048;256,2048",DT_BF16;DT_BF16,ND;ND,"8192,256",DT_BF16,ND,100.02,bf16
dynamic,AI_CORE,"8192,4096;256,4096",DT_BF16;DT_BF16,ND;ND,"8192,256",DT_BF16,ND,100.12,bf16
dynamic,AI_CORE,"8192,7168;256,7168",DT_BF16;DT_BF16,ND;ND,"8192,256",DT_BF16,ND,128.22,bf16
dynamic,AI_CORE,"8192,8192;256,8192",DT_BF16;DT_BF16,ND;ND,"8192,256",DT_BF16,ND,161.33,bf16
dynamic,AI_CORE,"8192,12288;256,12288",DT_BF16;DT_BF16,ND;ND,"8192,256",DT_BF16,ND,279.09,bf16
dynamic,AI_CORE,"8192,16384;256,16384",DT_BF16;DT_BF16,ND;ND,"8192,256",DT_BF16,ND,459.49,bf16
dynamic,AI_CORE,"8192,256;512,256",DT_BF16;DT_BF16,ND;ND,"8192,512",DT_BF16,ND,111.85,bf16
dynamic,AI_CORE,"8192,512;512,512",DT_BF16;DT_BF16,ND;ND,"8192,512",DT_BF16,ND,109.85,bf16
dynamic,AI_CORE,"8192,1024;512,1024",DT_BF16;DT_BF16,ND;ND,"8192,512",DT_BF16,ND,98.19,bf16
dynamic,AI_CORE,"8192,2048;512,2048",DT_BF16;DT_BF16,ND;ND,"8192,512",DT_BF16,ND,96.65,bf16
dynamic,AI_CORE,"8192,4096;512,4096",DT_BF16;DT_BF16,ND;ND,"8192,512",DT_BF16,ND,115.52,bf16
dynamic,AI_CORE,"8192,7168;512,7168",DT_BF16;DT_BF16,ND;ND,"8192,512",DT_BF16,ND,186.20,bf16
dynamic,AI_CORE,"8192,8192;512,8192",DT_BF16;DT_BF16,ND;ND,"8192,512",DT_BF16,ND,242.91,bf16
dynamic,AI_CORE,"8192,12288;512,12288",DT_BF16;DT_BF16,ND;ND,"8192,512",DT_BF16,ND,459.88,bf16
dynamic,AI_CORE,"8192,16384;512,16384",DT_BF16;DT_BF16,ND;ND,"8192,512",DT_BF16,ND,756.94,bf16
dynamic,AI_CORE,"8192,256;1024,256",DT_BF16;DT_BF16,ND;ND,"8192,1024",DT_BF16,ND,95.71,bf16
dynamic,AI_CORE,"8192,512;1024,512",DT_BF16;DT_BF16,ND;ND,"8192,1024",DT_BF16,ND,98.33,bf16
dynamic,AI_CORE,"8192,1024;1024,1024",DT_BF16;DT_BF16,ND;ND,"8192,1024",DT_BF16,ND,99.55,bf16
dynamic,AI_CORE,"8192,2048;1024,2048",DT_BF16;DT_BF16,ND;ND,"8192,1024",DT_BF16,ND,118.30,bf16
dynamic,AI_CORE,"8192,4096;1024,4096",DT_BF16;DT_BF16,ND;ND,"8192,1024",DT_BF16,ND,236.42,bf16
dynamic,AI_CORE,"8192,7168;1024,7168",DT_BF16;DT_BF16,ND;ND,"8192,1024",DT_BF16,ND,380.84,bf16
dynamic,AI_CORE,"8192,8192;1024,8192",DT_BF16;DT_BF16,ND;ND,"8192,1024",DT_BF16,ND,499.19,bf16
dynamic,AI_CORE,"8192,12288;1024,12288",DT_BF16;DT_BF16,ND;ND,"8192,1024",DT_BF16,ND,698.58,bf16
dynamic,AI_CORE,"8192,16384;1024,16384",DT_BF16;DT_BF16,ND;ND,"8192,1024",DT_BF16,ND,1223.87,bf16
dynamic,AI_CORE,"8192,256;2048,256",DT_BF16;DT_BF16,ND;ND,"8192,2048",DT_BF16,ND,98.77,bf16
dynamic,AI_CORE,"8192,512;2048,512",DT_BF16;DT_BF16,ND;ND,"8192,2048",DT_BF16,ND,100.16,bf16
dynamic,AI_CORE,"8192,1024;2048,1024",DT_BF16;DT_BF16,ND;ND,"8192,2048",DT_BF16,ND,124.31,bf16
dynamic,AI_CORE,"8192,2048;2048,2048",DT_BF16;DT_BF16,ND;ND,"8192,2048",DT_BF16,ND,228.79,bf16
dynamic,AI_CORE,"8192,4096;2048,4096",DT_BF16;DT_BF16,ND;ND,"8192,2048",DT_BF16,ND,459.07,bf16
dynamic,AI_CORE,"8192,7168;2048,7168",DT_BF16;DT_BF16,ND;ND,"8192,2048",DT_BF16,ND,760.06,bf16
dynamic,AI_CORE,"8192,8192;2048,8192",DT_BF16;DT_BF16,ND;ND,"8192,2048",DT_BF16,ND,970.44,bf16
dynamic,AI_CORE,"8192,12288;2048,12288",DT_BF16;DT_BF16,ND;ND,"8192,2048",DT_BF16,ND,1336.02,bf16
dynamic,AI_CORE,"8192,16384;2048,16384",DT_BF16;DT_BF16,ND;ND,"8192,2048",DT_BF16,ND,1865.47,bf16
dynamic,AI_CORE,"8192,256;4096,256",DT_BF16;DT_BF16,ND;ND,"8192,4096",DT_BF16,ND,96.56,bf16
dynamic,AI_CORE,"8192,512;4096,512",DT_BF16;DT_BF16,ND;ND,"8192,4096",DT_BF16,ND,105.74,bf16
dynamic,AI_CORE,"8192,1024;4096,1024",DT_BF16;DT_BF16,ND;ND,"8192,4096",DT_BF16,ND,213.07,bf16
dynamic,AI_CORE,"8192,2048;4096,2048",DT_BF16;DT_BF16,ND;ND,"8192,4096",DT_BF16,ND,421.22,bf16
dynamic,AI_CORE,"8192,4096;4096,4096",DT_BF16;DT_BF16,ND;ND,"8192,4096",DT_BF16,ND,854.54,bf16
dynamic,AI_CORE,"8192,7168;4096,7168",DT_BF16;DT_BF16,ND;ND,"8192,4096",DT_BF16,ND,1541.57,bf16
dynamic,AI_CORE,"8192,8192;4096,8192",DT_BF16;DT_BF16,ND;ND,"8192,4096",DT_BF16,ND,1807.75,bf16
dynamic,AI_CORE,"8192,12288;4096,12288",DT_BF16;DT_BF16,ND;ND,"8192,4096",DT_BF16,ND,2616.08,bf16
dynamic,AI_CORE,"8192,16384;4096,16384",DT_BF16;DT_BF16,ND;ND,"8192,4096",DT_BF16,ND,3876.31,bf16
dynamic,AI_CORE,"8192,256;7168,256",DT_BF16;DT_BF16,ND;ND,"8192,7168",DT_BF16,ND,109.91,bf16
dynamic,AI_CORE,"8192,512;7168,512",DT_BF16;DT_BF16,ND;ND,"8192,7168",DT_BF16,ND,194.38,bf16
dynamic,AI_CORE,"8192,1024;7168,1024",DT_BF16;DT_BF16,ND;ND,"8192,7168",DT_BF16,ND,369.92,bf16
dynamic,AI_CORE,"8192,2048;7168,2048",DT_BF16;DT_BF16,ND;ND,"8192,7168",DT_BF16,ND,754.15,bf16
dynamic,AI_CORE,"8192,4096;7168,4096",DT_BF16;DT_BF16,ND;ND,"8192,7168",DT_BF16,ND,1552.92,bf16
dynamic,AI_CORE,"8192,7168;7168,7168",DT_BF16;DT_BF16,ND;ND,"8192,7168",DT_BF16,ND,2693.50,bf16
dynamic,AI_CORE,"8192,8192;7168,8192",DT_BF16;DT_BF16,ND;ND,"8192,7168",DT_BF16,ND,3173.21,bf16
dynamic,AI_CORE,"8192,12288;7168,12288",DT_BF16;DT_BF16,ND;ND,"8192,7168",DT_BF16,ND,4796.96,bf16
dynamic,AI_CORE,"8192,16384;7168,16384",DT_BF16;DT_BF16,ND;ND,"8192,7168",DT_BF16,ND,6023.35,bf16
dynamic,AI_CORE,"8192,256;8192,256",DT_BF16;DT_BF16,ND;ND,"8192,8192",DT_BF16,ND,112.14,bf16
dynamic,AI_CORE,"8192,512;8192,512",DT_BF16;DT_BF16,ND;ND,"8192,8192",DT_BF16,ND,211.01,bf16
dynamic,AI_CORE,"8192,1024;8192,1024",DT_BF16;DT_BF16,ND;ND,"8192,8192",DT_BF16,ND,422.19,bf16
dynamic,AI_CORE,"8192,2048;8192,2048",DT_BF16;DT_BF16,ND;ND,"8192,8192",DT_BF16,ND,841.78,bf16
dynamic,AI_CORE,"8192,4096;8192,4096",DT_BF16;DT_BF16,ND;ND,"8192,8192",DT_BF16,ND,1762.68,bf16
dynamic,AI_CORE,"8192,7168;8192,7168",DT_BF16;DT_BF16,ND;ND,"8192,8192",DT_BF16,ND,3034.06,bf16
dynamic,AI_CORE,"8192,8192;8192,8192",DT_BF16;DT_BF16,ND;ND,"8192,8192",DT_BF16,ND,3588.98,bf16
dynamic,AI_CORE,"8192,12288;8192,12288",DT_BF16;DT_BF16,ND;ND,"8192,8192",DT_BF16,ND,5152.30,bf16
dynamic,AI_CORE,"8192,16384;8192,16384",DT_BF16;DT_BF16,ND;ND,"8192,8192",DT_BF16,ND,7147.82,bf16
dynamic,AI_CORE,"8192,256;12288,256",DT_BF16;DT_BF16,ND;ND,"8192,12288",DT_BF16,ND,171.84,bf16
dynamic,AI_CORE,"8192,512;12288,512",DT_BF16;DT_BF16,ND;ND,"8192,12288",DT_BF16,ND,335.09,bf16
dynamic,AI_CORE,"8192,1024;12288,1024",DT_BF16;DT_BF16,ND;ND,"8192,12288",DT_BF16,ND,661.10,bf16
dynamic,AI_CORE,"8192,2048;12288,2048",DT_BF16;DT_BF16,ND;ND,"8192,12288",DT_BF16,ND,1324.43,bf16
dynamic,AI_CORE,"8192,4096;12288,4096",DT_BF16;DT_BF16,ND;ND,"8192,12288",DT_BF16,ND,2639.63,bf16
dynamic,AI_CORE,"8192,7168;12288,7168",DT_BF16;DT_BF16,ND;ND,"8192,12288",DT_BF16,ND,4912.60,bf16
dynamic,AI_CORE,"8192,8192;12288,8192",DT_BF16;DT_BF16,ND;ND,"8192,12288",DT_BF16,ND,5410.85,bf16
dynamic,AI_CORE,"8192,12288;12288,12288",DT_BF16;DT_BF16,ND;ND,"8192,12288",DT_BF16,ND,8607.11,bf16
dynamic,AI_CORE,"8192,16384;12288,16384",DT_BF16;DT_BF16,ND;ND,"8192,12288",DT_BF16,ND,12854.27,bf16
dynamic,AI_CORE,"8192,256;16384,256",DT_BF16;DT_BF16,ND;ND,"8192,16384",DT_BF16,ND,326.97,bf16
dynamic,AI_CORE,"8192,512;16384,512",DT_BF16;DT_BF16,ND;ND,"8192,16384",DT_BF16,ND,483.01,bf16
dynamic,AI_CORE,"8192,1024;16384,1024",DT_BF16;DT_BF16,ND;ND,"8192,16384",DT_BF16,ND,899.31,bf16
dynamic,AI_CORE,"8192,2048;16384,2048",DT_BF16;DT_BF16,ND;ND,"8192,16384",DT_BF16,ND,1755.65,bf16
dynamic,AI_CORE,"8192,4096;16384,4096",DT_BF16;DT_BF16,ND;ND,"8192,16384",DT_BF16,ND,3572.04,bf16
dynamic,AI_CORE,"8192,7168;16384,7168",DT_BF16;DT_BF16,ND;ND,"8192,16384",DT_BF16,ND,6189.86,bf16
dynamic,AI_CORE,"8192,8192;16384,8192",DT_BF16;DT_BF16,ND;ND,"8192,16384",DT_BF16,ND,7198.44,bf16
dynamic,AI_CORE,"8192,12288;16384,12288",DT_BF16;DT_BF16,ND;ND,"8192,16384",DT_BF16,ND,11332.15,bf16
dynamic,AI_CORE,"8192,16384;16384,16384",DT_BF16;DT_BF16,ND;ND,"8192,16384",DT_BF16,ND,16917.56,bf16
dynamic,AI_CORE,"16384,256;256,256",DT_BF16;DT_BF16,ND;ND,"16384,256",DT_BF16,ND,95.09,bf16
dynamic,AI_CORE,"16384,512;256,512",DT_BF16;DT_BF16,ND;ND,"16384,256",DT_BF16,ND,94.68,bf16
dynamic,AI_CORE,"16384,1024;256,1024",DT_BF16;DT_BF16,ND;ND,"16384,256",DT_BF16,ND,95.23,bf16
dynamic,AI_CORE,"16384,2048;256,2048",DT_BF16;DT_BF16,ND;ND,"16384,256",DT_BF16,ND,97.73,bf16
dynamic,AI_CORE,"16384,4096;256,4096",DT_BF16;DT_BF16,ND;ND,"16384,256",DT_BF16,ND,140.96,bf16
dynamic,AI_CORE,"16384,7168;256,7168",DT_BF16;DT_BF16,ND;ND,"16384,256",DT_BF16,ND,347.04,bf16
dynamic,AI_CORE,"16384,8192;256,8192",DT_BF16;DT_BF16,ND;ND,"16384,256",DT_BF16,ND,401.58,bf16
dynamic,AI_CORE,"16384,12288;256,12288",DT_BF16;DT_BF16,ND;ND,"16384,256",DT_BF16,ND,602.02,bf16
dynamic,AI_CORE,"16384,16384;256,16384",DT_BF16;DT_BF16,ND;ND,"16384,256",DT_BF16,ND,919.19,bf16
dynamic,AI_CORE,"16384,256;512,256",DT_BF16;DT_BF16,ND;ND,"16384,512",DT_BF16,ND,95.42,bf16
dynamic,AI_CORE,"16384,512;512,512",DT_BF16;DT_BF16,ND;ND,"16384,512",DT_BF16,ND,99.15,bf16
dynamic,AI_CORE,"16384,1024;512,1024",DT_BF16;DT_BF16,ND;ND,"16384,512",DT_BF16,ND,99.56,bf16
dynamic,AI_CORE,"16384,2048;512,2048",DT_BF16;DT_BF16,ND;ND,"16384,512",DT_BF16,ND,106.54,bf16
dynamic,AI_CORE,"16384,4096;512,4096",DT_BF16;DT_BF16,ND;ND,"16384,512",DT_BF16,ND,215.13,bf16
dynamic,AI_CORE,"16384,7168;512,7168",DT_BF16;DT_BF16,ND;ND,"16384,512",DT_BF16,ND,550.58,bf16
dynamic,AI_CORE,"16384,8192;512,8192",DT_BF16;DT_BF16,ND;ND,"16384,512",DT_BF16,ND,551.13,bf16
dynamic,AI_CORE,"16384,12288;512,12288",DT_BF16;DT_BF16,ND;ND,"16384,512",DT_BF16,ND,831.94,bf16
dynamic,AI_CORE,"16384,16384;512,16384",DT_BF16;DT_BF16,ND;ND,"16384,512",DT_BF16,ND,1227.17,bf16
dynamic,AI_CORE,"16384,256;1024,256",DT_BF16;DT_BF16,ND;ND,"16384,1024",DT_BF16,ND,94.38,bf16
dynamic,AI_CORE,"16384,512;1024,512",DT_BF16;DT_BF16,ND;ND,"16384,1024",DT_BF16,ND,94.85,bf16
dynamic,AI_CORE,"16384,1024;1024,1024",DT_BF16;DT_BF16,ND;ND,"16384,1024",DT_BF16,ND,108.83,bf16
dynamic,AI_CORE,"16384,2048;1024,2048",DT_BF16;DT_BF16,ND;ND,"16384,1024",DT_BF16,ND,208.22,bf16
dynamic,AI_CORE,"16384,4096;1024,4096",DT_BF16;DT_BF16,ND;ND,"16384,1024",DT_BF16,ND,468.27,bf16
dynamic,AI_CORE,"16384,7168;1024,7168",DT_BF16;DT_BF16,ND;ND,"16384,1024",DT_BF16,ND,855.20,bf16
dynamic,AI_CORE,"16384,8192;1024,8192",DT_BF16;DT_BF16,ND;ND,"16384,1024",DT_BF16,ND,1022.43,bf16
dynamic,AI_CORE,"16384,12288;1024,12288",DT_BF16;DT_BF16,ND;ND,"16384,1024",DT_BF16,ND,1480.08,bf16
dynamic,AI_CORE,"16384,16384;1024,16384",DT_BF16;DT_BF16,ND;ND,"16384,1024",DT_BF16,ND,2359.57,bf16
dynamic,AI_CORE,"16384,256;2048,256",DT_BF16;DT_BF16,ND;ND,"16384,2048",DT_BF16,ND,95.78,bf16
dynamic,AI_CORE,"16384,512;2048,512",DT_BF16;DT_BF16,ND;ND,"16384,2048",DT_BF16,ND,116.73,bf16
dynamic,AI_CORE,"16384,1024;2048,1024",DT_BF16;DT_BF16,ND;ND,"16384,2048",DT_BF16,ND,372.51,bf16
dynamic,AI_CORE,"16384,2048;2048,2048",DT_BF16;DT_BF16,ND;ND,"16384,2048",DT_BF16,ND,413.19,bf16
dynamic,AI_CORE,"16384,4096;2048,4096",DT_BF16;DT_BF16,ND;ND,"16384,2048",DT_BF16,ND,929.44,bf16
dynamic,AI_CORE,"16384,7168;2048,7168",DT_BF16;DT_BF16,ND;ND,"16384,2048",DT_BF16,ND,1645.08,bf16
dynamic,AI_CORE,"16384,8192;2048,8192",DT_BF16;DT_BF16,ND;ND,"16384,2048",DT_BF16,ND,1947.61,bf16
dynamic,AI_CORE,"16384,12288;2048,12288",DT_BF16;DT_BF16,ND;ND,"16384,2048",DT_BF16,ND,2805.66,bf16
dynamic,AI_CORE,"16384,16384;2048,16384",DT_BF16;DT_BF16,ND;ND,"16384,2048",DT_BF16,ND,4491.75,bf16
dynamic,AI_CORE,"16384,256;4096,256",DT_BF16;DT_BF16,ND;ND,"16384,4096",DT_BF16,ND,112.84,bf16
dynamic,AI_CORE,"16384,512;4096,512",DT_BF16;DT_BF16,ND;ND,"16384,4096",DT_BF16,ND,214.64,bf16
dynamic,AI_CORE,"16384,1024;4096,1024",DT_BF16;DT_BF16,ND;ND,"16384,4096",DT_BF16,ND,420.77,bf16
dynamic,AI_CORE,"16384,2048;4096,2048",DT_BF16;DT_BF16,ND;ND,"16384,4096",DT_BF16,ND,854.18,bf16
dynamic,AI_CORE,"16384,4096;4096,4096",DT_BF16;DT_BF16,ND;ND,"16384,4096",DT_BF16,ND,1743.98,bf16
dynamic,AI_CORE,"16384,7168;4096,7168",DT_BF16;DT_BF16,ND;ND,"16384,4096",DT_BF16,ND,3050.26,bf16
dynamic,AI_CORE,"16384,8192;4096,8192",DT_BF16;DT_BF16,ND;ND,"16384,4096",DT_BF16,ND,3537.36,bf16
dynamic,AI_CORE,"16384,12288;4096,12288",DT_BF16;DT_BF16,ND;ND,"16384,4096",DT_BF16,ND,5124.98,bf16
dynamic,AI_CORE,"16384,16384;4096,16384",DT_BF16;DT_BF16,ND;ND,"16384,4096",DT_BF16,ND,8621.27,bf16
dynamic,AI_CORE,"16384,256;7168,256",DT_BF16;DT_BF16,ND;ND,"16384,7168",DT_BF16,ND,231.76,bf16
dynamic,AI_CORE,"16384,512;7168,512",DT_BF16;DT_BF16,ND;ND,"16384,7168",DT_BF16,ND,400.01,bf16
dynamic,AI_CORE,"16384,1024;7168,1024",DT_BF16;DT_BF16,ND;ND,"16384,7168",DT_BF16,ND,770.93,bf16
dynamic,AI_CORE,"16384,2048;7168,2048",DT_BF16;DT_BF16,ND;ND,"16384,7168",DT_BF16,ND,1523.22,bf16
dynamic,AI_CORE,"16384,4096;7168,4096",DT_BF16;DT_BF16,ND;ND,"16384,7168",DT_BF16,ND,3005.96,bf16
dynamic,AI_CORE,"16384,7168;7168,7168",DT_BF16;DT_BF16,ND;ND,"16384,7168",DT_BF16,ND,5293.43,bf16
dynamic,AI_CORE,"16384,8192;7168,8192",DT_BF16;DT_BF16,ND;ND,"16384,7168",DT_BF16,ND,6289.50,bf16
dynamic,AI_CORE,"16384,12288;7168,12288",DT_BF16;DT_BF16,ND;ND,"16384,7168",DT_BF16,ND,9591.30,bf16
dynamic,AI_CORE,"16384,16384;7168,16384",DT_BF16;DT_BF16,ND;ND,"16384,7168",DT_BF16,ND,15133.30,bf16
dynamic,AI_CORE,"16384,256;8192,256",DT_BF16;DT_BF16,ND;ND,"16384,8192",DT_BF16,ND,276.33,bf16
dynamic,AI_CORE,"16384,512;8192,512",DT_BF16;DT_BF16,ND;ND,"16384,8192",DT_BF16,ND,452.75,bf16
dynamic,AI_CORE,"16384,1024;8192,1024",DT_BF16;DT_BF16,ND;ND,"16384,8192",DT_BF16,ND,872.08,bf16
dynamic,AI_CORE,"16384,2048;8192,2048",DT_BF16;DT_BF16,ND;ND,"16384,8192",DT_BF16,ND,1710.18,bf16
dynamic,AI_CORE,"16384,4096;8192,4096",DT_BF16;DT_BF16,ND;ND,"16384,8192",DT_BF16,ND,3376.64,bf16
dynamic,AI_CORE,"16384,7168;8192,7168",DT_BF16;DT_BF16,ND;ND,"16384,8192",DT_BF16,ND,6004.08,bf16
dynamic,AI_CORE,"16384,8192;8192,8192",DT_BF16;DT_BF16,ND;ND,"16384,8192",DT_BF16,ND,7072.52,bf16
dynamic,AI_CORE,"16384,12288;8192,12288",DT_BF16;DT_BF16,ND;ND,"16384,8192",DT_BF16,ND,10231.92,bf16
dynamic,AI_CORE,"16384,16384;8192,16384",DT_BF16;DT_BF16,ND;ND,"16384,8192",DT_BF16,ND,16803.43,bf16
dynamic,AI_CORE,"16384,256;12288,256",DT_BF16;DT_BF16,ND;ND,"16384,12288",DT_BF16,ND,386.93,bf16
dynamic,AI_CORE,"16384,512;12288,512",DT_BF16;DT_BF16,ND;ND,"16384,12288",DT_BF16,ND,664.36,bf16
dynamic,AI_CORE,"16384,1024;12288,1024",DT_BF16;DT_BF16,ND;ND,"16384,12288",DT_BF16,ND,1307.78,bf16
dynamic,AI_CORE,"16384,2048;12288,2048",DT_BF16;DT_BF16,ND;ND,"16384,12288",DT_BF16,ND,2590.37,bf16
dynamic,AI_CORE,"16384,4096;12288,4096",DT_BF16;DT_BF16,ND;ND,"16384,12288",DT_BF16,ND,5183.54,bf16
dynamic,AI_CORE,"16384,7168;12288,7168",DT_BF16;DT_BF16,ND;ND,"16384,12288",DT_BF16,ND,9815.28,bf16
dynamic,AI_CORE,"16384,8192;12288,8192",DT_BF16;DT_BF16,ND;ND,"16384,12288",DT_BF16,ND,10992.99,bf16
dynamic,AI_CORE,"16384,12288;12288,12288",DT_BF16;DT_BF16,ND;ND,"16384,12288",DT_BF16,ND,17049.07,bf16
dynamic,AI_CORE,"16384,16384;12288,16384",DT_BF16;DT_BF16,ND;ND,"16384,12288",DT_BF16,ND,30129.91,bf16
dynamic,AI_CORE,"16384,256;16384,256",DT_BF16;DT_BF16,ND;ND,"16384,16384",DT_BF16,ND,649.83,bf16
dynamic,AI_CORE,"16384,512;16384,512",DT_BF16;DT_BF16,ND;ND,"16384,16384",DT_BF16,ND,956.74,bf16
dynamic,AI_CORE,"16384,1024;16384,1024",DT_BF16;DT_BF16,ND;ND,"16384,16384",DT_BF16,ND,1748.90,bf16
dynamic,AI_CORE,"16384,2048;16384,2048",DT_BF16;DT_BF16,ND;ND,"16384,16384",DT_BF16,ND,3459.52,bf16
dynamic,AI_CORE,"16384,4096;16384,4096",DT_BF16;DT_BF16,ND;ND,"16384,16384",DT_BF16,ND,7134.80,bf16
dynamic,AI_CORE,"16384,7168;16384,7168",DT_BF16;DT_BF16,ND;ND,"16384,16384",DT_BF16,ND,12119.67,bf16
dynamic,AI_CORE,"16384,8192;16384,8192",DT_BF16;DT_BF16,ND;ND,"16384,16384",DT_BF16,ND,14107.07,bf16
dynamic,AI_CORE,"16384,12288;16384,12288",DT_BF16;DT_BF16,ND;ND,"16384,16384",DT_BF16,ND,22694.82,bf16
dynamic,AI_CORE,"16384,16384;16384,16384",DT_BF16;DT_BF16,ND;ND,"16384,16384",DT_BF16,ND,34069.09,bf16
