OP State,Accelerator Core,Input Shapes,Input Data Types,Input Formats,Output Shapes,Output Data Types,Output Formats,Average Duration(us),Quant Type
dynamic,MIX_AIC,"1,256;256,256",INT8;INT8,ND;ND,"1,256",DT_BF16,ND,89.68,w8a8_dynamic
dynamic,MIX_AIC,"1,512;256,512",INT8;INT8,ND;ND,"1,256",DT_BF16,ND,95.84,w8a8_dynamic
dynamic,MIX_AIC,"1,1024;256,1024",INT8;INT8,ND;ND,"1,256",DT_BF16,ND,98.59,w8a8_dynamic
dynamic,MIX_AIC,"1,2048;256,2048",INT8;INT8,ND;ND,"1,256",DT_BF16,ND,99.84,w8a8_dynamic
dynamic,MIX_AIC,"1,4096;256,4096",INT8;INT8,ND;ND,"1,256",DT_BF16,ND,91.04,w8a8_dynamic
dynamic,MIX_AIC,"1,7168;256,7168",INT8;INT8,ND;ND,"1,256",DT_BF16,ND,94.98,w8a8_dynamic
dynamic,MIX_AIC,"1,8192;256,8192",INT8;INT8,ND;ND,"1,256",DT_BF16,ND,93.75,w8a8_dynamic
dynamic,MIX_AIC,"1,12288;256,12288",INT8;INT8,ND;ND,"1,256",DT_BF16,ND,97.39,w8a8_dynamic
dynamic,MIX_AIC,"1,16384;256,16384",INT8;INT8,ND;ND,"1,256",DT_BF16,ND,93.25,w8a8_dynamic
dynamic,MIX_AIC,"1,256;512,256",INT8;INT8,ND;ND,"1,512",DT_BF16,ND,94.86,w8a8_dynamic
dynamic,MIX_AIC,"1,512;512,512",INT8;INT8,ND;ND,"1,512",DT_BF16,ND,94.98,w8a8_dynamic
dynamic,MIX_AIC,"1,1024;512,1024",INT8;INT8,ND;ND,"1,512",DT_BF16,ND,98.16,w8a8_dynamic
dynamic,MIX_AIC,"1,2048;512,2048",INT8;INT8,ND;ND,"1,512",DT_BF16,ND,94.45,w8a8_dynamic
dynamic,MIX_AIC,"1,4096;512,4096",INT8;INT8,ND;ND,"1,512",DT_BF16,ND,95.03,w8a8_dynamic
dynamic,MIX_AIC,"1,7168;512,7168",INT8;INT8,ND;ND,"1,512",DT_BF16,ND,97.63,w8a8_dynamic
dynamic,MIX_AIC,"1,8192;512,8192",INT8;INT8,ND;ND,"1,512",DT_BF16,ND,93.57,w8a8_dynamic
dynamic,MIX_AIC,"1,12288;512,12288",INT8;INT8,ND;ND,"1,512",DT_BF16,ND,93.01,w8a8_dynamic
dynamic,MIX_AIC,"1,16384;512,16384",INT8;INT8,ND;ND,"1,512",DT_BF16,ND,92.17,w8a8_dynamic
dynamic,MIX_AIC,"1,256;1024,256",INT8;INT8,ND;ND,"1,1024",DT_BF16,ND,94.07,w8a8_dynamic
dynamic,MIX_AIC,"1,512;1024,512",INT8;INT8,ND;ND,"1,1024",DT_BF16,ND,95.97,w8a8_dynamic
dynamic,MIX_AIC,"1,1024;1024,1024",INT8;INT8,ND;ND,"1,1024",DT_BF16,ND,105.09,w8a8_dynamic
dynamic,MIX_AIC,"1,2048;1024,2048",INT8;INT8,ND;ND,"1,1024",DT_BF16,ND,95.43,w8a8_dynamic
dynamic,MIX_AIC,"1,4096;1024,4096",INT8;INT8,ND;ND,"1,1024",DT_BF16,ND,94.18,w8a8_dynamic
dynamic,MIX_AIC,"1,7168;1024,7168",INT8;INT8,ND;ND,"1,1024",DT_BF16,ND,92.75,w8a8_dynamic
dynamic,MIX_AIC,"1,8192;1024,8192",INT8;INT8,ND;ND,"1,1024",DT_BF16,ND,94.20,w8a8_dynamic
dynamic,MIX_AIC,"1,12288;1024,12288",INT8;INT8,ND;ND,"1,1024",DT_BF16,ND,95.14,w8a8_dynamic
dynamic,MIX_AIC,"1,16384;1024,16384",INT8;INT8,ND;ND,"1,1024",DT_BF16,ND,91.99,w8a8_dynamic
dynamic,MIX_AIC,"1,256;2048,256",INT8;INT8,ND;ND,"1,2048",DT_BF16,ND,93.52,w8a8_dynamic
dynamic,MIX_AIC,"1,512;2048,512",INT8;INT8,ND;ND,"1,2048",DT_BF16,ND,93.60,w8a8_dynamic
dynamic,MIX_AIC,"1,1024;2048,1024",INT8;INT8,ND;ND,"1,2048",DT_BF16,ND,93.56,w8a8_dynamic
dynamic,MIX_AIC,"1,2048;2048,2048",INT8;INT8,ND;ND,"1,2048",DT_BF16,ND,94.55,w8a8_dynamic
dynamic,MIX_AIC,"1,4096;2048,4096",INT8;INT8,ND;ND,"1,2048",DT_BF16,ND,91.80,w8a8_dynamic
dynamic,MIX_AIC,"1,7168;2048,7168",INT8;INT8,ND;ND,"1,2048",DT_BF16,ND,94.02,w8a8_dynamic
dynamic,MIX_AIC,"1,8192;2048,8192",INT8;INT8,ND;ND,"1,2048",DT_BF16,ND,93.58,w8a8_dynamic
dynamic,MIX_AIC,"1,12288;2048,12288",INT8;INT8,ND;ND,"1,2048",DT_BF16,ND,93.64,w8a8_dynamic
dynamic,MIX_AIC,"1,16384;2048,16384",INT8;INT8,ND;ND,"1,2048",DT_BF16,ND,92.16,w8a8_dynamic
dynamic,MIX_AIC,"1,256;4096,256",INT8;INT8,ND;ND,"1,4096",DT_BF16,ND,92.77,w8a8_dynamic
dynamic,MIX_AIC,"1,512;4096,512",INT8;INT8,ND;ND,"1,4096",DT_BF16,ND,94.00,w8a8_dynamic
dynamic,MIX_AIC,"1,1024;4096,1024",INT8;INT8,ND;ND,"1,4096",DT_BF16,ND,92.53,w8a8_dynamic
dynamic,MIX_AIC,"1,2048;4096,2048",INT8;INT8,ND;ND,"1,4096",DT_BF16,ND,94.63,w8a8_dynamic
dynamic,MIX_AIC,"1,4096;4096,4096",INT8;INT8,ND;ND,"1,4096",DT_BF16,ND,95.76,w8a8_dynamic
dynamic,MIX_AIC,"1,7168;4096,7168",INT8;INT8,ND;ND,"1,4096",DT_BF16,ND,95.85,w8a8_dynamic
dynamic,MIX_AIC,"1,8192;4096,8192",INT8;INT8,ND;ND,"1,4096",DT_BF16,ND,95.67,w8a8_dynamic
dynamic,MIX_AIC,"1,12288;4096,12288",INT8;INT8,ND;ND,"1,4096",DT_BF16,ND,94.86,w8a8_dynamic
dynamic,MIX_AIC,"1,16384;4096,16384",INT8;INT8,ND;ND,"1,4096",DT_BF16,ND,95.48,w8a8_dynamic
dynamic,MIX_AIC,"1,256;7168,256",INT8;INT8,ND;ND,"1,7168",DT_BF16,ND,95.31,w8a8_dynamic
dynamic,MIX_AIC,"1,512;7168,512",INT8;INT8,ND;ND,"1,7168",DT_BF16,ND,97.86,w8a8_dynamic
dynamic,MIX_AIC,"1,1024;7168,1024",INT8;INT8,ND;ND,"1,7168",DT_BF16,ND,96.67,w8a8_dynamic
dynamic,MIX_AIC,"1,2048;7168,2048",INT8;INT8,ND;ND,"1,7168",DT_BF16,ND,97.59,w8a8_dynamic
dynamic,MIX_AIC,"1,4096;7168,4096",INT8;INT8,ND;ND,"1,7168",DT_BF16,ND,96.87,w8a8_dynamic
dynamic,MIX_AIC,"1,7168;7168,7168",INT8;INT8,ND;ND,"1,7168",DT_BF16,ND,100.71,w8a8_dynamic
dynamic,MIX_AIC,"1,8192;7168,8192",INT8;INT8,ND;ND,"1,7168",DT_BF16,ND,91.59,w8a8_dynamic
dynamic,MIX_AIC,"1,12288;7168,12288",INT8;INT8,ND;ND,"1,7168",DT_BF16,ND,96.04,w8a8_dynamic
dynamic,MIX_AIC,"1,16384;7168,16384",INT8;INT8,ND;ND,"1,7168",DT_BF16,ND,96.93,w8a8_dynamic
dynamic,MIX_AIC,"1,256;8192,256",INT8;INT8,ND;ND,"1,8192",DT_BF16,ND,95.26,w8a8_dynamic
dynamic,MIX_AIC,"1,512;8192,512",INT8;INT8,ND;ND,"1,8192",DT_BF16,ND,96.64,w8a8_dynamic
dynamic,MIX_AIC,"1,1024;8192,1024",INT8;INT8,ND;ND,"1,8192",DT_BF16,ND,97.30,w8a8_dynamic
dynamic,MIX_AIC,"1,2048;8192,2048",INT8;INT8,ND;ND,"1,8192",DT_BF16,ND,91.92,w8a8_dynamic
dynamic,MIX_AIC,"1,4096;8192,4096",INT8;INT8,ND;ND,"1,8192",DT_BF16,ND,97.95,w8a8_dynamic
dynamic,MIX_AIC,"1,7168;8192,7168",INT8;INT8,ND;ND,"1,8192",DT_BF16,ND,101.73,w8a8_dynamic
dynamic,MIX_AIC,"1,8192;8192,8192",INT8;INT8,ND;ND,"1,8192",DT_BF16,ND,91.46,w8a8_dynamic
dynamic,MIX_AIC,"1,12288;8192,12288",INT8;INT8,ND;ND,"1,8192",DT_BF16,ND,89.97,w8a8_dynamic
dynamic,MIX_AIC,"1,16384;8192,16384",INT8;INT8,ND;ND,"1,8192",DT_BF16,ND,101.64,w8a8_dynamic
dynamic,MIX_AIC,"1,256;12288,256",INT8;INT8,ND;ND,"1,12288",DT_BF16,ND,91.58,w8a8_dynamic
dynamic,MIX_AIC,"1,512;12288,512",INT8;INT8,ND;ND,"1,12288",DT_BF16,ND,91.86,w8a8_dynamic
dynamic,MIX_AIC,"1,1024;12288,1024",INT8;INT8,ND;ND,"1,12288",DT_BF16,ND,94.26,w8a8_dynamic
dynamic,MIX_AIC,"1,2048;12288,2048",INT8;INT8,ND;ND,"1,12288",DT_BF16,ND,92.16,w8a8_dynamic
dynamic,MIX_AIC,"1,4096;12288,4096",INT8;INT8,ND;ND,"1,12288",DT_BF16,ND,97.12,w8a8_dynamic
dynamic,MIX_AIC,"1,7168;12288,7168",INT8;INT8,ND;ND,"1,12288",DT_BF16,ND,91.35,w8a8_dynamic
dynamic,MIX_AIC,"1,8192;12288,8192",INT8;INT8,ND;ND,"1,12288",DT_BF16,ND,92.14,w8a8_dynamic
dynamic,MIX_AIC,"1,12288;12288,12288",INT8;INT8,ND;ND,"1,12288",DT_BF16,ND,106.42,w8a8_dynamic
dynamic,MIX_AIC,"1,16384;12288,16384",INT8;INT8,ND;ND,"1,12288",DT_BF16,ND,140.82,w8a8_dynamic
dynamic,MIX_AIC,"1,256;16384,256",INT8;INT8,ND;ND,"1,16384",DT_BF16,ND,113.65,w8a8_dynamic
dynamic,MIX_AIC,"1,512;16384,512",INT8;INT8,ND;ND,"1,16384",DT_BF16,ND,100.13,w8a8_dynamic
dynamic,MIX_AIC,"1,1024;16384,1024",INT8;INT8,ND;ND,"1,16384",DT_BF16,ND,92.44,w8a8_dynamic
dynamic,MIX_AIC,"1,2048;16384,2048",INT8;INT8,ND;ND,"1,16384",DT_BF16,ND,94.29,w8a8_dynamic
dynamic,MIX_AIC,"1,4096;16384,4096",INT8;INT8,ND;ND,"1,16384",DT_BF16,ND,94.63,w8a8_dynamic
dynamic,MIX_AIC,"1,7168;16384,7168",INT8;INT8,ND;ND,"1,16384",DT_BF16,ND,98.33,w8a8_dynamic
dynamic,MIX_AIC,"1,8192;16384,8192",INT8;INT8,ND;ND,"1,16384",DT_BF16,ND,97.21,w8a8_dynamic
dynamic,MIX_AIC,"1,12288;16384,12288",INT8;INT8,ND;ND,"1,16384",DT_BF16,ND,139.80,w8a8_dynamic
dynamic,MIX_AIC,"1,16384;16384,16384",INT8;INT8,ND;ND,"1,16384",DT_BF16,ND,185.07,w8a8_dynamic
dynamic,MIX_AIC,"2,256;256,256",INT8;INT8,ND;ND,"2,256",DT_BF16,ND,99.86,w8a8_dynamic
dynamic,MIX_AIC,"2,512;256,512",INT8;INT8,ND;ND,"2,256",DT_BF16,ND,94.18,w8a8_dynamic
dynamic,MIX_AIC,"2,1024;256,1024",INT8;INT8,ND;ND,"2,256",DT_BF16,ND,96.13,w8a8_dynamic
dynamic,MIX_AIC,"2,2048;256,2048",INT8;INT8,ND;ND,"2,256",DT_BF16,ND,98.86,w8a8_dynamic
dynamic,MIX_AIC,"2,4096;256,4096",INT8;INT8,ND;ND,"2,256",DT_BF16,ND,97.37,w8a8_dynamic
dynamic,MIX_AIC,"2,7168;256,7168",INT8;INT8,ND;ND,"2,256",DT_BF16,ND,96.80,w8a8_dynamic
dynamic,MIX_AIC,"2,8192;256,8192",INT8;INT8,ND;ND,"2,256",DT_BF16,ND,97.42,w8a8_dynamic
dynamic,MIX_AIC,"2,12288;256,12288",INT8;INT8,ND;ND,"2,256",DT_BF16,ND,93.94,w8a8_dynamic
dynamic,MIX_AIC,"2,16384;256,16384",INT8;INT8,ND;ND,"2,256",DT_BF16,ND,93.83,w8a8_dynamic
dynamic,MIX_AIC,"2,256;512,256",INT8;INT8,ND;ND,"2,512",DT_BF16,ND,94.08,w8a8_dynamic
dynamic,MIX_AIC,"2,512;512,512",INT8;INT8,ND;ND,"2,512",DT_BF16,ND,94.64,w8a8_dynamic
dynamic,MIX_AIC,"2,1024;512,1024",INT8;INT8,ND;ND,"2,512",DT_BF16,ND,92.65,w8a8_dynamic
dynamic,MIX_AIC,"2,2048;512,2048",INT8;INT8,ND;ND,"2,512",DT_BF16,ND,91.87,w8a8_dynamic
dynamic,MIX_AIC,"2,4096;512,4096",INT8;INT8,ND;ND,"2,512",DT_BF16,ND,92.10,w8a8_dynamic
dynamic,MIX_AIC,"2,7168;512,7168",INT8;INT8,ND;ND,"2,512",DT_BF16,ND,92.22,w8a8_dynamic
dynamic,MIX_AIC,"2,8192;512,8192",INT8;INT8,ND;ND,"2,512",DT_BF16,ND,91.03,w8a8_dynamic
dynamic,MIX_AIC,"2,12288;512,12288",INT8;INT8,ND;ND,"2,512",DT_BF16,ND,92.73,w8a8_dynamic
dynamic,MIX_AIC,"2,16384;512,16384",INT8;INT8,ND;ND,"2,512",DT_BF16,ND,93.11,w8a8_dynamic
dynamic,MIX_AIC,"2,256;1024,256",INT8;INT8,ND;ND,"2,1024",DT_BF16,ND,92.28,w8a8_dynamic
dynamic,MIX_AIC,"2,512;1024,512",INT8;INT8,ND;ND,"2,1024",DT_BF16,ND,93.39,w8a8_dynamic
dynamic,MIX_AIC,"2,1024;1024,1024",INT8;INT8,ND;ND,"2,1024",DT_BF16,ND,91.52,w8a8_dynamic
dynamic,MIX_AIC,"2,2048;1024,2048",INT8;INT8,ND;ND,"2,1024",DT_BF16,ND,92.92,w8a8_dynamic
dynamic,MIX_AIC,"2,4096;1024,4096",INT8;INT8,ND;ND,"2,1024",DT_BF16,ND,93.13,w8a8_dynamic
dynamic,MIX_AIC,"2,7168;1024,7168",INT8;INT8,ND;ND,"2,1024",DT_BF16,ND,92.80,w8a8_dynamic
dynamic,MIX_AIC,"2,8192;1024,8192",INT8;INT8,ND;ND,"2,1024",DT_BF16,ND,91.49,w8a8_dynamic
dynamic,MIX_AIC,"2,12288;1024,12288",INT8;INT8,ND;ND,"2,1024",DT_BF16,ND,91.83,w8a8_dynamic
dynamic,MIX_AIC,"2,16384;1024,16384",INT8;INT8,ND;ND,"2,1024",DT_BF16,ND,91.78,w8a8_dynamic
dynamic,MIX_AIC,"2,256;2048,256",INT8;INT8,ND;ND,"2,2048",DT_BF16,ND,94.18,w8a8_dynamic
dynamic,MIX_AIC,"2,512;2048,512",INT8;INT8,ND;ND,"2,2048",DT_BF16,ND,93.16,w8a8_dynamic
dynamic,MIX_AIC,"2,1024;2048,1024",INT8;INT8,ND;ND,"2,2048",DT_BF16,ND,92.85,w8a8_dynamic
dynamic,MIX_AIC,"2,2048;2048,2048",INT8;INT8,ND;ND,"2,2048",DT_BF16,ND,95.83,w8a8_dynamic
dynamic,MIX_AIC,"2,4096;2048,4096",INT8;INT8,ND;ND,"2,2048",DT_BF16,ND,91.91,w8a8_dynamic
dynamic,MIX_AIC,"2,7168;2048,7168",INT8;INT8,ND;ND,"2,2048",DT_BF16,ND,94.30,w8a8_dynamic
dynamic,MIX_AIC,"2,8192;2048,8192",INT8;INT8,ND;ND,"2,2048",DT_BF16,ND,110.92,w8a8_dynamic
dynamic,MIX_AIC,"2,12288;2048,12288",INT8;INT8,ND;ND,"2,2048",DT_BF16,ND,92.35,w8a8_dynamic
dynamic,MIX_AIC,"2,16384;2048,16384",INT8;INT8,ND;ND,"2,2048",DT_BF16,ND,95.45,w8a8_dynamic
dynamic,MIX_AIC,"2,256;4096,256",INT8;INT8,ND;ND,"2,4096",DT_BF16,ND,94.88,w8a8_dynamic
dynamic,MIX_AIC,"2,512;4096,512",INT8;INT8,ND;ND,"2,4096",DT_BF16,ND,94.79,w8a8_dynamic
dynamic,MIX_AIC,"2,1024;4096,1024",INT8;INT8,ND;ND,"2,4096",DT_BF16,ND,94.01,w8a8_dynamic
dynamic,MIX_AIC,"2,2048;4096,2048",INT8;INT8,ND;ND,"2,4096",DT_BF16,ND,95.20,w8a8_dynamic
dynamic,MIX_AIC,"2,4096;4096,4096",INT8;INT8,ND;ND,"2,4096",DT_BF16,ND,90.95,w8a8_dynamic
dynamic,MIX_AIC,"2,7168;4096,7168",INT8;INT8,ND;ND,"2,4096",DT_BF16,ND,94.00,w8a8_dynamic
dynamic,MIX_AIC,"2,8192;4096,8192",INT8;INT8,ND;ND,"2,4096",DT_BF16,ND,93.37,w8a8_dynamic
dynamic,MIX_AIC,"2,12288;4096,12288",INT8;INT8,ND;ND,"2,4096",DT_BF16,ND,93.79,w8a8_dynamic
dynamic,MIX_AIC,"2,16384;4096,16384",INT8;INT8,ND;ND,"2,4096",DT_BF16,ND,94.07,w8a8_dynamic
dynamic,MIX_AIC,"2,256;7168,256",INT8;INT8,ND;ND,"2,7168",DT_BF16,ND,93.39,w8a8_dynamic
dynamic,MIX_AIC,"2,512;7168,512",INT8;INT8,ND;ND,"2,7168",DT_BF16,ND,94.41,w8a8_dynamic
dynamic,MIX_AIC,"2,1024;7168,1024",INT8;INT8,ND;ND,"2,7168",DT_BF16,ND,117.58,w8a8_dynamic
dynamic,MIX_AIC,"2,2048;7168,2048",INT8;INT8,ND;ND,"2,7168",DT_BF16,ND,92.19,w8a8_dynamic
dynamic,MIX_AIC,"2,4096;7168,4096",INT8;INT8,ND;ND,"2,7168",DT_BF16,ND,91.64,w8a8_dynamic
dynamic,MIX_AIC,"2,7168;7168,7168",INT8;INT8,ND;ND,"2,7168",DT_BF16,ND,90.61,w8a8_dynamic
dynamic,MIX_AIC,"2,8192;7168,8192",INT8;INT8,ND;ND,"2,7168",DT_BF16,ND,100.93,w8a8_dynamic
dynamic,MIX_AIC,"2,12288;7168,12288",INT8;INT8,ND;ND,"2,7168",DT_BF16,ND,93.41,w8a8_dynamic
dynamic,MIX_AIC,"2,16384;7168,16384",INT8;INT8,ND;ND,"2,7168",DT_BF16,ND,93.52,w8a8_dynamic
dynamic,MIX_AIC,"2,256;8192,256",INT8;INT8,ND;ND,"2,8192",DT_BF16,ND,96.03,w8a8_dynamic
dynamic,MIX_AIC,"2,512;8192,512",INT8;INT8,ND;ND,"2,8192",DT_BF16,ND,95.08,w8a8_dynamic
dynamic,MIX_AIC,"2,1024;8192,1024",INT8;INT8,ND;ND,"2,8192",DT_BF16,ND,95.94,w8a8_dynamic
dynamic,MIX_AIC,"2,2048;8192,2048",INT8;INT8,ND;ND,"2,8192",DT_BF16,ND,95.64,w8a8_dynamic
dynamic,MIX_AIC,"2,4096;8192,4096",INT8;INT8,ND;ND,"2,8192",DT_BF16,ND,95.53,w8a8_dynamic
dynamic,MIX_AIC,"2,7168;8192,7168",INT8;INT8,ND;ND,"2,8192",DT_BF16,ND,95.99,w8a8_dynamic
dynamic,MIX_AIC,"2,8192;8192,8192",INT8;INT8,ND;ND,"2,8192",DT_BF16,ND,93.59,w8a8_dynamic
dynamic,MIX_AIC,"2,12288;8192,12288",INT8;INT8,ND;ND,"2,8192",DT_BF16,ND,91.57,w8a8_dynamic
dynamic,MIX_AIC,"2,16384;8192,16384",INT8;INT8,ND;ND,"2,8192",DT_BF16,ND,101.40,w8a8_dynamic
dynamic,MIX_AIC,"2,256;12288,256",INT8;INT8,ND;ND,"2,12288",DT_BF16,ND,91.86,w8a8_dynamic
dynamic,MIX_AIC,"2,512;12288,512",INT8;INT8,ND;ND,"2,12288",DT_BF16,ND,92.71,w8a8_dynamic
dynamic,MIX_AIC,"2,1024;12288,1024",INT8;INT8,ND;ND,"2,12288",DT_BF16,ND,93.72,w8a8_dynamic
dynamic,MIX_AIC,"2,2048;12288,2048",INT8;INT8,ND;ND,"2,12288",DT_BF16,ND,93.52,w8a8_dynamic
dynamic,MIX_AIC,"2,4096;12288,4096",INT8;INT8,ND;ND,"2,12288",DT_BF16,ND,94.08,w8a8_dynamic
dynamic,MIX_AIC,"2,7168;12288,7168",INT8;INT8,ND;ND,"2,12288",DT_BF16,ND,93.60,w8a8_dynamic
dynamic,MIX_AIC,"2,8192;12288,8192",INT8;INT8,ND;ND,"2,12288",DT_BF16,ND,91.08,w8a8_dynamic
dynamic,MIX_AIC,"2,12288;12288,12288",INT8;INT8,ND;ND,"2,12288",DT_BF16,ND,107.01,w8a8_dynamic
dynamic,MIX_AIC,"2,16384;12288,16384",INT8;INT8,ND;ND,"2,12288",DT_BF16,ND,141.12,w8a8_dynamic
dynamic,MIX_AIC,"2,256;16384,256",INT8;INT8,ND;ND,"2,16384",DT_BF16,ND,94.78,w8a8_dynamic
dynamic,MIX_AIC,"2,512;16384,512",INT8;INT8,ND;ND,"2,16384",DT_BF16,ND,96.20,w8a8_dynamic
dynamic,MIX_AIC,"2,1024;16384,1024",INT8;INT8,ND;ND,"2,16384",DT_BF16,ND,91.12,w8a8_dynamic
dynamic,MIX_AIC,"2,2048;16384,2048",INT8;INT8,ND;ND,"2,16384",DT_BF16,ND,90.09,w8a8_dynamic
dynamic,MIX_AIC,"2,4096;16384,4096",INT8;INT8,ND;ND,"2,16384",DT_BF16,ND,90.53,w8a8_dynamic
dynamic,MIX_AIC,"2,7168;16384,7168",INT8;INT8,ND;ND,"2,16384",DT_BF16,ND,89.63,w8a8_dynamic
dynamic,MIX_AIC,"2,8192;16384,8192",INT8;INT8,ND;ND,"2,16384",DT_BF16,ND,96.71,w8a8_dynamic
dynamic,MIX_AIC,"2,12288;16384,12288",INT8;INT8,ND;ND,"2,16384",DT_BF16,ND,138.81,w8a8_dynamic
dynamic,MIX_AIC,"2,16384;16384,16384",INT8;INT8,ND;ND,"2,16384",DT_BF16,ND,187.31,w8a8_dynamic
dynamic,MIX_AIC,"4,256;256,256",INT8;INT8,ND;ND,"4,256",DT_BF16,ND,95.80,w8a8_dynamic
dynamic,MIX_AIC,"4,512;256,512",INT8;INT8,ND;ND,"4,256",DT_BF16,ND,94.56,w8a8_dynamic
dynamic,MIX_AIC,"4,1024;256,1024",INT8;INT8,ND;ND,"4,256",DT_BF16,ND,94.84,w8a8_dynamic
dynamic,MIX_AIC,"4,2048;256,2048",INT8;INT8,ND;ND,"4,256",DT_BF16,ND,95.39,w8a8_dynamic
dynamic,MIX_AIC,"4,4096;256,4096",INT8;INT8,ND;ND,"4,256",DT_BF16,ND,95.06,w8a8_dynamic
dynamic,MIX_AIC,"4,7168;256,7168",INT8;INT8,ND;ND,"4,256",DT_BF16,ND,93.04,w8a8_dynamic
dynamic,MIX_AIC,"4,8192;256,8192",INT8;INT8,ND;ND,"4,256",DT_BF16,ND,94.34,w8a8_dynamic
dynamic,MIX_AIC,"4,12288;256,12288",INT8;INT8,ND;ND,"4,256",DT_BF16,ND,94.79,w8a8_dynamic
dynamic,MIX_AIC,"4,16384;256,16384",INT8;INT8,ND;ND,"4,256",DT_BF16,ND,95.22,w8a8_dynamic
dynamic,MIX_AIC,"4,256;512,256",INT8;INT8,ND;ND,"4,512",DT_BF16,ND,93.15,w8a8_dynamic
dynamic,MIX_AIC,"4,512;512,512",INT8;INT8,ND;ND,"4,512",DT_BF16,ND,95.69,w8a8_dynamic
dynamic,MIX_AIC,"4,1024;512,1024",INT8;INT8,ND;ND,"4,512",DT_BF16,ND,95.28,w8a8_dynamic
dynamic,MIX_AIC,"4,2048;512,2048",INT8;INT8,ND;ND,"4,512",DT_BF16,ND,94.32,w8a8_dynamic
dynamic,MIX_AIC,"4,4096;512,4096",INT8;INT8,ND;ND,"4,512",DT_BF16,ND,95.57,w8a8_dynamic
dynamic,MIX_AIC,"4,7168;512,7168",INT8;INT8,ND;ND,"4,512",DT_BF16,ND,92.86,w8a8_dynamic
dynamic,MIX_AIC,"4,8192;512,8192",INT8;INT8,ND;ND,"4,512",DT_BF16,ND,91.87,w8a8_dynamic
dynamic,MIX_AIC,"4,12288;512,12288",INT8;INT8,ND;ND,"4,512",DT_BF16,ND,92.87,w8a8_dynamic
dynamic,MIX_AIC,"4,16384;512,16384",INT8;INT8,ND;ND,"4,512",DT_BF16,ND,90.13,w8a8_dynamic
dynamic,MIX_AIC,"4,256;1024,256",INT8;INT8,ND;ND,"4,1024",DT_BF16,ND,90.70,w8a8_dynamic
dynamic,MIX_AIC,"4,512;1024,512",INT8;INT8,ND;ND,"4,1024",DT_BF16,ND,91.41,w8a8_dynamic
dynamic,MIX_AIC,"4,1024;1024,1024",INT8;INT8,ND;ND,"4,1024",DT_BF16,ND,88.83,w8a8_dynamic
dynamic,MIX_AIC,"4,2048;1024,2048",INT8;INT8,ND;ND,"4,1024",DT_BF16,ND,91.13,w8a8_dynamic
dynamic,MIX_AIC,"4,4096;1024,4096",INT8;INT8,ND;ND,"4,1024",DT_BF16,ND,94.79,w8a8_dynamic
dynamic,MIX_AIC,"4,7168;1024,7168",INT8;INT8,ND;ND,"4,1024",DT_BF16,ND,90.58,w8a8_dynamic
dynamic,MIX_AIC,"4,8192;1024,8192",INT8;INT8,ND;ND,"4,1024",DT_BF16,ND,92.90,w8a8_dynamic
dynamic,MIX_AIC,"4,12288;1024,12288",INT8;INT8,ND;ND,"4,1024",DT_BF16,ND,90.86,w8a8_dynamic
dynamic,MIX_AIC,"4,16384;1024,16384",INT8;INT8,ND;ND,"4,1024",DT_BF16,ND,91.32,w8a8_dynamic
dynamic,MIX_AIC,"4,256;2048,256",INT8;INT8,ND;ND,"4,2048",DT_BF16,ND,92.33,w8a8_dynamic
dynamic,MIX_AIC,"4,512;2048,512",INT8;INT8,ND;ND,"4,2048",DT_BF16,ND,95.06,w8a8_dynamic
dynamic,MIX_AIC,"4,1024;2048,1024",INT8;INT8,ND;ND,"4,2048",DT_BF16,ND,94.42,w8a8_dynamic
dynamic,MIX_AIC,"4,2048;2048,2048",INT8;INT8,ND;ND,"4,2048",DT_BF16,ND,99.40,w8a8_dynamic
dynamic,MIX_AIC,"4,4096;2048,4096",INT8;INT8,ND;ND,"4,2048",DT_BF16,ND,97.39,w8a8_dynamic
dynamic,MIX_AIC,"4,7168;2048,7168",INT8;INT8,ND;ND,"4,2048",DT_BF16,ND,95.23,w8a8_dynamic
dynamic,MIX_AIC,"4,8192;2048,8192",INT8;INT8,ND;ND,"4,2048",DT_BF16,ND,91.87,w8a8_dynamic
dynamic,MIX_AIC,"4,12288;2048,12288",INT8;INT8,ND;ND,"4,2048",DT_BF16,ND,89.32,w8a8_dynamic
dynamic,MIX_AIC,"4,16384;2048,16384",INT8;INT8,ND;ND,"4,2048",DT_BF16,ND,92.41,w8a8_dynamic
dynamic,MIX_AIC,"4,256;4096,256",INT8;INT8,ND;ND,"4,4096",DT_BF16,ND,89.93,w8a8_dynamic
dynamic,MIX_AIC,"4,512;4096,512",INT8;INT8,ND;ND,"4,4096",DT_BF16,ND,91.12,w8a8_dynamic
dynamic,MIX_AIC,"4,1024;4096,1024",INT8;INT8,ND;ND,"4,4096",DT_BF16,ND,90.75,w8a8_dynamic
dynamic,MIX_AIC,"4,2048;4096,2048",INT8;INT8,ND;ND,"4,4096",DT_BF16,ND,90.77,w8a8_dynamic
dynamic,MIX_AIC,"4,4096;4096,4096",INT8;INT8,ND;ND,"4,4096",DT_BF16,ND,90.48,w8a8_dynamic
dynamic,MIX_AIC,"4,7168;4096,7168",INT8;INT8,ND;ND,"4,4096",DT_BF16,ND,96.22,w8a8_dynamic
dynamic,MIX_AIC,"4,8192;4096,8192",INT8;INT8,ND;ND,"4,4096",DT_BF16,ND,112.20,w8a8_dynamic
dynamic,MIX_AIC,"4,12288;4096,12288",INT8;INT8,ND;ND,"4,4096",DT_BF16,ND,94.12,w8a8_dynamic
dynamic,MIX_AIC,"4,16384;4096,16384",INT8;INT8,ND;ND,"4,4096",DT_BF16,ND,93.16,w8a8_dynamic
dynamic,MIX_AIC,"4,256;7168,256",INT8;INT8,ND;ND,"4,7168",DT_BF16,ND,93.97,w8a8_dynamic
dynamic,MIX_AIC,"4,512;7168,512",INT8;INT8,ND;ND,"4,7168",DT_BF16,ND,94.03,w8a8_dynamic
dynamic,MIX_AIC,"4,1024;7168,1024",INT8;INT8,ND;ND,"4,7168",DT_BF16,ND,94.34,w8a8_dynamic
dynamic,MIX_AIC,"4,2048;7168,2048",INT8;INT8,ND;ND,"4,7168",DT_BF16,ND,93.65,w8a8_dynamic
dynamic,MIX_AIC,"4,4096;7168,4096",INT8;INT8,ND;ND,"4,7168",DT_BF16,ND,96.76,w8a8_dynamic
dynamic,MIX_AIC,"4,7168;7168,7168",INT8;INT8,ND;ND,"4,7168",DT_BF16,ND,104.19,w8a8_dynamic
dynamic,MIX_AIC,"4,8192;7168,8192",INT8;INT8,ND;ND,"4,7168",DT_BF16,ND,91.18,w8a8_dynamic
dynamic,MIX_AIC,"4,12288;7168,12288",INT8;INT8,ND;ND,"4,7168",DT_BF16,ND,96.68,w8a8_dynamic
dynamic,MIX_AIC,"4,16384;7168,16384",INT8;INT8,ND;ND,"4,7168",DT_BF16,ND,95.93,w8a8_dynamic
dynamic,MIX_AIC,"4,256;8192,256",INT8;INT8,ND;ND,"4,8192",DT_BF16,ND,95.23,w8a8_dynamic
dynamic,MIX_AIC,"4,512;8192,512",INT8;INT8,ND;ND,"4,8192",DT_BF16,ND,94.75,w8a8_dynamic
dynamic,MIX_AIC,"4,1024;8192,1024",INT8;INT8,ND;ND,"4,8192",DT_BF16,ND,92.24,w8a8_dynamic
dynamic,MIX_AIC,"4,2048;8192,2048",INT8;INT8,ND;ND,"4,8192",DT_BF16,ND,91.69,w8a8_dynamic
dynamic,MIX_AIC,"4,4096;8192,4096",INT8;INT8,ND;ND,"4,8192",DT_BF16,ND,97.49,w8a8_dynamic
dynamic,MIX_AIC,"4,7168;8192,7168",INT8;INT8,ND;ND,"4,8192",DT_BF16,ND,90.44,w8a8_dynamic
dynamic,MIX_AIC,"4,8192;8192,8192",INT8;INT8,ND;ND,"4,8192",DT_BF16,ND,92.30,w8a8_dynamic
dynamic,MIX_AIC,"4,12288;8192,12288",INT8;INT8,ND;ND,"4,8192",DT_BF16,ND,93.51,w8a8_dynamic
dynamic,MIX_AIC,"4,16384;8192,16384",INT8;INT8,ND;ND,"4,8192",DT_BF16,ND,101.53,w8a8_dynamic
dynamic,MIX_AIC,"4,256;12288,256",INT8;INT8,ND;ND,"4,12288",DT_BF16,ND,96.79,w8a8_dynamic
dynamic,MIX_AIC,"4,512;12288,512",INT8;INT8,ND;ND,"4,12288",DT_BF16,ND,96.52,w8a8_dynamic
dynamic,MIX_AIC,"4,1024;12288,1024",INT8;INT8,ND;ND,"4,12288",DT_BF16,ND,93.20,w8a8_dynamic
dynamic,MIX_AIC,"4,2048;12288,2048",INT8;INT8,ND;ND,"4,12288",DT_BF16,ND,92.86,w8a8_dynamic
dynamic,MIX_AIC,"4,4096;12288,4096",INT8;INT8,ND;ND,"4,12288",DT_BF16,ND,106.69,w8a8_dynamic
dynamic,MIX_AIC,"4,7168;12288,7168",INT8;INT8,ND;ND,"4,12288",DT_BF16,ND,91.61,w8a8_dynamic
dynamic,MIX_AIC,"4,8192;12288,8192",INT8;INT8,ND;ND,"4,12288",DT_BF16,ND,106.52,w8a8_dynamic
dynamic,MIX_AIC,"4,12288;12288,12288",INT8;INT8,ND;ND,"4,12288",DT_BF16,ND,106.90,w8a8_dynamic
dynamic,MIX_AIC,"4,16384;12288,16384",INT8;INT8,ND;ND,"4,12288",DT_BF16,ND,141.95,w8a8_dynamic
dynamic,MIX_AIC,"4,256;16384,256",INT8;INT8,ND;ND,"4,16384",DT_BF16,ND,92.97,w8a8_dynamic
dynamic,MIX_AIC,"4,512;16384,512",INT8;INT8,ND;ND,"4,16384",DT_BF16,ND,90.93,w8a8_dynamic
dynamic,MIX_AIC,"4,1024;16384,1024",INT8;INT8,ND;ND,"4,16384",DT_BF16,ND,96.15,w8a8_dynamic
dynamic,MIX_AIC,"4,2048;16384,2048",INT8;INT8,ND;ND,"4,16384",DT_BF16,ND,97.44,w8a8_dynamic
dynamic,MIX_AIC,"4,4096;16384,4096",INT8;INT8,ND;ND,"4,16384",DT_BF16,ND,98.39,w8a8_dynamic
dynamic,MIX_AIC,"4,7168;16384,7168",INT8;INT8,ND;ND,"4,16384",DT_BF16,ND,98.05,w8a8_dynamic
dynamic,MIX_AIC,"4,8192;16384,8192",INT8;INT8,ND;ND,"4,16384",DT_BF16,ND,96.95,w8a8_dynamic
dynamic,MIX_AIC,"4,12288;16384,12288",INT8;INT8,ND;ND,"4,16384",DT_BF16,ND,140.79,w8a8_dynamic
dynamic,MIX_AIC,"4,16384;16384,16384",INT8;INT8,ND;ND,"4,16384",DT_BF16,ND,187.19,w8a8_dynamic
dynamic,MIX_AIC,"8,256;256,256",INT8;INT8,ND;ND,"8,256",DT_BF16,ND,98.10,w8a8_dynamic
dynamic,MIX_AIC,"8,512;256,512",INT8;INT8,ND;ND,"8,256",DT_BF16,ND,97.78,w8a8_dynamic
dynamic,MIX_AIC,"8,1024;256,1024",INT8;INT8,ND;ND,"8,256",DT_BF16,ND,98.18,w8a8_dynamic
dynamic,MIX_AIC,"8,2048;256,2048",INT8;INT8,ND;ND,"8,256",DT_BF16,ND,98.78,w8a8_dynamic
dynamic,MIX_AIC,"8,4096;256,4096",INT8;INT8,ND;ND,"8,256",DT_BF16,ND,100.68,w8a8_dynamic
dynamic,MIX_AIC,"8,7168;256,7168",INT8;INT8,ND;ND,"8,256",DT_BF16,ND,99.34,w8a8_dynamic
dynamic,MIX_AIC,"8,8192;256,8192",INT8;INT8,ND;ND,"8,256",DT_BF16,ND,98.98,w8a8_dynamic
dynamic,MIX_AIC,"8,12288;256,12288",INT8;INT8,ND;ND,"8,256",DT_BF16,ND,97.60,w8a8_dynamic
dynamic,MIX_AIC,"8,16384;256,16384",INT8;INT8,ND;ND,"8,256",DT_BF16,ND,96.52,w8a8_dynamic
dynamic,MIX_AIC,"8,256;512,256",INT8;INT8,ND;ND,"8,512",DT_BF16,ND,94.10,w8a8_dynamic
dynamic,MIX_AIC,"8,512;512,512",INT8;INT8,ND;ND,"8,512",DT_BF16,ND,97.15,w8a8_dynamic
dynamic,MIX_AIC,"8,1024;512,1024",INT8;INT8,ND;ND,"8,512",DT_BF16,ND,97.31,w8a8_dynamic
dynamic,MIX_AIC,"8,2048;512,2048",INT8;INT8,ND;ND,"8,512",DT_BF16,ND,98.02,w8a8_dynamic
dynamic,MIX_AIC,"8,4096;512,4096",INT8;INT8,ND;ND,"8,512",DT_BF16,ND,99.14,w8a8_dynamic
dynamic,MIX_AIC,"8,7168;512,7168",INT8;INT8,ND;ND,"8,512",DT_BF16,ND,98.24,w8a8_dynamic
dynamic,MIX_AIC,"8,8192;512,8192",INT8;INT8,ND;ND,"8,512",DT_BF16,ND,109.26,w8a8_dynamic
dynamic,MIX_AIC,"8,12288;512,12288",INT8;INT8,ND;ND,"8,512",DT_BF16,ND,92.26,w8a8_dynamic
dynamic,MIX_AIC,"8,16384;512,16384",INT8;INT8,ND;ND,"8,512",DT_BF16,ND,91.03,w8a8_dynamic
dynamic,MIX_AIC,"8,256;1024,256",INT8;INT8,ND;ND,"8,1024",DT_BF16,ND,93.00,w8a8_dynamic
dynamic,MIX_AIC,"8,512;1024,512",INT8;INT8,ND;ND,"8,1024",DT_BF16,ND,92.39,w8a8_dynamic
dynamic,MIX_AIC,"8,1024;1024,1024",INT8;INT8,ND;ND,"8,1024",DT_BF16,ND,95.09,w8a8_dynamic
dynamic,MIX_AIC,"8,2048;1024,2048",INT8;INT8,ND;ND,"8,1024",DT_BF16,ND,94.21,w8a8_dynamic
dynamic,MIX_AIC,"8,4096;1024,4096",INT8;INT8,ND;ND,"8,1024",DT_BF16,ND,100.52,w8a8_dynamic
dynamic,MIX_AIC,"8,7168;1024,7168",INT8;INT8,ND;ND,"8,1024",DT_BF16,ND,94.84,w8a8_dynamic
dynamic,MIX_AIC,"8,8192;1024,8192",INT8;INT8,ND;ND,"8,1024",DT_BF16,ND,92.72,w8a8_dynamic
dynamic,MIX_AIC,"8,12288;1024,12288",INT8;INT8,ND;ND,"8,1024",DT_BF16,ND,90.60,w8a8_dynamic
dynamic,MIX_AIC,"8,16384;1024,16384",INT8;INT8,ND;ND,"8,1024",DT_BF16,ND,88.89,w8a8_dynamic
dynamic,MIX_AIC,"8,256;2048,256",INT8;INT8,ND;ND,"8,2048",DT_BF16,ND,91.38,w8a8_dynamic
dynamic,MIX_AIC,"8,512;2048,512",INT8;INT8,ND;ND,"8,2048",DT_BF16,ND,90.68,w8a8_dynamic
dynamic,MIX_AIC,"8,1024;2048,1024",INT8;INT8,ND;ND,"8,2048",DT_BF16,ND,91.93,w8a8_dynamic
dynamic,MIX_AIC,"8,2048;2048,2048",INT8;INT8,ND;ND,"8,2048",DT_BF16,ND,90.55,w8a8_dynamic
dynamic,MIX_AIC,"8,4096;2048,4096",INT8;INT8,ND;ND,"8,2048",DT_BF16,ND,111.81,w8a8_dynamic
dynamic,MIX_AIC,"8,7168;2048,7168",INT8;INT8,ND;ND,"8,2048",DT_BF16,ND,90.92,w8a8_dynamic
dynamic,MIX_AIC,"8,8192;2048,8192",INT8;INT8,ND;ND,"8,2048",DT_BF16,ND,90.87,w8a8_dynamic
dynamic,MIX_AIC,"8,12288;2048,12288",INT8;INT8,ND;ND,"8,2048",DT_BF16,ND,93.28,w8a8_dynamic
dynamic,MIX_AIC,"8,16384;2048,16384",INT8;INT8,ND;ND,"8,2048",DT_BF16,ND,90.30,w8a8_dynamic
dynamic,MIX_AIC,"8,256;4096,256",INT8;INT8,ND;ND,"8,4096",DT_BF16,ND,90.57,w8a8_dynamic
dynamic,MIX_AIC,"8,512;4096,512",INT8;INT8,ND;ND,"8,4096",DT_BF16,ND,99.70,w8a8_dynamic
dynamic,MIX_AIC,"8,1024;4096,1024",INT8;INT8,ND;ND,"8,4096",DT_BF16,ND,91.17,w8a8_dynamic
dynamic,MIX_AIC,"8,2048;4096,2048",INT8;INT8,ND;ND,"8,4096",DT_BF16,ND,91.18,w8a8_dynamic
dynamic,MIX_AIC,"8,4096;4096,4096",INT8;INT8,ND;ND,"8,4096",DT_BF16,ND,91.56,w8a8_dynamic
dynamic,MIX_AIC,"8,7168;4096,7168",INT8;INT8,ND;ND,"8,4096",DT_BF16,ND,90.83,w8a8_dynamic
dynamic,MIX_AIC,"8,8192;4096,8192",INT8;INT8,ND;ND,"8,4096",DT_BF16,ND,89.88,w8a8_dynamic
dynamic,MIX_AIC,"8,12288;4096,12288",INT8;INT8,ND;ND,"8,4096",DT_BF16,ND,92.25,w8a8_dynamic
dynamic,MIX_AIC,"8,16384;4096,16384",INT8;INT8,ND;ND,"8,4096",DT_BF16,ND,88.55,w8a8_dynamic
dynamic,MIX_AIC,"8,256;7168,256",INT8;INT8,ND;ND,"8,7168",DT_BF16,ND,88.51,w8a8_dynamic
dynamic,MIX_AIC,"8,512;7168,512",INT8;INT8,ND;ND,"8,7168",DT_BF16,ND,89.34,w8a8_dynamic
dynamic,MIX_AIC,"8,1024;7168,1024",INT8;INT8,ND;ND,"8,7168",DT_BF16,ND,95.59,w8a8_dynamic
dynamic,MIX_AIC,"8,2048;7168,2048",INT8;INT8,ND;ND,"8,7168",DT_BF16,ND,92.81,w8a8_dynamic
dynamic,MIX_AIC,"8,4096;7168,4096",INT8;INT8,ND;ND,"8,7168",DT_BF16,ND,99.07,w8a8_dynamic
dynamic,MIX_AIC,"8,7168;7168,7168",INT8;INT8,ND;ND,"8,7168",DT_BF16,ND,93.85,w8a8_dynamic
dynamic,MIX_AIC,"8,8192;7168,8192",INT8;INT8,ND;ND,"8,7168",DT_BF16,ND,92.30,w8a8_dynamic
dynamic,MIX_AIC,"8,12288;7168,12288",INT8;INT8,ND;ND,"8,7168",DT_BF16,ND,91.02,w8a8_dynamic
dynamic,MIX_AIC,"8,16384;7168,16384",INT8;INT8,ND;ND,"8,7168",DT_BF16,ND,91.17,w8a8_dynamic
dynamic,MIX_AIC,"8,256;8192,256",INT8;INT8,ND;ND,"8,8192",DT_BF16,ND,90.38,w8a8_dynamic
dynamic,MIX_AIC,"8,512;8192,512",INT8;INT8,ND;ND,"8,8192",DT_BF16,ND,91.11,w8a8_dynamic
dynamic,MIX_AIC,"8,1024;8192,1024",INT8;INT8,ND;ND,"8,8192",DT_BF16,ND,95.29,w8a8_dynamic
dynamic,MIX_AIC,"8,2048;8192,2048",INT8;INT8,ND;ND,"8,8192",DT_BF16,ND,90.16,w8a8_dynamic
dynamic,MIX_AIC,"8,4096;8192,4096",INT8;INT8,ND;ND,"8,8192",DT_BF16,ND,90.77,w8a8_dynamic
dynamic,MIX_AIC,"8,7168;8192,7168",INT8;INT8,ND;ND,"8,8192",DT_BF16,ND,90.95,w8a8_dynamic
dynamic,MIX_AIC,"8,8192;8192,8192",INT8;INT8,ND;ND,"8,8192",DT_BF16,ND,91.30,w8a8_dynamic
dynamic,MIX_AIC,"8,12288;8192,12288",INT8;INT8,ND;ND,"8,8192",DT_BF16,ND,91.47,w8a8_dynamic
dynamic,MIX_AIC,"8,16384;8192,16384",INT8;INT8,ND;ND,"8,8192",DT_BF16,ND,101.23,w8a8_dynamic
dynamic,MIX_AIC,"8,256;12288,256",INT8;INT8,ND;ND,"8,12288",DT_BF16,ND,93.10,w8a8_dynamic
dynamic,MIX_AIC,"8,512;12288,512",INT8;INT8,ND;ND,"8,12288",DT_BF16,ND,93.46,w8a8_dynamic
dynamic,MIX_AIC,"8,1024;12288,1024",INT8;INT8,ND;ND,"8,12288",DT_BF16,ND,93.34,w8a8_dynamic
dynamic,MIX_AIC,"8,2048;12288,2048",INT8;INT8,ND;ND,"8,12288",DT_BF16,ND,92.02,w8a8_dynamic
dynamic,MIX_AIC,"8,4096;12288,4096",INT8;INT8,ND;ND,"8,12288",DT_BF16,ND,99.52,w8a8_dynamic
dynamic,MIX_AIC,"8,7168;12288,7168",INT8;INT8,ND;ND,"8,12288",DT_BF16,ND,97.05,w8a8_dynamic
dynamic,MIX_AIC,"8,8192;12288,8192",INT8;INT8,ND;ND,"8,12288",DT_BF16,ND,97.51,w8a8_dynamic
dynamic,MIX_AIC,"8,12288;12288,12288",INT8;INT8,ND;ND,"8,12288",DT_BF16,ND,107.95,w8a8_dynamic
dynamic,MIX_AIC,"8,16384;12288,16384",INT8;INT8,ND;ND,"8,12288",DT_BF16,ND,141.53,w8a8_dynamic
dynamic,MIX_AIC,"8,256;16384,256",INT8;INT8,ND;ND,"8,16384",DT_BF16,ND,90.81,w8a8_dynamic
dynamic,MIX_AIC,"8,512;16384,512",INT8;INT8,ND;ND,"8,16384",DT_BF16,ND,91.89,w8a8_dynamic
dynamic,MIX_AIC,"8,1024;16384,1024",INT8;INT8,ND;ND,"8,16384",DT_BF16,ND,90.43,w8a8_dynamic
dynamic,MIX_AIC,"8,2048;16384,2048",INT8;INT8,ND;ND,"8,16384",DT_BF16,ND,89.05,w8a8_dynamic
dynamic,MIX_AIC,"8,4096;16384,4096",INT8;INT8,ND;ND,"8,16384",DT_BF16,ND,89.70,w8a8_dynamic
dynamic,MIX_AIC,"8,7168;16384,7168",INT8;INT8,ND;ND,"8,16384",DT_BF16,ND,90.74,w8a8_dynamic
dynamic,MIX_AIC,"8,8192;16384,8192",INT8;INT8,ND;ND,"8,16384",DT_BF16,ND,99.19,w8a8_dynamic
dynamic,MIX_AIC,"8,12288;16384,12288",INT8;INT8,ND;ND,"8,16384",DT_BF16,ND,142.83,w8a8_dynamic
dynamic,MIX_AIC,"8,16384;16384,16384",INT8;INT8,ND;ND,"8,16384",DT_BF16,ND,185.89,w8a8_dynamic
dynamic,MIX_AIC,"16,256;256,256",INT8;INT8,ND;ND,"16,256",DT_BF16,ND,110.12,w8a8_dynamic
dynamic,MIX_AIC,"16,512;256,512",INT8;INT8,ND;ND,"16,256",DT_BF16,ND,103.28,w8a8_dynamic
dynamic,MIX_AIC,"16,1024;256,1024",INT8;INT8,ND;ND,"16,256",DT_BF16,ND,119.90,w8a8_dynamic
dynamic,MIX_AIC,"16,2048;256,2048",INT8;INT8,ND;ND,"16,256",DT_BF16,ND,94.57,w8a8_dynamic
dynamic,MIX_AIC,"16,4096;256,4096",INT8;INT8,ND;ND,"16,256",DT_BF16,ND,92.23,w8a8_dynamic
dynamic,MIX_AIC,"16,7168;256,7168",INT8;INT8,ND;ND,"16,256",DT_BF16,ND,93.26,w8a8_dynamic
dynamic,MIX_AIC,"16,8192;256,8192",INT8;INT8,ND;ND,"16,256",DT_BF16,ND,94.52,w8a8_dynamic
dynamic,MIX_AIC,"16,12288;256,12288",INT8;INT8,ND;ND,"16,256",DT_BF16,ND,94.23,w8a8_dynamic
dynamic,MIX_AIC,"16,16384;256,16384",INT8;INT8,ND;ND,"16,256",DT_BF16,ND,93.34,w8a8_dynamic
dynamic,MIX_AIC,"16,256;512,256",INT8;INT8,ND;ND,"16,512",DT_BF16,ND,91.87,w8a8_dynamic
dynamic,MIX_AIC,"16,512;512,512",INT8;INT8,ND;ND,"16,512",DT_BF16,ND,94.98,w8a8_dynamic
dynamic,MIX_AIC,"16,1024;512,1024",INT8;INT8,ND;ND,"16,512",DT_BF16,ND,109.30,w8a8_dynamic
dynamic,MIX_AIC,"16,2048;512,2048",INT8;INT8,ND;ND,"16,512",DT_BF16,ND,97.42,w8a8_dynamic
dynamic,MIX_AIC,"16,4096;512,4096",INT8;INT8,ND;ND,"16,512",DT_BF16,ND,96.06,w8a8_dynamic
dynamic,MIX_AIC,"16,7168;512,7168",INT8;INT8,ND;ND,"16,512",DT_BF16,ND,96.35,w8a8_dynamic
dynamic,MIX_AIC,"16,8192;512,8192",INT8;INT8,ND;ND,"16,512",DT_BF16,ND,94.78,w8a8_dynamic
dynamic,MIX_AIC,"16,12288;512,12288",INT8;INT8,ND;ND,"16,512",DT_BF16,ND,93.74,w8a8_dynamic
dynamic,MIX_AIC,"16,16384;512,16384",INT8;INT8,ND;ND,"16,512",DT_BF16,ND,90.77,w8a8_dynamic
dynamic,MIX_AIC,"16,256;1024,256",INT8;INT8,ND;ND,"16,1024",DT_BF16,ND,92.21,w8a8_dynamic
dynamic,MIX_AIC,"16,512;1024,512",INT8;INT8,ND;ND,"16,1024",DT_BF16,ND,93.41,w8a8_dynamic
dynamic,MIX_AIC,"16,1024;1024,1024",INT8;INT8,ND;ND,"16,1024",DT_BF16,ND,94.21,w8a8_dynamic
dynamic,MIX_AIC,"16,2048;1024,2048",INT8;INT8,ND;ND,"16,1024",DT_BF16,ND,93.07,w8a8_dynamic
dynamic,MIX_AIC,"16,4096;1024,4096",INT8;INT8,ND;ND,"16,1024",DT_BF16,ND,99.40,w8a8_dynamic
dynamic,MIX_AIC,"16,7168;1024,7168",INT8;INT8,ND;ND,"16,1024",DT_BF16,ND,96.44,w8a8_dynamic
dynamic,MIX_AIC,"16,8192;1024,8192",INT8;INT8,ND;ND,"16,1024",DT_BF16,ND,98.40,w8a8_dynamic
dynamic,MIX_AIC,"16,12288;1024,12288",INT8;INT8,ND;ND,"16,1024",DT_BF16,ND,91.53,w8a8_dynamic
dynamic,MIX_AIC,"16,16384;1024,16384",INT8;INT8,ND;ND,"16,1024",DT_BF16,ND,125.33,w8a8_dynamic
dynamic,MIX_AIC,"16,256;2048,256",INT8;INT8,ND;ND,"16,2048",DT_BF16,ND,96.57,w8a8_dynamic
dynamic,MIX_AIC,"16,512;2048,512",INT8;INT8,ND;ND,"16,2048",DT_BF16,ND,96.08,w8a8_dynamic
dynamic,MIX_AIC,"16,1024;2048,1024",INT8;INT8,ND;ND,"16,2048",DT_BF16,ND,95.53,w8a8_dynamic
dynamic,MIX_AIC,"16,2048;2048,2048",INT8;INT8,ND;ND,"16,2048",DT_BF16,ND,93.11,w8a8_dynamic
dynamic,MIX_AIC,"16,4096;2048,4096",INT8;INT8,ND;ND,"16,2048",DT_BF16,ND,92.98,w8a8_dynamic
dynamic,MIX_AIC,"16,7168;2048,7168",INT8;INT8,ND;ND,"16,2048",DT_BF16,ND,91.74,w8a8_dynamic
dynamic,MIX_AIC,"16,8192;2048,8192",INT8;INT8,ND;ND,"16,2048",DT_BF16,ND,94.72,w8a8_dynamic
dynamic,MIX_AIC,"16,12288;2048,12288",INT8;INT8,ND;ND,"16,2048",DT_BF16,ND,94.25,w8a8_dynamic
dynamic,MIX_AIC,"16,16384;2048,16384",INT8;INT8,ND;ND,"16,2048",DT_BF16,ND,92.75,w8a8_dynamic
dynamic,MIX_AIC,"16,256;4096,256",INT8;INT8,ND;ND,"16,4096",DT_BF16,ND,93.83,w8a8_dynamic
dynamic,MIX_AIC,"16,512;4096,512",INT8;INT8,ND;ND,"16,4096",DT_BF16,ND,94.22,w8a8_dynamic
dynamic,MIX_AIC,"16,1024;4096,1024",INT8;INT8,ND;ND,"16,4096",DT_BF16,ND,94.31,w8a8_dynamic
dynamic,MIX_AIC,"16,2048;4096,2048",INT8;INT8,ND;ND,"16,4096",DT_BF16,ND,93.46,w8a8_dynamic
dynamic,MIX_AIC,"16,4096;4096,4096",INT8;INT8,ND;ND,"16,4096",DT_BF16,ND,94.26,w8a8_dynamic
dynamic,MIX_AIC,"16,7168;4096,7168",INT8;INT8,ND;ND,"16,4096",DT_BF16,ND,92.20,w8a8_dynamic
dynamic,MIX_AIC,"16,8192;4096,8192",INT8;INT8,ND;ND,"16,4096",DT_BF16,ND,89.07,w8a8_dynamic
dynamic,MIX_AIC,"16,12288;4096,12288",INT8;INT8,ND;ND,"16,4096",DT_BF16,ND,90.75,w8a8_dynamic
dynamic,MIX_AIC,"16,16384;4096,16384",INT8;INT8,ND;ND,"16,4096",DT_BF16,ND,96.78,w8a8_dynamic
dynamic,MIX_AIC,"16,256;7168,256",INT8;INT8,ND;ND,"16,7168",DT_BF16,ND,97.17,w8a8_dynamic
dynamic,MIX_AIC,"16,512;7168,512",INT8;INT8,ND;ND,"16,7168",DT_BF16,ND,94.97,w8a8_dynamic
dynamic,MIX_AIC,"16,1024;7168,1024",INT8;INT8,ND;ND,"16,7168",DT_BF16,ND,95.92,w8a8_dynamic
dynamic,MIX_AIC,"16,2048;7168,2048",INT8;INT8,ND;ND,"16,7168",DT_BF16,ND,91.89,w8a8_dynamic
dynamic,MIX_AIC,"16,4096;7168,4096",INT8;INT8,ND;ND,"16,7168",DT_BF16,ND,90.65,w8a8_dynamic
dynamic,MIX_AIC,"16,7168;7168,7168",INT8;INT8,ND;ND,"16,7168",DT_BF16,ND,88.72,w8a8_dynamic
dynamic,MIX_AIC,"16,8192;7168,8192",INT8;INT8,ND;ND,"16,7168",DT_BF16,ND,88.73,w8a8_dynamic
dynamic,MIX_AIC,"16,12288;7168,12288",INT8;INT8,ND;ND,"16,7168",DT_BF16,ND,91.05,w8a8_dynamic
dynamic,MIX_AIC,"16,16384;7168,16384",INT8;INT8,ND;ND,"16,7168",DT_BF16,ND,92.28,w8a8_dynamic
dynamic,MIX_AIC,"16,256;8192,256",INT8;INT8,ND;ND,"16,8192",DT_BF16,ND,93.79,w8a8_dynamic
dynamic,MIX_AIC,"16,512;8192,512",INT8;INT8,ND;ND,"16,8192",DT_BF16,ND,95.22,w8a8_dynamic
dynamic,MIX_AIC,"16,1024;8192,1024",INT8;INT8,ND;ND,"16,8192",DT_BF16,ND,94.35,w8a8_dynamic
dynamic,MIX_AIC,"16,2048;8192,2048",INT8;INT8,ND;ND,"16,8192",DT_BF16,ND,90.81,w8a8_dynamic
dynamic,MIX_AIC,"16,4096;8192,4096",INT8;INT8,ND;ND,"16,8192",DT_BF16,ND,93.49,w8a8_dynamic
dynamic,MIX_AIC,"16,7168;8192,7168",INT8;INT8,ND;ND,"16,8192",DT_BF16,ND,89.49,w8a8_dynamic
dynamic,MIX_AIC,"16,8192;8192,8192",INT8;INT8,ND;ND,"16,8192",DT_BF16,ND,91.28,w8a8_dynamic
dynamic,MIX_AIC,"16,12288;8192,12288",INT8;INT8,ND;ND,"16,8192",DT_BF16,ND,94.98,w8a8_dynamic
dynamic,MIX_AIC,"16,16384;8192,16384",INT8;INT8,ND;ND,"16,8192",DT_BF16,ND,102.39,w8a8_dynamic
dynamic,MIX_AIC,"16,256;12288,256",INT8;INT8,ND;ND,"16,12288",DT_BF16,ND,91.12,w8a8_dynamic
dynamic,MIX_AIC,"16,512;12288,512",INT8;INT8,ND;ND,"16,12288",DT_BF16,ND,92.36,w8a8_dynamic
dynamic,MIX_AIC,"16,1024;12288,1024",INT8;INT8,ND;ND,"16,12288",DT_BF16,ND,92.13,w8a8_dynamic
dynamic,MIX_AIC,"16,2048;12288,2048",INT8;INT8,ND;ND,"16,12288",DT_BF16,ND,91.52,w8a8_dynamic
dynamic,MIX_AIC,"16,4096;12288,4096",INT8;INT8,ND;ND,"16,12288",DT_BF16,ND,91.17,w8a8_dynamic
dynamic,MIX_AIC,"16,7168;12288,7168",INT8;INT8,ND;ND,"16,12288",DT_BF16,ND,96.94,w8a8_dynamic
dynamic,MIX_AIC,"16,8192;12288,8192",INT8;INT8,ND;ND,"16,12288",DT_BF16,ND,90.08,w8a8_dynamic
dynamic,MIX_AIC,"16,12288;12288,12288",INT8;INT8,ND;ND,"16,12288",DT_BF16,ND,108.66,w8a8_dynamic
dynamic,MIX_AIC,"16,16384;12288,16384",INT8;INT8,ND;ND,"16,12288",DT_BF16,ND,143.62,w8a8_dynamic
dynamic,MIX_AIC,"16,256;16384,256",INT8;INT8,ND;ND,"16,16384",DT_BF16,ND,99.36,w8a8_dynamic
dynamic,MIX_AIC,"16,512;16384,512",INT8;INT8,ND;ND,"16,16384",DT_BF16,ND,98.19,w8a8_dynamic
dynamic,MIX_AIC,"16,1024;16384,1024",INT8;INT8,ND;ND,"16,16384",DT_BF16,ND,97.62,w8a8_dynamic
dynamic,MIX_AIC,"16,2048;16384,2048",INT8;INT8,ND;ND,"16,16384",DT_BF16,ND,96.32,w8a8_dynamic
dynamic,MIX_AIC,"16,4096;16384,4096",INT8;INT8,ND;ND,"16,16384",DT_BF16,ND,95.46,w8a8_dynamic
dynamic,MIX_AIC,"16,7168;16384,7168",INT8;INT8,ND;ND,"16,16384",DT_BF16,ND,95.90,w8a8_dynamic
dynamic,MIX_AIC,"16,8192;16384,8192",INT8;INT8,ND;ND,"16,16384",DT_BF16,ND,101.53,w8a8_dynamic
dynamic,MIX_AIC,"16,12288;16384,12288",INT8;INT8,ND;ND,"16,16384",DT_BF16,ND,143.04,w8a8_dynamic
dynamic,MIX_AIC,"16,16384;16384,16384",INT8;INT8,ND;ND,"16,16384",DT_BF16,ND,186.42,w8a8_dynamic
dynamic,MIX_AIC,"32,256;256,256",INT8;INT8,ND;ND,"32,256",DT_BF16,ND,92.50,w8a8_dynamic
dynamic,MIX_AIC,"32,512;256,512",INT8;INT8,ND;ND,"32,256",DT_BF16,ND,92.56,w8a8_dynamic
dynamic,MIX_AIC,"32,1024;256,1024",INT8;INT8,ND;ND,"32,256",DT_BF16,ND,91.91,w8a8_dynamic
dynamic,MIX_AIC,"32,2048;256,2048",INT8;INT8,ND;ND,"32,256",DT_BF16,ND,91.73,w8a8_dynamic
dynamic,MIX_AIC,"32,4096;256,4096",INT8;INT8,ND;ND,"32,256",DT_BF16,ND,91.08,w8a8_dynamic
dynamic,MIX_AIC,"32,7168;256,7168",INT8;INT8,ND;ND,"32,256",DT_BF16,ND,92.15,w8a8_dynamic
dynamic,MIX_AIC,"32,8192;256,8192",INT8;INT8,ND;ND,"32,256",DT_BF16,ND,92.06,w8a8_dynamic
dynamic,MIX_AIC,"32,12288;256,12288",INT8;INT8,ND;ND,"32,256",DT_BF16,ND,91.82,w8a8_dynamic
dynamic,MIX_AIC,"32,16384;256,16384",INT8;INT8,ND;ND,"32,256",DT_BF16,ND,92.38,w8a8_dynamic
dynamic,MIX_AIC,"32,256;512,256",INT8;INT8,ND;ND,"32,512",DT_BF16,ND,92.93,w8a8_dynamic
dynamic,MIX_AIC,"32,512;512,512",INT8;INT8,ND;ND,"32,512",DT_BF16,ND,90.95,w8a8_dynamic
dynamic,MIX_AIC,"32,1024;512,1024",INT8;INT8,ND;ND,"32,512",DT_BF16,ND,89.70,w8a8_dynamic
dynamic,MIX_AIC,"32,2048;512,2048",INT8;INT8,ND;ND,"32,512",DT_BF16,ND,90.55,w8a8_dynamic
dynamic,MIX_AIC,"32,4096;512,4096",INT8;INT8,ND;ND,"32,512",DT_BF16,ND,90.06,w8a8_dynamic
dynamic,MIX_AIC,"32,7168;512,7168",INT8;INT8,ND;ND,"32,512",DT_BF16,ND,92.02,w8a8_dynamic
dynamic,MIX_AIC,"32,8192;512,8192",INT8;INT8,ND;ND,"32,512",DT_BF16,ND,91.05,w8a8_dynamic
dynamic,MIX_AIC,"32,12288;512,12288",INT8;INT8,ND;ND,"32,512",DT_BF16,ND,124.14,w8a8_dynamic
dynamic,MIX_AIC,"32,16384;512,16384",INT8;INT8,ND;ND,"32,512",DT_BF16,ND,94.87,w8a8_dynamic
dynamic,MIX_AIC,"32,256;1024,256",INT8;INT8,ND;ND,"32,1024",DT_BF16,ND,96.03,w8a8_dynamic
dynamic,MIX_AIC,"32,512;1024,512",INT8;INT8,ND;ND,"32,1024",DT_BF16,ND,96.28,w8a8_dynamic
dynamic,MIX_AIC,"32,1024;1024,1024",INT8;INT8,ND;ND,"32,1024",DT_BF16,ND,96.70,w8a8_dynamic
dynamic,MIX_AIC,"32,2048;1024,2048",INT8;INT8,ND;ND,"32,1024",DT_BF16,ND,97.29,w8a8_dynamic
dynamic,MIX_AIC,"32,4096;1024,4096",INT8;INT8,ND;ND,"32,1024",DT_BF16,ND,97.20,w8a8_dynamic
dynamic,MIX_AIC,"32,7168;1024,7168",INT8;INT8,ND;ND,"32,1024",DT_BF16,ND,112.63,w8a8_dynamic
dynamic,MIX_AIC,"32,8192;1024,8192",INT8;INT8,ND;ND,"32,1024",DT_BF16,ND,107.08,w8a8_dynamic
dynamic,MIX_AIC,"32,12288;1024,12288",INT8;INT8,ND;ND,"32,1024",DT_BF16,ND,103.70,w8a8_dynamic
dynamic,MIX_AIC,"32,16384;1024,16384",INT8;INT8,ND;ND,"32,1024",DT_BF16,ND,102.30,w8a8_dynamic
dynamic,MIX_AIC,"32,256;2048,256",INT8;INT8,ND;ND,"32,2048",DT_BF16,ND,103.23,w8a8_dynamic
dynamic,MIX_AIC,"32,512;2048,512",INT8;INT8,ND;ND,"32,2048",DT_BF16,ND,103.45,w8a8_dynamic
dynamic,MIX_AIC,"32,1024;2048,1024",INT8;INT8,ND;ND,"32,2048",DT_BF16,ND,104.33,w8a8_dynamic
dynamic,MIX_AIC,"32,2048;2048,2048",INT8;INT8,ND;ND,"32,2048",DT_BF16,ND,108.53,w8a8_dynamic
dynamic,MIX_AIC,"32,4096;2048,4096",INT8;INT8,ND;ND,"32,2048",DT_BF16,ND,90.11,w8a8_dynamic
dynamic,MIX_AIC,"32,7168;2048,7168",INT8;INT8,ND;ND,"32,2048",DT_BF16,ND,94.45,w8a8_dynamic
dynamic,MIX_AIC,"32,8192;2048,8192",INT8;INT8,ND;ND,"32,2048",DT_BF16,ND,92.59,w8a8_dynamic
dynamic,MIX_AIC,"32,12288;2048,12288",INT8;INT8,ND;ND,"32,2048",DT_BF16,ND,92.74,w8a8_dynamic
dynamic,MIX_AIC,"32,16384;2048,16384",INT8;INT8,ND;ND,"32,2048",DT_BF16,ND,92.51,w8a8_dynamic
dynamic,MIX_AIC,"32,256;4096,256",INT8;INT8,ND;ND,"32,4096",DT_BF16,ND,92.76,w8a8_dynamic
dynamic,MIX_AIC,"32,512;4096,512",INT8;INT8,ND;ND,"32,4096",DT_BF16,ND,92.82,w8a8_dynamic
dynamic,MIX_AIC,"32,1024;4096,1024",INT8;INT8,ND;ND,"32,4096",DT_BF16,ND,93.52,w8a8_dynamic
dynamic,MIX_AIC,"32,2048;4096,2048",INT8;INT8,ND;ND,"32,4096",DT_BF16,ND,93.89,w8a8_dynamic
dynamic,MIX_AIC,"32,4096;4096,4096",INT8;INT8,ND;ND,"32,4096",DT_BF16,ND,96.69,w8a8_dynamic
dynamic,MIX_AIC,"32,7168;4096,7168",INT8;INT8,ND;ND,"32,4096",DT_BF16,ND,95.08,w8a8_dynamic
dynamic,MIX_AIC,"32,8192;4096,8192",INT8;INT8,ND;ND,"32,4096",DT_BF16,ND,91.07,w8a8_dynamic
dynamic,MIX_AIC,"32,12288;4096,12288",INT8;INT8,ND;ND,"32,4096",DT_BF16,ND,99.94,w8a8_dynamic
dynamic,MIX_AIC,"32,16384;4096,16384",INT8;INT8,ND;ND,"32,4096",DT_BF16,ND,90.05,w8a8_dynamic
dynamic,MIX_AIC,"32,256;7168,256",INT8;INT8,ND;ND,"32,7168",DT_BF16,ND,91.39,w8a8_dynamic
dynamic,MIX_AIC,"32,512;7168,512",INT8;INT8,ND;ND,"32,7168",DT_BF16,ND,91.54,w8a8_dynamic
dynamic,MIX_AIC,"32,1024;7168,1024",INT8;INT8,ND;ND,"32,7168",DT_BF16,ND,93.29,w8a8_dynamic
dynamic,MIX_AIC,"32,2048;7168,2048",INT8;INT8,ND;ND,"32,7168",DT_BF16,ND,93.01,w8a8_dynamic
dynamic,MIX_AIC,"32,4096;7168,4096",INT8;INT8,ND;ND,"32,7168",DT_BF16,ND,91.28,w8a8_dynamic
dynamic,MIX_AIC,"32,7168;7168,7168",INT8;INT8,ND;ND,"32,7168",DT_BF16,ND,94.69,w8a8_dynamic
dynamic,MIX_AIC,"32,8192;7168,8192",INT8;INT8,ND;ND,"32,7168",DT_BF16,ND,91.60,w8a8_dynamic
dynamic,MIX_AIC,"32,12288;7168,12288",INT8;INT8,ND;ND,"32,7168",DT_BF16,ND,91.32,w8a8_dynamic
dynamic,MIX_AIC,"32,16384;7168,16384",INT8;INT8,ND;ND,"32,7168",DT_BF16,ND,95.29,w8a8_dynamic
dynamic,MIX_AIC,"32,256;8192,256",INT8;INT8,ND;ND,"32,8192",DT_BF16,ND,91.36,w8a8_dynamic
dynamic,MIX_AIC,"32,512;8192,512",INT8;INT8,ND;ND,"32,8192",DT_BF16,ND,89.22,w8a8_dynamic
dynamic,MIX_AIC,"32,1024;8192,1024",INT8;INT8,ND;ND,"32,8192",DT_BF16,ND,92.65,w8a8_dynamic
dynamic,MIX_AIC,"32,2048;8192,2048",INT8;INT8,ND;ND,"32,8192",DT_BF16,ND,96.04,w8a8_dynamic
dynamic,MIX_AIC,"32,4096;8192,4096",INT8;INT8,ND;ND,"32,8192",DT_BF16,ND,92.52,w8a8_dynamic
dynamic,MIX_AIC,"32,7168;8192,7168",INT8;INT8,ND;ND,"32,8192",DT_BF16,ND,92.08,w8a8_dynamic
dynamic,MIX_AIC,"32,8192;8192,8192",INT8;INT8,ND;ND,"32,8192",DT_BF16,ND,93.50,w8a8_dynamic
dynamic,MIX_AIC,"32,12288;8192,12288",INT8;INT8,ND;ND,"32,8192",DT_BF16,ND,95.33,w8a8_dynamic
dynamic,MIX_AIC,"32,16384;8192,16384",INT8;INT8,ND;ND,"32,8192",DT_BF16,ND,107.91,w8a8_dynamic
dynamic,MIX_AIC,"32,256;12288,256",INT8;INT8,ND;ND,"32,12288",DT_BF16,ND,92.25,w8a8_dynamic
dynamic,MIX_AIC,"32,512;12288,512",INT8;INT8,ND;ND,"32,12288",DT_BF16,ND,91.60,w8a8_dynamic
dynamic,MIX_AIC,"32,1024;12288,1024",INT8;INT8,ND;ND,"32,12288",DT_BF16,ND,89.29,w8a8_dynamic
dynamic,MIX_AIC,"32,2048;12288,2048",INT8;INT8,ND;ND,"32,12288",DT_BF16,ND,91.39,w8a8_dynamic
dynamic,MIX_AIC,"32,4096;12288,4096",INT8;INT8,ND;ND,"32,12288",DT_BF16,ND,91.88,w8a8_dynamic
dynamic,MIX_AIC,"32,7168;12288,7168",INT8;INT8,ND;ND,"32,12288",DT_BF16,ND,90.36,w8a8_dynamic
dynamic,MIX_AIC,"32,8192;12288,8192",INT8;INT8,ND;ND,"32,12288",DT_BF16,ND,90.61,w8a8_dynamic
dynamic,MIX_AIC,"32,12288;12288,12288",INT8;INT8,ND;ND,"32,12288",DT_BF16,ND,117.15,w8a8_dynamic
dynamic,MIX_AIC,"32,16384;12288,16384",INT8;INT8,ND;ND,"32,12288",DT_BF16,ND,142.30,w8a8_dynamic
dynamic,MIX_AIC,"32,256;16384,256",INT8;INT8,ND;ND,"32,16384",DT_BF16,ND,107.42,w8a8_dynamic
dynamic,MIX_AIC,"32,512;16384,512",INT8;INT8,ND;ND,"32,16384",DT_BF16,ND,131.51,w8a8_dynamic
dynamic,MIX_AIC,"32,1024;16384,1024",INT8;INT8,ND;ND,"32,16384",DT_BF16,ND,107.26,w8a8_dynamic
dynamic,MIX_AIC,"32,2048;16384,2048",INT8;INT8,ND;ND,"32,16384",DT_BF16,ND,91.68,w8a8_dynamic
dynamic,MIX_AIC,"32,4096;16384,4096",INT8;INT8,ND;ND,"32,16384",DT_BF16,ND,94.37,w8a8_dynamic
dynamic,MIX_AIC,"32,7168;16384,7168",INT8;INT8,ND;ND,"32,16384",DT_BF16,ND,93.36,w8a8_dynamic
dynamic,MIX_AIC,"32,8192;16384,8192",INT8;INT8,ND;ND,"32,16384",DT_BF16,ND,103.25,w8a8_dynamic
dynamic,MIX_AIC,"32,12288;16384,12288",INT8;INT8,ND;ND,"32,16384",DT_BF16,ND,147.40,w8a8_dynamic
dynamic,MIX_AIC,"32,16384;16384,16384",INT8;INT8,ND;ND,"32,16384",DT_BF16,ND,187.73,w8a8_dynamic
dynamic,MIX_AIC,"64,256;256,256",INT8;INT8,ND;ND,"64,256",DT_BF16,ND,90.03,w8a8_dynamic
dynamic,MIX_AIC,"64,512;256,512",INT8;INT8,ND;ND,"64,256",DT_BF16,ND,90.84,w8a8_dynamic
dynamic,MIX_AIC,"64,1024;256,1024",INT8;INT8,ND;ND,"64,256",DT_BF16,ND,91.29,w8a8_dynamic
dynamic,MIX_AIC,"64,2048;256,2048",INT8;INT8,ND;ND,"64,256",DT_BF16,ND,91.01,w8a8_dynamic
dynamic,MIX_AIC,"64,4096;256,4096",INT8;INT8,ND;ND,"64,256",DT_BF16,ND,91.29,w8a8_dynamic
dynamic,MIX_AIC,"64,7168;256,7168",INT8;INT8,ND;ND,"64,256",DT_BF16,ND,93.09,w8a8_dynamic
dynamic,MIX_AIC,"64,8192;256,8192",INT8;INT8,ND;ND,"64,256",DT_BF16,ND,93.00,w8a8_dynamic
dynamic,MIX_AIC,"64,12288;256,12288",INT8;INT8,ND;ND,"64,256",DT_BF16,ND,92.32,w8a8_dynamic
dynamic,MIX_AIC,"64,16384;256,16384",INT8;INT8,ND;ND,"64,256",DT_BF16,ND,93.26,w8a8_dynamic
dynamic,MIX_AIC,"64,256;512,256",INT8;INT8,ND;ND,"64,512",DT_BF16,ND,92.57,w8a8_dynamic
dynamic,MIX_AIC,"64,512;512,512",INT8;INT8,ND;ND,"64,512",DT_BF16,ND,91.18,w8a8_dynamic
dynamic,MIX_AIC,"64,1024;512,1024",INT8;INT8,ND;ND,"64,512",DT_BF16,ND,91.54,w8a8_dynamic
dynamic,MIX_AIC,"64,2048;512,2048",INT8;INT8,ND;ND,"64,512",DT_BF16,ND,91.46,w8a8_dynamic
dynamic,MIX_AIC,"64,4096;512,4096",INT8;INT8,ND;ND,"64,512",DT_BF16,ND,92.80,w8a8_dynamic
dynamic,MIX_AIC,"64,7168;512,7168",INT8;INT8,ND;ND,"64,512",DT_BF16,ND,111.33,w8a8_dynamic
dynamic,MIX_AIC,"64,8192;512,8192",INT8;INT8,ND;ND,"64,512",DT_BF16,ND,91.92,w8a8_dynamic
dynamic,MIX_AIC,"64,12288;512,12288",INT8;INT8,ND;ND,"64,512",DT_BF16,ND,106.81,w8a8_dynamic
dynamic,MIX_AIC,"64,16384;512,16384",INT8;INT8,ND;ND,"64,512",DT_BF16,ND,116.73,w8a8_dynamic
dynamic,MIX_AIC,"64,256;1024,256",INT8;INT8,ND;ND,"64,1024",DT_BF16,ND,123.32,w8a8_dynamic
dynamic,MIX_AIC,"64,512;1024,512",INT8;INT8,ND;ND,"64,1024",DT_BF16,ND,116.14,w8a8_dynamic
dynamic,MIX_AIC,"64,1024;1024,1024",INT8;INT8,ND;ND,"64,1024",DT_BF16,ND,112.49,w8a8_dynamic
dynamic,MIX_AIC,"64,2048;1024,2048",INT8;INT8,ND;ND,"64,1024",DT_BF16,ND,111.83,w8a8_dynamic
dynamic,MIX_AIC,"64,4096;1024,4096",INT8;INT8,ND;ND,"64,1024",DT_BF16,ND,114.20,w8a8_dynamic
dynamic,MIX_AIC,"64,7168;1024,7168",INT8;INT8,ND;ND,"64,1024",DT_BF16,ND,120.99,w8a8_dynamic
dynamic,MIX_AIC,"64,8192;1024,8192",INT8;INT8,ND;ND,"64,1024",DT_BF16,ND,115.33,w8a8_dynamic
dynamic,MIX_AIC,"64,12288;1024,12288",INT8;INT8,ND;ND,"64,1024",DT_BF16,ND,113.97,w8a8_dynamic
dynamic,MIX_AIC,"64,16384;1024,16384",INT8;INT8,ND;ND,"64,1024",DT_BF16,ND,95.86,w8a8_dynamic
dynamic,MIX_AIC,"64,256;2048,256",INT8;INT8,ND;ND,"64,2048",DT_BF16,ND,98.43,w8a8_dynamic
dynamic,MIX_AIC,"64,512;2048,512",INT8;INT8,ND;ND,"64,2048",DT_BF16,ND,94.81,w8a8_dynamic
dynamic,MIX_AIC,"64,1024;2048,1024",INT8;INT8,ND;ND,"64,2048",DT_BF16,ND,93.94,w8a8_dynamic
dynamic,MIX_AIC,"64,2048;2048,2048",INT8;INT8,ND;ND,"64,2048",DT_BF16,ND,98.16,w8a8_dynamic
dynamic,MIX_AIC,"64,4096;2048,4096",INT8;INT8,ND;ND,"64,2048",DT_BF16,ND,95.18,w8a8_dynamic
dynamic,MIX_AIC,"64,7168;2048,7168",INT8;INT8,ND;ND,"64,2048",DT_BF16,ND,94.95,w8a8_dynamic
dynamic,MIX_AIC,"64,8192;2048,8192",INT8;INT8,ND;ND,"64,2048",DT_BF16,ND,93.56,w8a8_dynamic
dynamic,MIX_AIC,"64,12288;2048,12288",INT8;INT8,ND;ND,"64,2048",DT_BF16,ND,122.74,w8a8_dynamic
dynamic,MIX_AIC,"64,16384;2048,16384",INT8;INT8,ND;ND,"64,2048",DT_BF16,ND,94.92,w8a8_dynamic
dynamic,MIX_AIC,"64,256;4096,256",INT8;INT8,ND;ND,"64,4096",DT_BF16,ND,94.49,w8a8_dynamic
dynamic,MIX_AIC,"64,512;4096,512",INT8;INT8,ND;ND,"64,4096",DT_BF16,ND,93.77,w8a8_dynamic
dynamic,MIX_AIC,"64,1024;4096,1024",INT8;INT8,ND;ND,"64,4096",DT_BF16,ND,94.37,w8a8_dynamic
dynamic,MIX_AIC,"64,2048;4096,2048",INT8;INT8,ND;ND,"64,4096",DT_BF16,ND,94.25,w8a8_dynamic
dynamic,MIX_AIC,"64,4096;4096,4096",INT8;INT8,ND;ND,"64,4096",DT_BF16,ND,95.22,w8a8_dynamic
dynamic,MIX_AIC,"64,7168;4096,7168",INT8;INT8,ND;ND,"64,4096",DT_BF16,ND,94.40,w8a8_dynamic
dynamic,MIX_AIC,"64,8192;4096,8192",INT8;INT8,ND;ND,"64,4096",DT_BF16,ND,93.84,w8a8_dynamic
dynamic,MIX_AIC,"64,12288;4096,12288",INT8;INT8,ND;ND,"64,4096",DT_BF16,ND,97.67,w8a8_dynamic
dynamic,MIX_AIC,"64,16384;4096,16384",INT8;INT8,ND;ND,"64,4096",DT_BF16,ND,94.56,w8a8_dynamic
dynamic,MIX_AIC,"64,256;7168,256",INT8;INT8,ND;ND,"64,7168",DT_BF16,ND,95.95,w8a8_dynamic
dynamic,MIX_AIC,"64,512;7168,512",INT8;INT8,ND;ND,"64,7168",DT_BF16,ND,95.44,w8a8_dynamic
dynamic,MIX_AIC,"64,1024;7168,1024",INT8;INT8,ND;ND,"64,7168",DT_BF16,ND,97.27,w8a8_dynamic
dynamic,MIX_AIC,"64,2048;7168,2048",INT8;INT8,ND;ND,"64,7168",DT_BF16,ND,92.23,w8a8_dynamic
dynamic,MIX_AIC,"64,4096;7168,4096",INT8;INT8,ND;ND,"64,7168",DT_BF16,ND,92.35,w8a8_dynamic
dynamic,MIX_AIC,"64,7168;7168,7168",INT8;INT8,ND;ND,"64,7168",DT_BF16,ND,89.65,w8a8_dynamic
dynamic,MIX_AIC,"64,8192;7168,8192",INT8;INT8,ND;ND,"64,7168",DT_BF16,ND,100.64,w8a8_dynamic
dynamic,MIX_AIC,"64,12288;7168,12288",INT8;INT8,ND;ND,"64,7168",DT_BF16,ND,90.88,w8a8_dynamic
dynamic,MIX_AIC,"64,16384;7168,16384",INT8;INT8,ND;ND,"64,7168",DT_BF16,ND,98.72,w8a8_dynamic
dynamic,MIX_AIC,"64,256;8192,256",INT8;INT8,ND;ND,"64,8192",DT_BF16,ND,93.23,w8a8_dynamic
dynamic,MIX_AIC,"64,512;8192,512",INT8;INT8,ND;ND,"64,8192",DT_BF16,ND,93.81,w8a8_dynamic
dynamic,MIX_AIC,"64,1024;8192,1024",INT8;INT8,ND;ND,"64,8192",DT_BF16,ND,90.76,w8a8_dynamic
dynamic,MIX_AIC,"64,2048;8192,2048",INT8;INT8,ND;ND,"64,8192",DT_BF16,ND,91.69,w8a8_dynamic
dynamic,MIX_AIC,"64,4096;8192,4096",INT8;INT8,ND;ND,"64,8192",DT_BF16,ND,94.74,w8a8_dynamic
dynamic,MIX_AIC,"64,7168;8192,7168",INT8;INT8,ND;ND,"64,8192",DT_BF16,ND,91.79,w8a8_dynamic
dynamic,MIX_AIC,"64,8192;8192,8192",INT8;INT8,ND;ND,"64,8192",DT_BF16,ND,90.25,w8a8_dynamic
dynamic,MIX_AIC,"64,12288;8192,12288",INT8;INT8,ND;ND,"64,8192",DT_BF16,ND,91.31,w8a8_dynamic
dynamic,MIX_AIC,"64,16384;8192,16384",INT8;INT8,ND;ND,"64,8192",DT_BF16,ND,107.62,w8a8_dynamic
dynamic,MIX_AIC,"64,256;12288,256",INT8;INT8,ND;ND,"64,12288",DT_BF16,ND,96.55,w8a8_dynamic
dynamic,MIX_AIC,"64,512;12288,512",INT8;INT8,ND;ND,"64,12288",DT_BF16,ND,96.04,w8a8_dynamic
dynamic,MIX_AIC,"64,1024;12288,1024",INT8;INT8,ND;ND,"64,12288",DT_BF16,ND,91.03,w8a8_dynamic
dynamic,MIX_AIC,"64,2048;12288,2048",INT8;INT8,ND;ND,"64,12288",DT_BF16,ND,92.66,w8a8_dynamic
dynamic,MIX_AIC,"64,4096;12288,4096",INT8;INT8,ND;ND,"64,12288",DT_BF16,ND,105.54,w8a8_dynamic
dynamic,MIX_AIC,"64,7168;12288,7168",INT8;INT8,ND;ND,"64,12288",DT_BF16,ND,91.95,w8a8_dynamic
dynamic,MIX_AIC,"64,8192;12288,8192",INT8;INT8,ND;ND,"64,12288",DT_BF16,ND,91.70,w8a8_dynamic
dynamic,MIX_AIC,"64,12288;12288,12288",INT8;INT8,ND;ND,"64,12288",DT_BF16,ND,119.79,w8a8_dynamic
dynamic,MIX_AIC,"64,16384;12288,16384",INT8;INT8,ND;ND,"64,12288",DT_BF16,ND,148.97,w8a8_dynamic
dynamic,MIX_AIC,"64,256;16384,256",INT8;INT8,ND;ND,"64,16384",DT_BF16,ND,90.22,w8a8_dynamic
dynamic,MIX_AIC,"64,512;16384,512",INT8;INT8,ND;ND,"64,16384",DT_BF16,ND,91.50,w8a8_dynamic
dynamic,MIX_AIC,"64,1024;16384,1024",INT8;INT8,ND;ND,"64,16384",DT_BF16,ND,91.53,w8a8_dynamic
dynamic,MIX_AIC,"64,2048;16384,2048",INT8;INT8,ND;ND,"64,16384",DT_BF16,ND,90.85,w8a8_dynamic
dynamic,MIX_AIC,"64,4096;16384,4096",INT8;INT8,ND;ND,"64,16384",DT_BF16,ND,89.45,w8a8_dynamic
dynamic,MIX_AIC,"64,7168;16384,7168",INT8;INT8,ND;ND,"64,16384",DT_BF16,ND,97.75,w8a8_dynamic
dynamic,MIX_AIC,"64,8192;16384,8192",INT8;INT8,ND;ND,"64,16384",DT_BF16,ND,107.25,w8a8_dynamic
dynamic,MIX_AIC,"64,12288;16384,12288",INT8;INT8,ND;ND,"64,16384",DT_BF16,ND,149.90,w8a8_dynamic
dynamic,MIX_AIC,"64,16384;16384,16384",INT8;INT8,ND;ND,"64,16384",DT_BF16,ND,194.78,w8a8_dynamic
dynamic,MIX_AIC,"128,256;256,256",INT8;INT8,ND;ND,"128,256",DT_BF16,ND,89.34,w8a8_dynamic
dynamic,MIX_AIC,"128,512;256,512",INT8;INT8,ND;ND,"128,256",DT_BF16,ND,90.17,w8a8_dynamic
dynamic,MIX_AIC,"128,1024;256,1024",INT8;INT8,ND;ND,"128,256",DT_BF16,ND,88.30,w8a8_dynamic
dynamic,MIX_AIC,"128,2048;256,2048",INT8;INT8,ND;ND,"128,256",DT_BF16,ND,90.39,w8a8_dynamic
dynamic,MIX_AIC,"128,4096;256,4096",INT8;INT8,ND;ND,"128,256",DT_BF16,ND,91.84,w8a8_dynamic
dynamic,MIX_AIC,"128,7168;256,7168",INT8;INT8,ND;ND,"128,256",DT_BF16,ND,92.32,w8a8_dynamic
dynamic,MIX_AIC,"128,8192;256,8192",INT8;INT8,ND;ND,"128,256",DT_BF16,ND,90.33,w8a8_dynamic
dynamic,MIX_AIC,"128,12288;256,12288",INT8;INT8,ND;ND,"128,256",DT_BF16,ND,91.00,w8a8_dynamic
dynamic,MIX_AIC,"128,16384;256,16384",INT8;INT8,ND;ND,"128,256",DT_BF16,ND,91.55,w8a8_dynamic
dynamic,MIX_AIC,"128,256;512,256",INT8;INT8,ND;ND,"128,512",DT_BF16,ND,92.18,w8a8_dynamic
dynamic,MIX_AIC,"128,512;512,512",INT8;INT8,ND;ND,"128,512",DT_BF16,ND,90.88,w8a8_dynamic
dynamic,MIX_AIC,"128,1024;512,1024",INT8;INT8,ND;ND,"128,512",DT_BF16,ND,91.81,w8a8_dynamic
dynamic,MIX_AIC,"128,2048;512,2048",INT8;INT8,ND;ND,"128,512",DT_BF16,ND,93.84,w8a8_dynamic
dynamic,MIX_AIC,"128,4096;512,4096",INT8;INT8,ND;ND,"128,512",DT_BF16,ND,92.40,w8a8_dynamic
dynamic,MIX_AIC,"128,7168;512,7168",INT8;INT8,ND;ND,"128,512",DT_BF16,ND,92.62,w8a8_dynamic
dynamic,MIX_AIC,"128,8192;512,8192",INT8;INT8,ND;ND,"128,512",DT_BF16,ND,91.60,w8a8_dynamic
dynamic,MIX_AIC,"128,12288;512,12288",INT8;INT8,ND;ND,"128,512",DT_BF16,ND,92.79,w8a8_dynamic
dynamic,MIX_AIC,"128,16384;512,16384",INT8;INT8,ND;ND,"128,512",DT_BF16,ND,92.17,w8a8_dynamic
dynamic,MIX_AIC,"128,256;1024,256",INT8;INT8,ND;ND,"128,1024",DT_BF16,ND,96.93,w8a8_dynamic
dynamic,MIX_AIC,"128,512;1024,512",INT8;INT8,ND;ND,"128,1024",DT_BF16,ND,93.61,w8a8_dynamic
dynamic,MIX_AIC,"128,1024;1024,1024",INT8;INT8,ND;ND,"128,1024",DT_BF16,ND,95.56,w8a8_dynamic
dynamic,MIX_AIC,"128,2048;1024,2048",INT8;INT8,ND;ND,"128,1024",DT_BF16,ND,95.41,w8a8_dynamic
dynamic,MIX_AIC,"128,4096;1024,4096",INT8;INT8,ND;ND,"128,1024",DT_BF16,ND,96.37,w8a8_dynamic
dynamic,MIX_AIC,"128,7168;1024,7168",INT8;INT8,ND;ND,"128,1024",DT_BF16,ND,96.22,w8a8_dynamic
dynamic,MIX_AIC,"128,8192;1024,8192",INT8;INT8,ND;ND,"128,1024",DT_BF16,ND,93.28,w8a8_dynamic
dynamic,MIX_AIC,"128,12288;1024,12288",INT8;INT8,ND;ND,"128,1024",DT_BF16,ND,116.99,w8a8_dynamic
dynamic,MIX_AIC,"128,16384;1024,16384",INT8;INT8,ND;ND,"128,1024",DT_BF16,ND,109.22,w8a8_dynamic
dynamic,MIX_AIC,"128,256;2048,256",INT8;INT8,ND;ND,"128,2048",DT_BF16,ND,111.16,w8a8_dynamic
dynamic,MIX_AIC,"128,512;2048,512",INT8;INT8,ND;ND,"128,2048",DT_BF16,ND,112.43,w8a8_dynamic
dynamic,MIX_AIC,"128,1024;2048,1024",INT8;INT8,ND;ND,"128,2048",DT_BF16,ND,110.93,w8a8_dynamic
dynamic,MIX_AIC,"128,2048;2048,2048",INT8;INT8,ND;ND,"128,2048",DT_BF16,ND,111.29,w8a8_dynamic
dynamic,MIX_AIC,"128,4096;2048,4096",INT8;INT8,ND;ND,"128,2048",DT_BF16,ND,107.55,w8a8_dynamic
dynamic,MIX_AIC,"128,7168;2048,7168",INT8;INT8,ND;ND,"128,2048",DT_BF16,ND,93.21,w8a8_dynamic
dynamic,MIX_AIC,"128,8192;2048,8192",INT8;INT8,ND;ND,"128,2048",DT_BF16,ND,108.78,w8a8_dynamic
dynamic,MIX_AIC,"128,12288;2048,12288",INT8;INT8,ND;ND,"128,2048",DT_BF16,ND,107.42,w8a8_dynamic
dynamic,MIX_AIC,"128,16384;2048,16384",INT8;INT8,ND;ND,"128,2048",DT_BF16,ND,90.33,w8a8_dynamic
dynamic,MIX_AIC,"128,256;4096,256",INT8;INT8,ND;ND,"128,4096",DT_BF16,ND,92.54,w8a8_dynamic
dynamic,MIX_AIC,"128,512;4096,512",INT8;INT8,ND;ND,"128,4096",DT_BF16,ND,92.86,w8a8_dynamic
dynamic,MIX_AIC,"128,1024;4096,1024",INT8;INT8,ND;ND,"128,4096",DT_BF16,ND,96.67,w8a8_dynamic
dynamic,MIX_AIC,"128,2048;4096,2048",INT8;INT8,ND;ND,"128,4096",DT_BF16,ND,90.74,w8a8_dynamic
dynamic,MIX_AIC,"128,4096;4096,4096",INT8;INT8,ND;ND,"128,4096",DT_BF16,ND,90.69,w8a8_dynamic
dynamic,MIX_AIC,"128,7168;4096,7168",INT8;INT8,ND;ND,"128,4096",DT_BF16,ND,89.49,w8a8_dynamic
dynamic,MIX_AIC,"128,8192;4096,8192",INT8;INT8,ND;ND,"128,4096",DT_BF16,ND,90.40,w8a8_dynamic
dynamic,MIX_AIC,"128,12288;4096,12288",INT8;INT8,ND;ND,"128,4096",DT_BF16,ND,97.17,w8a8_dynamic
dynamic,MIX_AIC,"128,16384;4096,16384",INT8;INT8,ND;ND,"128,4096",DT_BF16,ND,96.75,w8a8_dynamic
dynamic,MIX_AIC,"128,256;7168,256",INT8;INT8,ND;ND,"128,7168",DT_BF16,ND,97.41,w8a8_dynamic
dynamic,MIX_AIC,"128,512;7168,512",INT8;INT8,ND;ND,"128,7168",DT_BF16,ND,96.09,w8a8_dynamic
dynamic,MIX_AIC,"128,1024;7168,1024",INT8;INT8,ND;ND,"128,7168",DT_BF16,ND,95.96,w8a8_dynamic
dynamic,MIX_AIC,"128,2048;7168,2048",INT8;INT8,ND;ND,"128,7168",DT_BF16,ND,90.48,w8a8_dynamic
dynamic,MIX_AIC,"128,4096;7168,4096",INT8;INT8,ND;ND,"128,7168",DT_BF16,ND,89.66,w8a8_dynamic
dynamic,MIX_AIC,"128,7168;7168,7168",INT8;INT8,ND;ND,"128,7168",DT_BF16,ND,92.82,w8a8_dynamic
dynamic,MIX_AIC,"128,8192;7168,8192",INT8;INT8,ND;ND,"128,7168",DT_BF16,ND,89.29,w8a8_dynamic
dynamic,MIX_AIC,"128,12288;7168,12288",INT8;INT8,ND;ND,"128,7168",DT_BF16,ND,108.65,w8a8_dynamic
dynamic,MIX_AIC,"128,16384;7168,16384",INT8;INT8,ND;ND,"128,7168",DT_BF16,ND,114.81,w8a8_dynamic
dynamic,MIX_AIC,"128,256;8192,256",INT8;INT8,ND;ND,"128,8192",DT_BF16,ND,96.73,w8a8_dynamic
dynamic,MIX_AIC,"128,512;8192,512",INT8;INT8,ND;ND,"128,8192",DT_BF16,ND,95.45,w8a8_dynamic
dynamic,MIX_AIC,"128,1024;8192,1024",INT8;INT8,ND;ND,"128,8192",DT_BF16,ND,94.16,w8a8_dynamic
dynamic,MIX_AIC,"128,2048;8192,2048",INT8;INT8,ND;ND,"128,8192",DT_BF16,ND,91.25,w8a8_dynamic
dynamic,MIX_AIC,"128,4096;8192,4096",INT8;INT8,ND;ND,"128,8192",DT_BF16,ND,89.16,w8a8_dynamic
dynamic,MIX_AIC,"128,7168;8192,7168",INT8;INT8,ND;ND,"128,8192",DT_BF16,ND,92.14,w8a8_dynamic
dynamic,MIX_AIC,"128,8192;8192,8192",INT8;INT8,ND;ND,"128,8192",DT_BF16,ND,91.77,w8a8_dynamic
dynamic,MIX_AIC,"128,12288;8192,12288",INT8;INT8,ND;ND,"128,8192",DT_BF16,ND,96.98,w8a8_dynamic
dynamic,MIX_AIC,"128,16384;8192,16384",INT8;INT8,ND;ND,"128,8192",DT_BF16,ND,120.08,w8a8_dynamic
dynamic,MIX_AIC,"128,256;12288,256",INT8;INT8,ND;ND,"128,12288",DT_BF16,ND,98.12,w8a8_dynamic
dynamic,MIX_AIC,"128,512;12288,512",INT8;INT8,ND;ND,"128,12288",DT_BF16,ND,96.67,w8a8_dynamic
dynamic,MIX_AIC,"128,1024;12288,1024",INT8;INT8,ND;ND,"128,12288",DT_BF16,ND,92.69,w8a8_dynamic
dynamic,MIX_AIC,"128,2048;12288,2048",INT8;INT8,ND;ND,"128,12288",DT_BF16,ND,92.72,w8a8_dynamic
dynamic,MIX_AIC,"128,4096;12288,4096",INT8;INT8,ND;ND,"128,12288",DT_BF16,ND,90.04,w8a8_dynamic
dynamic,MIX_AIC,"128,7168;12288,7168",INT8;INT8,ND;ND,"128,12288",DT_BF16,ND,100.10,w8a8_dynamic
dynamic,MIX_AIC,"128,8192;12288,8192",INT8;INT8,ND;ND,"128,12288",DT_BF16,ND,93.47,w8a8_dynamic
dynamic,MIX_AIC,"128,12288;12288,12288",INT8;INT8,ND;ND,"128,12288",DT_BF16,ND,124.39,w8a8_dynamic
dynamic,MIX_AIC,"128,16384;12288,16384",INT8;INT8,ND;ND,"128,12288",DT_BF16,ND,156.06,w8a8_dynamic
dynamic,MIX_AIC,"128,256;16384,256",INT8;INT8,ND;ND,"128,16384",DT_BF16,ND,91.75,w8a8_dynamic
dynamic,MIX_AIC,"128,512;16384,512",INT8;INT8,ND;ND,"128,16384",DT_BF16,ND,91.76,w8a8_dynamic
dynamic,MIX_AIC,"128,1024;16384,1024",INT8;INT8,ND;ND,"128,16384",DT_BF16,ND,91.33,w8a8_dynamic
dynamic,MIX_AIC,"128,2048;16384,2048",INT8;INT8,ND;ND,"128,16384",DT_BF16,ND,90.59,w8a8_dynamic
dynamic,MIX_AIC,"128,4096;16384,4096",INT8;INT8,ND;ND,"128,16384",DT_BF16,ND,92.39,w8a8_dynamic
dynamic,MIX_AIC,"128,7168;16384,7168",INT8;INT8,ND;ND,"128,16384",DT_BF16,ND,104.47,w8a8_dynamic
dynamic,MIX_AIC,"128,8192;16384,8192",INT8;INT8,ND;ND,"128,16384",DT_BF16,ND,114.20,w8a8_dynamic
dynamic,MIX_AIC,"128,12288;16384,12288",INT8;INT8,ND;ND,"128,16384",DT_BF16,ND,156.84,w8a8_dynamic
dynamic,MIX_AIC,"128,16384;16384,16384",INT8;INT8,ND;ND,"128,16384",DT_BF16,ND,200.37,w8a8_dynamic
dynamic,MIX_AIC,"256,256;256,256",INT8;INT8,ND;ND,"256,256",DT_BF16,ND,93.88,w8a8_dynamic
dynamic,MIX_AIC,"256,512;256,512",INT8;INT8,ND;ND,"256,256",DT_BF16,ND,92.70,w8a8_dynamic
dynamic,MIX_AIC,"256,1024;256,1024",INT8;INT8,ND;ND,"256,256",DT_BF16,ND,92.40,w8a8_dynamic
dynamic,MIX_AIC,"256,2048;256,2048",INT8;INT8,ND;ND,"256,256",DT_BF16,ND,92.80,w8a8_dynamic
dynamic,MIX_AIC,"256,4096;256,4096",INT8;INT8,ND;ND,"256,256",DT_BF16,ND,92.86,w8a8_dynamic
dynamic,MIX_AIC,"256,7168;256,7168",INT8;INT8,ND;ND,"256,256",DT_BF16,ND,89.39,w8a8_dynamic
dynamic,MIX_AIC,"256,8192;256,8192",INT8;INT8,ND;ND,"256,256",DT_BF16,ND,90.95,w8a8_dynamic
dynamic,MIX_AIC,"256,12288;256,12288",INT8;INT8,ND;ND,"256,256",DT_BF16,ND,90.66,w8a8_dynamic
dynamic,MIX_AIC,"256,16384;256,16384",INT8;INT8,ND;ND,"256,256",DT_BF16,ND,91.21,w8a8_dynamic
dynamic,MIX_AIC,"256,256;512,256",INT8;INT8,ND;ND,"256,512",DT_BF16,ND,91.64,w8a8_dynamic
dynamic,MIX_AIC,"256,512;512,512",INT8;INT8,ND;ND,"256,512",DT_BF16,ND,91.77,w8a8_dynamic
dynamic,MIX_AIC,"256,1024;512,1024",INT8;INT8,ND;ND,"256,512",DT_BF16,ND,91.69,w8a8_dynamic
dynamic,MIX_AIC,"256,2048;512,2048",INT8;INT8,ND;ND,"256,512",DT_BF16,ND,92.05,w8a8_dynamic
dynamic,MIX_AIC,"256,4096;512,4096",INT8;INT8,ND;ND,"256,512",DT_BF16,ND,91.45,w8a8_dynamic
dynamic,MIX_AIC,"256,7168;512,7168",INT8;INT8,ND;ND,"256,512",DT_BF16,ND,93.81,w8a8_dynamic
dynamic,MIX_AIC,"256,8192;512,8192",INT8;INT8,ND;ND,"256,512",DT_BF16,ND,95.04,w8a8_dynamic
dynamic,MIX_AIC,"256,12288;512,12288",INT8;INT8,ND;ND,"256,512",DT_BF16,ND,92.74,w8a8_dynamic
dynamic,MIX_AIC,"256,16384;512,16384",INT8;INT8,ND;ND,"256,512",DT_BF16,ND,90.34,w8a8_dynamic
dynamic,MIX_AIC,"256,256;1024,256",INT8;INT8,ND;ND,"256,1024",DT_BF16,ND,91.37,w8a8_dynamic
dynamic,MIX_AIC,"256,512;1024,512",INT8;INT8,ND;ND,"256,1024",DT_BF16,ND,91.83,w8a8_dynamic
dynamic,MIX_AIC,"256,1024;1024,1024",INT8;INT8,ND;ND,"256,1024",DT_BF16,ND,91.76,w8a8_dynamic
dynamic,MIX_AIC,"256,2048;1024,2048",INT8;INT8,ND;ND,"256,1024",DT_BF16,ND,96.75,w8a8_dynamic
dynamic,MIX_AIC,"256,4096;1024,4096",INT8;INT8,ND;ND,"256,1024",DT_BF16,ND,95.56,w8a8_dynamic
dynamic,MIX_AIC,"256,7168;1024,7168",INT8;INT8,ND;ND,"256,1024",DT_BF16,ND,95.40,w8a8_dynamic
dynamic,MIX_AIC,"256,8192;1024,8192",INT8;INT8,ND;ND,"256,1024",DT_BF16,ND,90.05,w8a8_dynamic
dynamic,MIX_AIC,"256,12288;1024,12288",INT8;INT8,ND;ND,"256,1024",DT_BF16,ND,88.72,w8a8_dynamic
dynamic,MIX_AIC,"256,16384;1024,16384",INT8;INT8,ND;ND,"256,1024",DT_BF16,ND,99.26,w8a8_dynamic
dynamic,MIX_AIC,"256,256;2048,256",INT8;INT8,ND;ND,"256,2048",DT_BF16,ND,106.45,w8a8_dynamic
dynamic,MIX_AIC,"256,512;2048,512",INT8;INT8,ND;ND,"256,2048",DT_BF16,ND,101.87,w8a8_dynamic
dynamic,MIX_AIC,"256,1024;2048,1024",INT8;INT8,ND;ND,"256,2048",DT_BF16,ND,100.13,w8a8_dynamic
dynamic,MIX_AIC,"256,2048;2048,2048",INT8;INT8,ND;ND,"256,2048",DT_BF16,ND,99.07,w8a8_dynamic
dynamic,MIX_AIC,"256,4096;2048,4096",INT8;INT8,ND;ND,"256,2048",DT_BF16,ND,98.09,w8a8_dynamic
dynamic,MIX_AIC,"256,7168;2048,7168",INT8;INT8,ND;ND,"256,2048",DT_BF16,ND,94.92,w8a8_dynamic
dynamic,MIX_AIC,"256,8192;2048,8192",INT8;INT8,ND;ND,"256,2048",DT_BF16,ND,91.62,w8a8_dynamic
dynamic,MIX_AIC,"256,12288;2048,12288",INT8;INT8,ND;ND,"256,2048",DT_BF16,ND,97.61,w8a8_dynamic
dynamic,MIX_AIC,"256,16384;2048,16384",INT8;INT8,ND;ND,"256,2048",DT_BF16,ND,93.42,w8a8_dynamic
dynamic,MIX_AIC,"256,256;4096,256",INT8;INT8,ND;ND,"256,4096",DT_BF16,ND,94.25,w8a8_dynamic
dynamic,MIX_AIC,"256,512;4096,512",INT8;INT8,ND;ND,"256,4096",DT_BF16,ND,94.28,w8a8_dynamic
dynamic,MIX_AIC,"256,1024;4096,1024",INT8;INT8,ND;ND,"256,4096",DT_BF16,ND,93.56,w8a8_dynamic
dynamic,MIX_AIC,"256,2048;4096,2048",INT8;INT8,ND;ND,"256,4096",DT_BF16,ND,91.55,w8a8_dynamic
dynamic,MIX_AIC,"256,4096;4096,4096",INT8;INT8,ND;ND,"256,4096",DT_BF16,ND,92.79,w8a8_dynamic
dynamic,MIX_AIC,"256,7168;4096,7168",INT8;INT8,ND;ND,"256,4096",DT_BF16,ND,89.95,w8a8_dynamic
dynamic,MIX_AIC,"256,8192;4096,8192",INT8;INT8,ND;ND,"256,4096",DT_BF16,ND,92.81,w8a8_dynamic
dynamic,MIX_AIC,"256,12288;4096,12288",INT8;INT8,ND;ND,"256,4096",DT_BF16,ND,123.98,w8a8_dynamic
dynamic,MIX_AIC,"256,16384;4096,16384",INT8;INT8,ND;ND,"256,4096",DT_BF16,ND,155.03,w8a8_dynamic
dynamic,MIX_AIC,"256,256;7168,256",INT8;INT8,ND;ND,"256,7168",DT_BF16,ND,95.94,w8a8_dynamic
dynamic,MIX_AIC,"256,512;7168,512",INT8;INT8,ND;ND,"256,7168",DT_BF16,ND,95.95,w8a8_dynamic
dynamic,MIX_AIC,"256,1024;7168,1024",INT8;INT8,ND;ND,"256,7168",DT_BF16,ND,95.15,w8a8_dynamic
dynamic,MIX_AIC,"256,2048;7168,2048",INT8;INT8,ND;ND,"256,7168",DT_BF16,ND,94.66,w8a8_dynamic
dynamic,MIX_AIC,"256,4096;7168,4096",INT8;INT8,ND;ND,"256,7168",DT_BF16,ND,94.57,w8a8_dynamic
dynamic,MIX_AIC,"256,7168;7168,7168",INT8;INT8,ND;ND,"256,7168",DT_BF16,ND,95.22,w8a8_dynamic
dynamic,MIX_AIC,"256,8192;7168,8192",INT8;INT8,ND;ND,"256,7168",DT_BF16,ND,93.15,w8a8_dynamic
dynamic,MIX_AIC,"256,12288;7168,12288",INT8;INT8,ND;ND,"256,7168",DT_BF16,ND,122.48,w8a8_dynamic
dynamic,MIX_AIC,"256,16384;7168,16384",INT8;INT8,ND;ND,"256,7168",DT_BF16,ND,156.74,w8a8_dynamic
dynamic,MIX_AIC,"256,256;8192,256",INT8;INT8,ND;ND,"256,8192",DT_BF16,ND,94.92,w8a8_dynamic
dynamic,MIX_AIC,"256,512;8192,512",INT8;INT8,ND;ND,"256,8192",DT_BF16,ND,95.82,w8a8_dynamic
dynamic,MIX_AIC,"256,1024;8192,1024",INT8;INT8,ND;ND,"256,8192",DT_BF16,ND,94.58,w8a8_dynamic
dynamic,MIX_AIC,"256,2048;8192,2048",INT8;INT8,ND;ND,"256,8192",DT_BF16,ND,94.80,w8a8_dynamic
dynamic,MIX_AIC,"256,4096;8192,4096",INT8;INT8,ND;ND,"256,8192",DT_BF16,ND,93.55,w8a8_dynamic
dynamic,MIX_AIC,"256,7168;8192,7168",INT8;INT8,ND;ND,"256,8192",DT_BF16,ND,95.78,w8a8_dynamic
dynamic,MIX_AIC,"256,8192;8192,8192",INT8;INT8,ND;ND,"256,8192",DT_BF16,ND,94.77,w8a8_dynamic
dynamic,MIX_AIC,"256,12288;8192,12288",INT8;INT8,ND;ND,"256,8192",DT_BF16,ND,125.27,w8a8_dynamic
dynamic,MIX_AIC,"256,16384;8192,16384",INT8;INT8,ND;ND,"256,8192",DT_BF16,ND,160.26,w8a8_dynamic
dynamic,MIX_AIC,"256,256;12288,256",INT8;INT8,ND;ND,"256,12288",DT_BF16,ND,93.59,w8a8_dynamic
dynamic,MIX_AIC,"256,512;12288,512",INT8;INT8,ND;ND,"256,12288",DT_BF16,ND,93.73,w8a8_dynamic
dynamic,MIX_AIC,"256,1024;12288,1024",INT8;INT8,ND;ND,"256,12288",DT_BF16,ND,93.13,w8a8_dynamic
dynamic,MIX_AIC,"256,2048;12288,2048",INT8;INT8,ND;ND,"256,12288",DT_BF16,ND,90.43,w8a8_dynamic
dynamic,MIX_AIC,"256,4096;12288,4096",INT8;INT8,ND;ND,"256,12288",DT_BF16,ND,100.39,w8a8_dynamic
dynamic,MIX_AIC,"256,7168;12288,7168",INT8;INT8,ND;ND,"256,12288",DT_BF16,ND,106.41,w8a8_dynamic
dynamic,MIX_AIC,"256,8192;12288,8192",INT8;INT8,ND;ND,"256,12288",DT_BF16,ND,120.40,w8a8_dynamic
dynamic,MIX_AIC,"256,12288;12288,12288",INT8;INT8,ND;ND,"256,12288",DT_BF16,ND,160.36,w8a8_dynamic
dynamic,MIX_AIC,"256,16384;12288,16384",INT8;INT8,ND;ND,"256,12288",DT_BF16,ND,209.86,w8a8_dynamic
dynamic,MIX_AIC,"256,256;16384,256",INT8;INT8,ND;ND,"256,16384",DT_BF16,ND,91.12,w8a8_dynamic
dynamic,MIX_AIC,"256,512;16384,512",INT8;INT8,ND;ND,"256,16384",DT_BF16,ND,89.45,w8a8_dynamic
dynamic,MIX_AIC,"256,1024;16384,1024",INT8;INT8,ND;ND,"256,16384",DT_BF16,ND,98.83,w8a8_dynamic
dynamic,MIX_AIC,"256,2048;16384,2048",INT8;INT8,ND;ND,"256,16384",DT_BF16,ND,92.61,w8a8_dynamic
dynamic,MIX_AIC,"256,4096;16384,4096",INT8;INT8,ND;ND,"256,16384",DT_BF16,ND,95.23,w8a8_dynamic
dynamic,MIX_AIC,"256,7168;16384,7168",INT8;INT8,ND;ND,"256,16384",DT_BF16,ND,141.57,w8a8_dynamic
dynamic,MIX_AIC,"256,8192;16384,8192",INT8;INT8,ND;ND,"256,16384",DT_BF16,ND,159.37,w8a8_dynamic
dynamic,MIX_AIC,"256,12288;16384,12288",INT8;INT8,ND;ND,"256,16384",DT_BF16,ND,220.42,w8a8_dynamic
dynamic,MIX_AIC,"256,16384;16384,16384",INT8;INT8,ND;ND,"256,16384",DT_BF16,ND,293.04,w8a8_dynamic
dynamic,MIX_AIC,"512,256;256,256",INT8;INT8,ND;ND,"512,256",DT_BF16,ND,91.57,w8a8_dynamic
dynamic,MIX_AIC,"512,512;256,512",INT8;INT8,ND;ND,"512,256",DT_BF16,ND,91.06,w8a8_dynamic
dynamic,MIX_AIC,"512,1024;256,1024",INT8;INT8,ND;ND,"512,256",DT_BF16,ND,97.80,w8a8_dynamic
dynamic,MIX_AIC,"512,2048;256,2048",INT8;INT8,ND;ND,"512,256",DT_BF16,ND,98.85,w8a8_dynamic
dynamic,MIX_AIC,"512,4096;256,4096",INT8;INT8,ND;ND,"512,256",DT_BF16,ND,99.02,w8a8_dynamic
dynamic,MIX_AIC,"512,7168;256,7168",INT8;INT8,ND;ND,"512,256",DT_BF16,ND,97.90,w8a8_dynamic
dynamic,MIX_AIC,"512,8192;256,8192",INT8;INT8,ND;ND,"512,256",DT_BF16,ND,97.38,w8a8_dynamic
dynamic,MIX_AIC,"512,12288;256,12288",INT8;INT8,ND;ND,"512,256",DT_BF16,ND,96.77,w8a8_dynamic
dynamic,MIX_AIC,"512,16384;256,16384",INT8;INT8,ND;ND,"512,256",DT_BF16,ND,97.67,w8a8_dynamic
dynamic,MIX_AIC,"512,256;512,256",INT8;INT8,ND;ND,"512,512",DT_BF16,ND,97.79,w8a8_dynamic
dynamic,MIX_AIC,"512,512;512,512",INT8;INT8,ND;ND,"512,512",DT_BF16,ND,97.38,w8a8_dynamic
dynamic,MIX_AIC,"512,1024;512,1024",INT8;INT8,ND;ND,"512,512",DT_BF16,ND,95.51,w8a8_dynamic
dynamic,MIX_AIC,"512,2048;512,2048",INT8;INT8,ND;ND,"512,512",DT_BF16,ND,98.03,w8a8_dynamic
dynamic,MIX_AIC,"512,4096;512,4096",INT8;INT8,ND;ND,"512,512",DT_BF16,ND,97.27,w8a8_dynamic
dynamic,MIX_AIC,"512,7168;512,7168",INT8;INT8,ND;ND,"512,512",DT_BF16,ND,97.10,w8a8_dynamic
dynamic,MIX_AIC,"512,8192;512,8192",INT8;INT8,ND;ND,"512,512",DT_BF16,ND,96.99,w8a8_dynamic
dynamic,MIX_AIC,"512,12288;512,12288",INT8;INT8,ND;ND,"512,512",DT_BF16,ND,96.32,w8a8_dynamic
dynamic,MIX_AIC,"512,16384;512,16384",INT8;INT8,ND;ND,"512,512",DT_BF16,ND,94.74,w8a8_dynamic
dynamic,MIX_AIC,"512,256;1024,256",INT8;INT8,ND;ND,"512,1024",DT_BF16,ND,94.92,w8a8_dynamic
dynamic,MIX_AIC,"512,512;1024,512",INT8;INT8,ND;ND,"512,1024",DT_BF16,ND,106.79,w8a8_dynamic
dynamic,MIX_AIC,"512,1024;1024,1024",INT8;INT8,ND;ND,"512,1024",DT_BF16,ND,97.59,w8a8_dynamic
dynamic,MIX_AIC,"512,2048;1024,2048",INT8;INT8,ND;ND,"512,1024",DT_BF16,ND,95.33,w8a8_dynamic
dynamic,MIX_AIC,"512,4096;1024,4096",INT8;INT8,ND;ND,"512,1024",DT_BF16,ND,97.17,w8a8_dynamic
dynamic,MIX_AIC,"512,7168;1024,7168",INT8;INT8,ND;ND,"512,1024",DT_BF16,ND,95.06,w8a8_dynamic
dynamic,MIX_AIC,"512,8192;1024,8192",INT8;INT8,ND;ND,"512,1024",DT_BF16,ND,100.49,w8a8_dynamic
dynamic,MIX_AIC,"512,12288;1024,12288",INT8;INT8,ND;ND,"512,1024",DT_BF16,ND,97.32,w8a8_dynamic
dynamic,MIX_AIC,"512,16384;1024,16384",INT8;INT8,ND;ND,"512,1024",DT_BF16,ND,97.10,w8a8_dynamic
dynamic,MIX_AIC,"512,256;2048,256",INT8;INT8,ND;ND,"512,2048",DT_BF16,ND,97.02,w8a8_dynamic
dynamic,MIX_AIC,"512,512;2048,512",INT8;INT8,ND;ND,"512,2048",DT_BF16,ND,98.40,w8a8_dynamic
dynamic,MIX_AIC,"512,1024;2048,1024",INT8;INT8,ND;ND,"512,2048",DT_BF16,ND,98.04,w8a8_dynamic
dynamic,MIX_AIC,"512,2048;2048,2048",INT8;INT8,ND;ND,"512,2048",DT_BF16,ND,96.84,w8a8_dynamic
dynamic,MIX_AIC,"512,4096;2048,4096",INT8;INT8,ND;ND,"512,2048",DT_BF16,ND,97.74,w8a8_dynamic
dynamic,MIX_AIC,"512,7168;2048,7168",INT8;INT8,ND;ND,"512,2048",DT_BF16,ND,100.60,w8a8_dynamic
dynamic,MIX_AIC,"512,8192;2048,8192",INT8;INT8,ND;ND,"512,2048",DT_BF16,ND,99.44,w8a8_dynamic
dynamic,MIX_AIC,"512,12288;2048,12288",INT8;INT8,ND;ND,"512,2048",DT_BF16,ND,101.02,w8a8_dynamic
dynamic,MIX_AIC,"512,16384;2048,16384",INT8;INT8,ND;ND,"512,2048",DT_BF16,ND,129.35,w8a8_dynamic
dynamic,MIX_AIC,"512,256;4096,256",INT8;INT8,ND;ND,"512,4096",DT_BF16,ND,96.79,w8a8_dynamic
dynamic,MIX_AIC,"512,512;4096,512",INT8;INT8,ND;ND,"512,4096",DT_BF16,ND,100.64,w8a8_dynamic
dynamic,MIX_AIC,"512,1024;4096,1024",INT8;INT8,ND;ND,"512,4096",DT_BF16,ND,100.67,w8a8_dynamic
dynamic,MIX_AIC,"512,2048;4096,2048",INT8;INT8,ND;ND,"512,4096",DT_BF16,ND,99.64,w8a8_dynamic
dynamic,MIX_AIC,"512,4096;4096,4096",INT8;INT8,ND;ND,"512,4096",DT_BF16,ND,98.82,w8a8_dynamic
dynamic,MIX_AIC,"512,7168;4096,7168",INT8;INT8,ND;ND,"512,4096",DT_BF16,ND,102.17,w8a8_dynamic
dynamic,MIX_AIC,"512,8192;4096,8192",INT8;INT8,ND;ND,"512,4096",DT_BF16,ND,105.88,w8a8_dynamic
dynamic,MIX_AIC,"512,12288;4096,12288",INT8;INT8,ND;ND,"512,4096",DT_BF16,ND,140.08,w8a8_dynamic
dynamic,MIX_AIC,"512,16384;4096,16384",INT8;INT8,ND;ND,"512,4096",DT_BF16,ND,175.43,w8a8_dynamic
dynamic,MIX_AIC,"512,256;7168,256",INT8;INT8,ND;ND,"512,7168",DT_BF16,ND,101.18,w8a8_dynamic
dynamic,MIX_AIC,"512,512;7168,512",INT8;INT8,ND;ND,"512,7168",DT_BF16,ND,98.46,w8a8_dynamic
dynamic,MIX_AIC,"512,1024;7168,1024",INT8;INT8,ND;ND,"512,7168",DT_BF16,ND,97.73,w8a8_dynamic
dynamic,MIX_AIC,"512,2048;7168,2048",INT8;INT8,ND;ND,"512,7168",DT_BF16,ND,98.92,w8a8_dynamic
dynamic,MIX_AIC,"512,4096;7168,4096",INT8;INT8,ND;ND,"512,7168",DT_BF16,ND,96.47,w8a8_dynamic
dynamic,MIX_AIC,"512,7168;7168,7168",INT8;INT8,ND;ND,"512,7168",DT_BF16,ND,142.43,w8a8_dynamic
dynamic,MIX_AIC,"512,8192;7168,8192",INT8;INT8,ND;ND,"512,7168",DT_BF16,ND,157.30,w8a8_dynamic
dynamic,MIX_AIC,"512,12288;7168,12288",INT8;INT8,ND;ND,"512,7168",DT_BF16,ND,217.37,w8a8_dynamic
dynamic,MIX_AIC,"512,16384;7168,16384",INT8;INT8,ND;ND,"512,7168",DT_BF16,ND,262.57,w8a8_dynamic
dynamic,MIX_AIC,"512,256;8192,256",INT8;INT8,ND;ND,"512,8192",DT_BF16,ND,99.09,w8a8_dynamic
dynamic,MIX_AIC,"512,512;8192,512",INT8;INT8,ND;ND,"512,8192",DT_BF16,ND,95.85,w8a8_dynamic
dynamic,MIX_AIC,"512,1024;8192,1024",INT8;INT8,ND;ND,"512,8192",DT_BF16,ND,96.64,w8a8_dynamic
dynamic,MIX_AIC,"512,2048;8192,2048",INT8;INT8,ND;ND,"512,8192",DT_BF16,ND,93.05,w8a8_dynamic
dynamic,MIX_AIC,"512,4096;8192,4096",INT8;INT8,ND;ND,"512,8192",DT_BF16,ND,103.46,w8a8_dynamic
dynamic,MIX_AIC,"512,7168;8192,7168",INT8;INT8,ND;ND,"512,8192",DT_BF16,ND,158.88,w8a8_dynamic
dynamic,MIX_AIC,"512,8192;8192,8192",INT8;INT8,ND;ND,"512,8192",DT_BF16,ND,176.18,w8a8_dynamic
dynamic,MIX_AIC,"512,12288;8192,12288",INT8;INT8,ND;ND,"512,8192",DT_BF16,ND,234.19,w8a8_dynamic
dynamic,MIX_AIC,"512,16384;8192,16384",INT8;INT8,ND;ND,"512,8192",DT_BF16,ND,303.50,w8a8_dynamic
dynamic,MIX_AIC,"512,256;12288,256",INT8;INT8,ND;ND,"512,12288",DT_BF16,ND,95.87,w8a8_dynamic
dynamic,MIX_AIC,"512,512;12288,512",INT8;INT8,ND;ND,"512,12288",DT_BF16,ND,99.15,w8a8_dynamic
dynamic,MIX_AIC,"512,1024;12288,1024",INT8;INT8,ND;ND,"512,12288",DT_BF16,ND,97.55,w8a8_dynamic
dynamic,MIX_AIC,"512,2048;12288,2048",INT8;INT8,ND;ND,"512,12288",DT_BF16,ND,94.44,w8a8_dynamic
dynamic,MIX_AIC,"512,4096;12288,4096",INT8;INT8,ND;ND,"512,12288",DT_BF16,ND,126.46,w8a8_dynamic
dynamic,MIX_AIC,"512,7168;12288,7168",INT8;INT8,ND;ND,"512,12288",DT_BF16,ND,192.10,w8a8_dynamic
dynamic,MIX_AIC,"512,8192;12288,8192",INT8;INT8,ND;ND,"512,12288",DT_BF16,ND,217.25,w8a8_dynamic
dynamic,MIX_AIC,"512,12288;12288,12288",INT8;INT8,ND;ND,"512,12288",DT_BF16,ND,335.50,w8a8_dynamic
dynamic,MIX_AIC,"512,16384;12288,16384",INT8;INT8,ND;ND,"512,12288",DT_BF16,ND,446.24,w8a8_dynamic
dynamic,MIX_AIC,"512,256;16384,256",INT8;INT8,ND;ND,"512,16384",DT_BF16,ND,96.71,w8a8_dynamic
dynamic,MIX_AIC,"512,512;16384,512",INT8;INT8,ND;ND,"512,16384",DT_BF16,ND,94.35,w8a8_dynamic
dynamic,MIX_AIC,"512,1024;16384,1024",INT8;INT8,ND;ND,"512,16384",DT_BF16,ND,92.78,w8a8_dynamic
dynamic,MIX_AIC,"512,2048;16384,2048",INT8;INT8,ND;ND,"512,16384",DT_BF16,ND,102.46,w8a8_dynamic
dynamic,MIX_AIC,"512,4096;16384,4096",INT8;INT8,ND;ND,"512,16384",DT_BF16,ND,162.72,w8a8_dynamic
dynamic,MIX_AIC,"512,7168;16384,7168",INT8;INT8,ND;ND,"512,16384",DT_BF16,ND,262.49,w8a8_dynamic
dynamic,MIX_AIC,"512,8192;16384,8192",INT8;INT8,ND;ND,"512,16384",DT_BF16,ND,295.68,w8a8_dynamic
dynamic,MIX_AIC,"512,12288;16384,12288",INT8;INT8,ND;ND,"512,16384",DT_BF16,ND,458.46,w8a8_dynamic
dynamic,MIX_AIC,"512,16384;16384,16384",INT8;INT8,ND;ND,"512,16384",DT_BF16,ND,606.44,w8a8_dynamic
dynamic,MIX_AIC,"1024,256;256,256",INT8;INT8,ND;ND,"1024,256",DT_BF16,ND,92.41,w8a8_dynamic
dynamic,MIX_AIC,"1024,512;256,512",INT8;INT8,ND;ND,"1024,256",DT_BF16,ND,91.66,w8a8_dynamic
dynamic,MIX_AIC,"1024,1024;256,1024",INT8;INT8,ND;ND,"1024,256",DT_BF16,ND,92.74,w8a8_dynamic
dynamic,MIX_AIC,"1024,2048;256,2048",INT8;INT8,ND;ND,"1024,256",DT_BF16,ND,91.74,w8a8_dynamic
dynamic,MIX_AIC,"1024,4096;256,4096",INT8;INT8,ND;ND,"1024,256",DT_BF16,ND,91.43,w8a8_dynamic
dynamic,MIX_AIC,"1024,7168;256,7168",INT8;INT8,ND;ND,"1024,256",DT_BF16,ND,93.64,w8a8_dynamic
dynamic,MIX_AIC,"1024,8192;256,8192",INT8;INT8,ND;ND,"1024,256",DT_BF16,ND,93.54,w8a8_dynamic
dynamic,MIX_AIC,"1024,12288;256,12288",INT8;INT8,ND;ND,"1024,256",DT_BF16,ND,94.15,w8a8_dynamic
dynamic,MIX_AIC,"1024,16384;256,16384",INT8;INT8,ND;ND,"1024,256",DT_BF16,ND,93.14,w8a8_dynamic
dynamic,MIX_AIC,"1024,256;512,256",INT8;INT8,ND;ND,"1024,512",DT_BF16,ND,93.21,w8a8_dynamic
dynamic,MIX_AIC,"1024,512;512,512",INT8;INT8,ND;ND,"1024,512",DT_BF16,ND,93.06,w8a8_dynamic
dynamic,MIX_AIC,"1024,1024;512,1024",INT8;INT8,ND;ND,"1024,512",DT_BF16,ND,93.03,w8a8_dynamic
dynamic,MIX_AIC,"1024,2048;512,2048",INT8;INT8,ND;ND,"1024,512",DT_BF16,ND,98.01,w8a8_dynamic
dynamic,MIX_AIC,"1024,4096;512,4096",INT8;INT8,ND;ND,"1024,512",DT_BF16,ND,99.98,w8a8_dynamic
dynamic,MIX_AIC,"1024,7168;512,7168",INT8;INT8,ND;ND,"1024,512",DT_BF16,ND,98.33,w8a8_dynamic
dynamic,MIX_AIC,"1024,8192;512,8192",INT8;INT8,ND;ND,"1024,512",DT_BF16,ND,99.50,w8a8_dynamic
dynamic,MIX_AIC,"1024,12288;512,12288",INT8;INT8,ND;ND,"1024,512",DT_BF16,ND,97.01,w8a8_dynamic
dynamic,MIX_AIC,"1024,16384;512,16384",INT8;INT8,ND;ND,"1024,512",DT_BF16,ND,113.37,w8a8_dynamic
dynamic,MIX_AIC,"1024,256;1024,256",INT8;INT8,ND;ND,"1024,1024",DT_BF16,ND,97.93,w8a8_dynamic
dynamic,MIX_AIC,"1024,512;1024,512",INT8;INT8,ND;ND,"1024,1024",DT_BF16,ND,96.35,w8a8_dynamic
dynamic,MIX_AIC,"1024,1024;1024,1024",INT8;INT8,ND;ND,"1024,1024",DT_BF16,ND,96.35,w8a8_dynamic
dynamic,MIX_AIC,"1024,2048;1024,2048",INT8;INT8,ND;ND,"1024,1024",DT_BF16,ND,97.18,w8a8_dynamic
dynamic,MIX_AIC,"1024,4096;1024,4096",INT8;INT8,ND;ND,"1024,1024",DT_BF16,ND,98.03,w8a8_dynamic
dynamic,MIX_AIC,"1024,7168;1024,7168",INT8;INT8,ND;ND,"1024,1024",DT_BF16,ND,97.30,w8a8_dynamic
dynamic,MIX_AIC,"1024,8192;1024,8192",INT8;INT8,ND;ND,"1024,1024",DT_BF16,ND,97.25,w8a8_dynamic
dynamic,MIX_AIC,"1024,12288;1024,12288",INT8;INT8,ND;ND,"1024,1024",DT_BF16,ND,115.62,w8a8_dynamic
dynamic,MIX_AIC,"1024,16384;1024,16384",INT8;INT8,ND;ND,"1024,1024",DT_BF16,ND,141.41,w8a8_dynamic
dynamic,MIX_AIC,"1024,256;2048,256",INT8;INT8,ND;ND,"1024,2048",DT_BF16,ND,92.28,w8a8_dynamic
dynamic,MIX_AIC,"1024,512;2048,512",INT8;INT8,ND;ND,"1024,2048",DT_BF16,ND,92.31,w8a8_dynamic
dynamic,MIX_AIC,"1024,1024;2048,1024",INT8;INT8,ND;ND,"1024,2048",DT_BF16,ND,98.18,w8a8_dynamic
dynamic,MIX_AIC,"1024,2048;2048,2048",INT8;INT8,ND;ND,"1024,2048",DT_BF16,ND,99.57,w8a8_dynamic
dynamic,MIX_AIC,"1024,4096;2048,4096",INT8;INT8,ND;ND,"1024,2048",DT_BF16,ND,95.30,w8a8_dynamic
dynamic,MIX_AIC,"1024,7168;2048,7168",INT8;INT8,ND;ND,"1024,2048",DT_BF16,ND,100.32,w8a8_dynamic
dynamic,MIX_AIC,"1024,8192;2048,8192",INT8;INT8,ND;ND,"1024,2048",DT_BF16,ND,109.45,w8a8_dynamic
dynamic,MIX_AIC,"1024,12288;2048,12288",INT8;INT8,ND;ND,"1024,2048",DT_BF16,ND,146.23,w8a8_dynamic
dynamic,MIX_AIC,"1024,16384;2048,16384",INT8;INT8,ND;ND,"1024,2048",DT_BF16,ND,191.24,w8a8_dynamic
dynamic,MIX_AIC,"1024,256;4096,256",INT8;INT8,ND;ND,"1024,4096",DT_BF16,ND,93.22,w8a8_dynamic
dynamic,MIX_AIC,"1024,512;4096,512",INT8;INT8,ND;ND,"1024,4096",DT_BF16,ND,92.64,w8a8_dynamic
dynamic,MIX_AIC,"1024,1024;4096,1024",INT8;INT8,ND;ND,"1024,4096",DT_BF16,ND,93.06,w8a8_dynamic
dynamic,MIX_AIC,"1024,2048;4096,2048",INT8;INT8,ND;ND,"1024,4096",DT_BF16,ND,92.87,w8a8_dynamic
dynamic,MIX_AIC,"1024,4096;4096,4096",INT8;INT8,ND;ND,"1024,4096",DT_BF16,ND,103.26,w8a8_dynamic
dynamic,MIX_AIC,"1024,7168;4096,7168",INT8;INT8,ND;ND,"1024,4096",DT_BF16,ND,152.73,w8a8_dynamic
dynamic,MIX_AIC,"1024,8192;4096,8192",INT8;INT8,ND;ND,"1024,4096",DT_BF16,ND,172.52,w8a8_dynamic
dynamic,MIX_AIC,"1024,12288;4096,12288",INT8;INT8,ND;ND,"1024,4096",DT_BF16,ND,235.44,w8a8_dynamic
dynamic,MIX_AIC,"1024,16384;4096,16384",INT8;INT8,ND;ND,"1024,4096",DT_BF16,ND,310.71,w8a8_dynamic
dynamic,MIX_AIC,"1024,256;7168,256",INT8;INT8,ND;ND,"1024,7168",DT_BF16,ND,95.13,w8a8_dynamic
dynamic,MIX_AIC,"1024,512;7168,512",INT8;INT8,ND;ND,"1024,7168",DT_BF16,ND,97.62,w8a8_dynamic
dynamic,MIX_AIC,"1024,1024;7168,1024",INT8;INT8,ND;ND,"1024,7168",DT_BF16,ND,96.58,w8a8_dynamic
dynamic,MIX_AIC,"1024,2048;7168,2048",INT8;INT8,ND;ND,"1024,7168",DT_BF16,ND,130.81,w8a8_dynamic
dynamic,MIX_AIC,"1024,4096;7168,4096",INT8;INT8,ND;ND,"1024,7168",DT_BF16,ND,147.46,w8a8_dynamic
dynamic,MIX_AIC,"1024,7168;7168,7168",INT8;INT8,ND;ND,"1024,7168",DT_BF16,ND,227.11,w8a8_dynamic
dynamic,MIX_AIC,"1024,8192;7168,8192",INT8;INT8,ND;ND,"1024,7168",DT_BF16,ND,254.28,w8a8_dynamic
dynamic,MIX_AIC,"1024,12288;7168,12288",INT8;INT8,ND;ND,"1024,7168",DT_BF16,ND,381.61,w8a8_dynamic
dynamic,MIX_AIC,"1024,16384;7168,16384",INT8;INT8,ND;ND,"1024,7168",DT_BF16,ND,512.00,w8a8_dynamic
dynamic,MIX_AIC,"1024,256;8192,256",INT8;INT8,ND;ND,"1024,8192",DT_BF16,ND,94.28,w8a8_dynamic
dynamic,MIX_AIC,"1024,512;8192,512",INT8;INT8,ND;ND,"1024,8192",DT_BF16,ND,92.17,w8a8_dynamic
dynamic,MIX_AIC,"1024,1024;8192,1024",INT8;INT8,ND;ND,"1024,8192",DT_BF16,ND,92.32,w8a8_dynamic
dynamic,MIX_AIC,"1024,2048;8192,2048",INT8;INT8,ND;ND,"1024,8192",DT_BF16,ND,103.73,w8a8_dynamic
dynamic,MIX_AIC,"1024,4096;8192,4096",INT8;INT8,ND;ND,"1024,8192",DT_BF16,ND,161.80,w8a8_dynamic
dynamic,MIX_AIC,"1024,7168;8192,7168",INT8;INT8,ND;ND,"1024,8192",DT_BF16,ND,251.48,w8a8_dynamic
dynamic,MIX_AIC,"1024,8192;8192,8192",INT8;INT8,ND;ND,"1024,8192",DT_BF16,ND,287.92,w8a8_dynamic
dynamic,MIX_AIC,"1024,12288;8192,12288",INT8;INT8,ND;ND,"1024,8192",DT_BF16,ND,424.28,w8a8_dynamic
dynamic,MIX_AIC,"1024,16384;8192,16384",INT8;INT8,ND;ND,"1024,8192",DT_BF16,ND,572.00,w8a8_dynamic
dynamic,MIX_AIC,"1024,256;12288,256",INT8;INT8,ND;ND,"1024,12288",DT_BF16,ND,112.18,w8a8_dynamic
dynamic,MIX_AIC,"1024,512;12288,512",INT8;INT8,ND;ND,"1024,12288",DT_BF16,ND,95.77,w8a8_dynamic
dynamic,MIX_AIC,"1024,1024;12288,1024",INT8;INT8,ND;ND,"1024,12288",DT_BF16,ND,104.67,w8a8_dynamic
dynamic,MIX_AIC,"1024,2048;12288,2048",INT8;INT8,ND;ND,"1024,12288",DT_BF16,ND,132.49,w8a8_dynamic
dynamic,MIX_AIC,"1024,4096;12288,4096",INT8;INT8,ND;ND,"1024,12288",DT_BF16,ND,215.19,w8a8_dynamic
dynamic,MIX_AIC,"1024,7168;12288,7168",INT8;INT8,ND;ND,"1024,12288",DT_BF16,ND,372.42,w8a8_dynamic
dynamic,MIX_AIC,"1024,8192;12288,8192",INT8;INT8,ND;ND,"1024,12288",DT_BF16,ND,421.24,w8a8_dynamic
dynamic,MIX_AIC,"1024,12288;12288,12288",INT8;INT8,ND;ND,"1024,12288",DT_BF16,ND,657.09,w8a8_dynamic
dynamic,MIX_AIC,"1024,16384;12288,16384",INT8;INT8,ND;ND,"1024,12288",DT_BF16,ND,871.23,w8a8_dynamic
dynamic,MIX_AIC,"1024,256;16384,256",INT8;INT8,ND;ND,"1024,16384",DT_BF16,ND,108.16,w8a8_dynamic
dynamic,MIX_AIC,"1024,512;16384,512",INT8;INT8,ND;ND,"1024,16384",DT_BF16,ND,111.61,w8a8_dynamic
dynamic,MIX_AIC,"1024,1024;16384,1024",INT8;INT8,ND;ND,"1024,16384",DT_BF16,ND,133.97,w8a8_dynamic
dynamic,MIX_AIC,"1024,2048;16384,2048",INT8;INT8,ND;ND,"1024,16384",DT_BF16,ND,171.28,w8a8_dynamic
dynamic,MIX_AIC,"1024,4096;16384,4096",INT8;INT8,ND;ND,"1024,16384",DT_BF16,ND,290.36,w8a8_dynamic
dynamic,MIX_AIC,"1024,7168;16384,7168",INT8;INT8,ND;ND,"1024,16384",DT_BF16,ND,490.99,w8a8_dynamic
dynamic,MIX_AIC,"1024,8192;16384,8192",INT8;INT8,ND;ND,"1024,16384",DT_BF16,ND,505.38,w8a8_dynamic
dynamic,MIX_AIC,"1024,12288;16384,12288",INT8;INT8,ND;ND,"1024,16384",DT_BF16,ND,885.69,w8a8_dynamic
dynamic,MIX_AIC,"1024,16384;16384,16384",INT8;INT8,ND;ND,"1024,16384",DT_BF16,ND,1158.09,w8a8_dynamic
dynamic,MIX_AIC,"2048,256;256,256",INT8;INT8,ND;ND,"2048,256",DT_BF16,ND,89.80,w8a8_dynamic
dynamic,MIX_AIC,"2048,512;256,512",INT8;INT8,ND;ND,"2048,256",DT_BF16,ND,97.44,w8a8_dynamic
dynamic,MIX_AIC,"2048,1024;256,1024",INT8;INT8,ND;ND,"2048,256",DT_BF16,ND,97.62,w8a8_dynamic
dynamic,MIX_AIC,"2048,2048;256,2048",INT8;INT8,ND;ND,"2048,256",DT_BF16,ND,99.04,w8a8_dynamic
dynamic,MIX_AIC,"2048,4096;256,4096",INT8;INT8,ND;ND,"2048,256",DT_BF16,ND,98.62,w8a8_dynamic
dynamic,MIX_AIC,"2048,7168;256,7168",INT8;INT8,ND;ND,"2048,256",DT_BF16,ND,116.73,w8a8_dynamic
dynamic,MIX_AIC,"2048,8192;256,8192",INT8;INT8,ND;ND,"2048,256",DT_BF16,ND,116.71,w8a8_dynamic
dynamic,MIX_AIC,"2048,12288;256,12288",INT8;INT8,ND;ND,"2048,256",DT_BF16,ND,114.85,w8a8_dynamic
dynamic,MIX_AIC,"2048,16384;256,16384",INT8;INT8,ND;ND,"2048,256",DT_BF16,ND,135.71,w8a8_dynamic
dynamic,MIX_AIC,"2048,256;512,256",INT8;INT8,ND;ND,"2048,512",DT_BF16,ND,100.02,w8a8_dynamic
dynamic,MIX_AIC,"2048,512;512,512",INT8;INT8,ND;ND,"2048,512",DT_BF16,ND,97.80,w8a8_dynamic
dynamic,MIX_AIC,"2048,1024;512,1024",INT8;INT8,ND;ND,"2048,512",DT_BF16,ND,97.98,w8a8_dynamic
dynamic,MIX_AIC,"2048,2048;512,2048",INT8;INT8,ND;ND,"2048,512",DT_BF16,ND,91.95,w8a8_dynamic
dynamic,MIX_AIC,"2048,4096;512,4096",INT8;INT8,ND;ND,"2048,512",DT_BF16,ND,92.29,w8a8_dynamic
dynamic,MIX_AIC,"2048,7168;512,7168",INT8;INT8,ND;ND,"2048,512",DT_BF16,ND,98.88,w8a8_dynamic
dynamic,MIX_AIC,"2048,8192;512,8192",INT8;INT8,ND;ND,"2048,512",DT_BF16,ND,108.22,w8a8_dynamic
dynamic,MIX_AIC,"2048,12288;512,12288",INT8;INT8,ND;ND,"2048,512",DT_BF16,ND,143.19,w8a8_dynamic
dynamic,MIX_AIC,"2048,16384;512,16384",INT8;INT8,ND;ND,"2048,512",DT_BF16,ND,178.33,w8a8_dynamic
dynamic,MIX_AIC,"2048,256;1024,256",INT8;INT8,ND;ND,"2048,1024",DT_BF16,ND,91.67,w8a8_dynamic
dynamic,MIX_AIC,"2048,512;1024,512",INT8;INT8,ND;ND,"2048,1024",DT_BF16,ND,92.39,w8a8_dynamic
dynamic,MIX_AIC,"2048,1024;1024,1024",INT8;INT8,ND;ND,"2048,1024",DT_BF16,ND,93.26,w8a8_dynamic
dynamic,MIX_AIC,"2048,2048;1024,2048",INT8;INT8,ND;ND,"2048,1024",DT_BF16,ND,91.09,w8a8_dynamic
dynamic,MIX_AIC,"2048,4096;1024,4096",INT8;INT8,ND;ND,"2048,1024",DT_BF16,ND,92.17,w8a8_dynamic
dynamic,MIX_AIC,"2048,7168;1024,7168",INT8;INT8,ND;ND,"2048,1024",DT_BF16,ND,117.64,w8a8_dynamic
dynamic,MIX_AIC,"2048,8192;1024,8192",INT8;INT8,ND;ND,"2048,1024",DT_BF16,ND,128.48,w8a8_dynamic
dynamic,MIX_AIC,"2048,12288;1024,12288",INT8;INT8,ND;ND,"2048,1024",DT_BF16,ND,173.60,w8a8_dynamic
dynamic,MIX_AIC,"2048,16384;1024,16384",INT8;INT8,ND;ND,"2048,1024",DT_BF16,ND,224.37,w8a8_dynamic
dynamic,MIX_AIC,"2048,256;2048,256",INT8;INT8,ND;ND,"2048,2048",DT_BF16,ND,92.99,w8a8_dynamic
dynamic,MIX_AIC,"2048,512;2048,512",INT8;INT8,ND;ND,"2048,2048",DT_BF16,ND,91.78,w8a8_dynamic
dynamic,MIX_AIC,"2048,1024;2048,1024",INT8;INT8,ND;ND,"2048,2048",DT_BF16,ND,92.75,w8a8_dynamic
dynamic,MIX_AIC,"2048,2048;2048,2048",INT8;INT8,ND;ND,"2048,2048",DT_BF16,ND,93.40,w8a8_dynamic
dynamic,MIX_AIC,"2048,4096;2048,4096",INT8;INT8,ND;ND,"2048,2048",DT_BF16,ND,130.85,w8a8_dynamic
dynamic,MIX_AIC,"2048,7168;2048,7168",INT8;INT8,ND;ND,"2048,2048",DT_BF16,ND,184.36,w8a8_dynamic
dynamic,MIX_AIC,"2048,8192;2048,8192",INT8;INT8,ND;ND,"2048,2048",DT_BF16,ND,200.98,w8a8_dynamic
dynamic,MIX_AIC,"2048,12288;2048,12288",INT8;INT8,ND;ND,"2048,2048",DT_BF16,ND,275.01,w8a8_dynamic
dynamic,MIX_AIC,"2048,16384;2048,16384",INT8;INT8,ND;ND,"2048,2048",DT_BF16,ND,352.38,w8a8_dynamic
dynamic,MIX_AIC,"2048,256;4096,256",INT8;INT8,ND;ND,"2048,4096",DT_BF16,ND,95.14,w8a8_dynamic
dynamic,MIX_AIC,"2048,512;4096,512",INT8;INT8,ND;ND,"2048,4096",DT_BF16,ND,94.73,w8a8_dynamic
dynamic,MIX_AIC,"2048,1024;4096,1024",INT8;INT8,ND;ND,"2048,4096",DT_BF16,ND,96.48,w8a8_dynamic
dynamic,MIX_AIC,"2048,2048;4096,2048",INT8;INT8,ND;ND,"2048,4096",DT_BF16,ND,111.43,w8a8_dynamic
dynamic,MIX_AIC,"2048,4096;4096,4096",INT8;INT8,ND;ND,"2048,4096",DT_BF16,ND,168.61,w8a8_dynamic
dynamic,MIX_AIC,"2048,7168;4096,7168",INT8;INT8,ND;ND,"2048,4096",DT_BF16,ND,263.94,w8a8_dynamic
dynamic,MIX_AIC,"2048,8192;4096,8192",INT8;INT8,ND;ND,"2048,4096",DT_BF16,ND,296.13,w8a8_dynamic
dynamic,MIX_AIC,"2048,12288;4096,12288",INT8;INT8,ND;ND,"2048,4096",DT_BF16,ND,439.74,w8a8_dynamic
dynamic,MIX_AIC,"2048,16384;4096,16384",INT8;INT8,ND;ND,"2048,4096",DT_BF16,ND,588.39,w8a8_dynamic
dynamic,MIX_AIC,"2048,256;7168,256",INT8;INT8,ND;ND,"2048,7168",DT_BF16,ND,103.02,w8a8_dynamic
dynamic,MIX_AIC,"2048,512;7168,512",INT8;INT8,ND;ND,"2048,7168",DT_BF16,ND,106.37,w8a8_dynamic
dynamic,MIX_AIC,"2048,1024;7168,1024",INT8;INT8,ND;ND,"2048,7168",DT_BF16,ND,127.05,w8a8_dynamic
dynamic,MIX_AIC,"2048,2048;7168,2048",INT8;INT8,ND;ND,"2048,7168",DT_BF16,ND,157.57,w8a8_dynamic
dynamic,MIX_AIC,"2048,4096;7168,4096",INT8;INT8,ND;ND,"2048,7168",DT_BF16,ND,262.62,w8a8_dynamic
dynamic,MIX_AIC,"2048,7168;7168,7168",INT8;INT8,ND;ND,"2048,7168",DT_BF16,ND,432.18,w8a8_dynamic
dynamic,MIX_AIC,"2048,8192;7168,8192",INT8;INT8,ND;ND,"2048,7168",DT_BF16,ND,505.18,w8a8_dynamic
dynamic,MIX_AIC,"2048,12288;7168,12288",INT8;INT8,ND;ND,"2048,7168",DT_BF16,ND,760.33,w8a8_dynamic
dynamic,MIX_AIC,"2048,16384;7168,16384",INT8;INT8,ND;ND,"2048,7168",DT_BF16,ND,1038.47,w8a8_dynamic
dynamic,MIX_AIC,"2048,256;8192,256",INT8;INT8,ND;ND,"2048,8192",DT_BF16,ND,112.98,w8a8_dynamic
dynamic,MIX_AIC,"2048,512;8192,512",INT8;INT8,ND;ND,"2048,8192",DT_BF16,ND,116.01,w8a8_dynamic
dynamic,MIX_AIC,"2048,1024;8192,1024",INT8;INT8,ND;ND,"2048,8192",DT_BF16,ND,139.98,w8a8_dynamic
dynamic,MIX_AIC,"2048,2048;8192,2048",INT8;INT8,ND;ND,"2048,8192",DT_BF16,ND,172.81,w8a8_dynamic
dynamic,MIX_AIC,"2048,4096;8192,4096",INT8;INT8,ND;ND,"2048,8192",DT_BF16,ND,296.54,w8a8_dynamic
dynamic,MIX_AIC,"2048,7168;8192,7168",INT8;INT8,ND;ND,"2048,8192",DT_BF16,ND,497.08,w8a8_dynamic
dynamic,MIX_AIC,"2048,8192;8192,8192",INT8;INT8,ND;ND,"2048,8192",DT_BF16,ND,579.27,w8a8_dynamic
dynamic,MIX_AIC,"2048,12288;8192,12288",INT8;INT8,ND;ND,"2048,8192",DT_BF16,ND,884.50,w8a8_dynamic
dynamic,MIX_AIC,"2048,16384;8192,16384",INT8;INT8,ND;ND,"2048,8192",DT_BF16,ND,1167.25,w8a8_dynamic
dynamic,MIX_AIC,"2048,256;12288,256",INT8;INT8,ND;ND,"2048,12288",DT_BF16,ND,145.28,w8a8_dynamic
dynamic,MIX_AIC,"2048,512;12288,512",INT8;INT8,ND;ND,"2048,12288",DT_BF16,ND,148.66,w8a8_dynamic
dynamic,MIX_AIC,"2048,1024;12288,1024",INT8;INT8,ND;ND,"2048,12288",DT_BF16,ND,173.84,w8a8_dynamic
dynamic,MIX_AIC,"2048,2048;12288,2048",INT8;INT8,ND;ND,"2048,12288",DT_BF16,ND,235.70,w8a8_dynamic
dynamic,MIX_AIC,"2048,4096;12288,4096",INT8;INT8,ND;ND,"2048,12288",DT_BF16,ND,438.60,w8a8_dynamic
dynamic,MIX_AIC,"2048,7168;12288,7168",INT8;INT8,ND;ND,"2048,12288",DT_BF16,ND,759.81,w8a8_dynamic
dynamic,MIX_AIC,"2048,8192;12288,8192",INT8;INT8,ND;ND,"2048,12288",DT_BF16,ND,868.58,w8a8_dynamic
dynamic,MIX_AIC,"2048,12288;12288,12288",INT8;INT8,ND;ND,"2048,12288",DT_BF16,ND,1332.15,w8a8_dynamic
dynamic,MIX_AIC,"2048,16384;12288,16384",INT8;INT8,ND;ND,"2048,12288",DT_BF16,ND,1714.64,w8a8_dynamic
dynamic,MIX_AIC,"2048,256;16384,256",INT8;INT8,ND;ND,"2048,16384",DT_BF16,ND,184.12,w8a8_dynamic
dynamic,MIX_AIC,"2048,512;16384,512",INT8;INT8,ND;ND,"2048,16384",DT_BF16,ND,189.36,w8a8_dynamic
dynamic,MIX_AIC,"2048,1024;16384,1024",INT8;INT8,ND;ND,"2048,16384",DT_BF16,ND,215.16,w8a8_dynamic
dynamic,MIX_AIC,"2048,2048;16384,2048",INT8;INT8,ND;ND,"2048,16384",DT_BF16,ND,315.50,w8a8_dynamic
dynamic,MIX_AIC,"2048,4096;16384,4096",INT8;INT8,ND;ND,"2048,16384",DT_BF16,ND,593.13,w8a8_dynamic
dynamic,MIX_AIC,"2048,7168;16384,7168",INT8;INT8,ND;ND,"2048,16384",DT_BF16,ND,1052.70,w8a8_dynamic
dynamic,MIX_AIC,"2048,8192;16384,8192",INT8;INT8,ND;ND,"2048,16384",DT_BF16,ND,1177.63,w8a8_dynamic
dynamic,MIX_AIC,"2048,12288;16384,12288",INT8;INT8,ND;ND,"2048,16384",DT_BF16,ND,1738.67,w8a8_dynamic
dynamic,MIX_AIC,"2048,16384;16384,16384",INT8;INT8,ND;ND,"2048,16384",DT_BF16,ND,2265.49,w8a8_dynamic
dynamic,MIX_AIC,"4096,256;256,256",INT8;INT8,ND;ND,"4096,256",DT_BF16,ND,90.86,w8a8_dynamic
dynamic,MIX_AIC,"4096,512;256,512",INT8;INT8,ND;ND,"4096,256",DT_BF16,ND,91.40,w8a8_dynamic
dynamic,MIX_AIC,"4096,1024;256,1024",INT8;INT8,ND;ND,"4096,256",DT_BF16,ND,91.67,w8a8_dynamic
dynamic,MIX_AIC,"4096,2048;256,2048",INT8;INT8,ND;ND,"4096,256",DT_BF16,ND,91.29,w8a8_dynamic
dynamic,MIX_AIC,"4096,4096;256,4096",INT8;INT8,ND;ND,"4096,256",DT_BF16,ND,94.54,w8a8_dynamic
dynamic,MIX_AIC,"4096,7168;256,7168",INT8;INT8,ND;ND,"4096,256",DT_BF16,ND,132.94,w8a8_dynamic
dynamic,MIX_AIC,"4096,8192;256,8192",INT8;INT8,ND;ND,"4096,256",DT_BF16,ND,143.67,w8a8_dynamic
dynamic,MIX_AIC,"4096,12288;256,12288",INT8;INT8,ND;ND,"4096,256",DT_BF16,ND,196.59,w8a8_dynamic
dynamic,MIX_AIC,"4096,16384;256,16384",INT8;INT8,ND;ND,"4096,256",DT_BF16,ND,269.15,w8a8_dynamic
dynamic,MIX_AIC,"4096,256;512,256",INT8;INT8,ND;ND,"4096,512",DT_BF16,ND,97.32,w8a8_dynamic
dynamic,MIX_AIC,"4096,512;512,512",INT8;INT8,ND;ND,"4096,512",DT_BF16,ND,98.14,w8a8_dynamic
dynamic,MIX_AIC,"4096,1024;512,1024",INT8;INT8,ND;ND,"4096,512",DT_BF16,ND,97.88,w8a8_dynamic
dynamic,MIX_AIC,"4096,2048;512,2048",INT8;INT8,ND;ND,"4096,512",DT_BF16,ND,97.03,w8a8_dynamic
dynamic,MIX_AIC,"4096,4096;512,4096",INT8;INT8,ND;ND,"4096,512",DT_BF16,ND,108.64,w8a8_dynamic
dynamic,MIX_AIC,"4096,7168;512,7168",INT8;INT8,ND;ND,"4096,512",DT_BF16,ND,153.46,w8a8_dynamic
dynamic,MIX_AIC,"4096,8192;512,8192",INT8;INT8,ND;ND,"4096,512",DT_BF16,ND,167.47,w8a8_dynamic
dynamic,MIX_AIC,"4096,12288;512,12288",INT8;INT8,ND;ND,"4096,512",DT_BF16,ND,229.83,w8a8_dynamic
dynamic,MIX_AIC,"4096,16384;512,16384",INT8;INT8,ND;ND,"4096,512",DT_BF16,ND,319.10,w8a8_dynamic
dynamic,MIX_AIC,"4096,256;1024,256",INT8;INT8,ND;ND,"4096,1024",DT_BF16,ND,90.92,w8a8_dynamic
dynamic,MIX_AIC,"4096,512;1024,512",INT8;INT8,ND;ND,"4096,1024",DT_BF16,ND,93.20,w8a8_dynamic
dynamic,MIX_AIC,"4096,1024;1024,1024",INT8;INT8,ND;ND,"4096,1024",DT_BF16,ND,92.19,w8a8_dynamic
dynamic,MIX_AIC,"4096,2048;1024,2048",INT8;INT8,ND;ND,"4096,1024",DT_BF16,ND,96.50,w8a8_dynamic
dynamic,MIX_AIC,"4096,4096;1024,4096",INT8;INT8,ND;ND,"4096,1024",DT_BF16,ND,139.08,w8a8_dynamic
dynamic,MIX_AIC,"4096,7168;1024,7168",INT8;INT8,ND;ND,"4096,1024",DT_BF16,ND,207.42,w8a8_dynamic
dynamic,MIX_AIC,"4096,8192;1024,8192",INT8;INT8,ND;ND,"4096,1024",DT_BF16,ND,228.12,w8a8_dynamic
dynamic,MIX_AIC,"4096,12288;1024,12288",INT8;INT8,ND;ND,"4096,1024",DT_BF16,ND,321.43,w8a8_dynamic
dynamic,MIX_AIC,"4096,16384;1024,16384",INT8;INT8,ND;ND,"4096,1024",DT_BF16,ND,449.37,w8a8_dynamic
dynamic,MIX_AIC,"4096,256;2048,256",INT8;INT8,ND;ND,"4096,2048",DT_BF16,ND,110.07,w8a8_dynamic
dynamic,MIX_AIC,"4096,512;2048,512",INT8;INT8,ND;ND,"4096,2048",DT_BF16,ND,111.67,w8a8_dynamic
dynamic,MIX_AIC,"4096,1024;2048,1024",INT8;INT8,ND;ND,"4096,2048",DT_BF16,ND,111.53,w8a8_dynamic
dynamic,MIX_AIC,"4096,2048;2048,2048",INT8;INT8,ND;ND,"4096,2048",DT_BF16,ND,125.88,w8a8_dynamic
dynamic,MIX_AIC,"4096,4096;2048,4096",INT8;INT8,ND;ND,"4096,2048",DT_BF16,ND,192.90,w8a8_dynamic
dynamic,MIX_AIC,"4096,7168;2048,7168",INT8;INT8,ND;ND,"4096,2048",DT_BF16,ND,295.97,w8a8_dynamic
dynamic,MIX_AIC,"4096,8192;2048,8192",INT8;INT8,ND;ND,"4096,2048",DT_BF16,ND,335.34,w8a8_dynamic
dynamic,MIX_AIC,"4096,12288;2048,12288",INT8;INT8,ND;ND,"4096,2048",DT_BF16,ND,506.16,w8a8_dynamic
dynamic,MIX_AIC,"4096,16384;2048,16384",INT8;INT8,ND;ND,"4096,2048",DT_BF16,ND,702.23,w8a8_dynamic
dynamic,MIX_AIC,"4096,256;4096,256",INT8;INT8,ND;ND,"4096,4096",DT_BF16,ND,121.28,w8a8_dynamic
dynamic,MIX_AIC,"4096,512;4096,512",INT8;INT8,ND;ND,"4096,4096",DT_BF16,ND,127.12,w8a8_dynamic
dynamic,MIX_AIC,"4096,1024;4096,1024",INT8;INT8,ND;ND,"4096,4096",DT_BF16,ND,147.95,w8a8_dynamic
dynamic,MIX_AIC,"4096,2048;4096,2048",INT8;INT8,ND;ND,"4096,4096",DT_BF16,ND,188.27,w8a8_dynamic
dynamic,MIX_AIC,"4096,4096;4096,4096",INT8;INT8,ND;ND,"4096,4096",DT_BF16,ND,310.80,w8a8_dynamic
dynamic,MIX_AIC,"4096,7168;4096,7168",INT8;INT8,ND;ND,"4096,4096",DT_BF16,ND,530.37,w8a8_dynamic
dynamic,MIX_AIC,"4096,8192;4096,8192",INT8;INT8,ND;ND,"4096,4096",DT_BF16,ND,596.41,w8a8_dynamic
dynamic,MIX_AIC,"4096,12288;4096,12288",INT8;INT8,ND;ND,"4096,4096",DT_BF16,ND,937.89,w8a8_dynamic
dynamic,MIX_AIC,"4096,16384;4096,16384",INT8;INT8,ND;ND,"4096,4096",DT_BF16,ND,1247.50,w8a8_dynamic
dynamic,MIX_AIC,"4096,256;7168,256",INT8;INT8,ND;ND,"4096,7168",DT_BF16,ND,181.67,w8a8_dynamic
dynamic,MIX_AIC,"4096,512;7168,512",INT8;INT8,ND;ND,"4096,7168",DT_BF16,ND,188.34,w8a8_dynamic
dynamic,MIX_AIC,"4096,1024;7168,1024",INT8;INT8,ND;ND,"4096,7168",DT_BF16,ND,204.21,w8a8_dynamic
dynamic,MIX_AIC,"4096,2048;7168,2048",INT8;INT8,ND;ND,"4096,7168",DT_BF16,ND,286.55,w8a8_dynamic
dynamic,MIX_AIC,"4096,4096;7168,4096",INT8;INT8,ND;ND,"4096,7168",DT_BF16,ND,545.92,w8a8_dynamic
dynamic,MIX_AIC,"4096,7168;7168,7168",INT8;INT8,ND;ND,"4096,7168",DT_BF16,ND,930.49,w8a8_dynamic
dynamic,MIX_AIC,"4096,8192;7168,8192",INT8;INT8,ND;ND,"4096,7168",DT_BF16,ND,1073.77,w8a8_dynamic
dynamic,MIX_AIC,"4096,12288;7168,12288",INT8;INT8,ND;ND,"4096,7168",DT_BF16,ND,1587.96,w8a8_dynamic
dynamic,MIX_AIC,"4096,16384;7168,16384",INT8;INT8,ND;ND,"4096,7168",DT_BF16,ND,2035.93,w8a8_dynamic
dynamic,MIX_AIC,"4096,256;8192,256",INT8;INT8,ND;ND,"4096,8192",DT_BF16,ND,200.30,w8a8_dynamic
dynamic,MIX_AIC,"4096,512;8192,512",INT8;INT8,ND;ND,"4096,8192",DT_BF16,ND,208.20,w8a8_dynamic
dynamic,MIX_AIC,"4096,1024;8192,1024",INT8;INT8,ND;ND,"4096,8192",DT_BF16,ND,221.48,w8a8_dynamic
dynamic,MIX_AIC,"4096,2048;8192,2048",INT8;INT8,ND;ND,"4096,8192",DT_BF16,ND,323.70,w8a8_dynamic
dynamic,MIX_AIC,"4096,4096;8192,4096",INT8;INT8,ND;ND,"4096,8192",DT_BF16,ND,599.95,w8a8_dynamic
dynamic,MIX_AIC,"4096,7168;8192,7168",INT8;INT8,ND;ND,"4096,8192",DT_BF16,ND,1062.84,w8a8_dynamic
dynamic,MIX_AIC,"4096,8192;8192,8192",INT8;INT8,ND;ND,"4096,8192",DT_BF16,ND,1210.34,w8a8_dynamic
dynamic,MIX_AIC,"4096,12288;8192,12288",INT8;INT8,ND;ND,"4096,8192",DT_BF16,ND,1786.30,w8a8_dynamic
dynamic,MIX_AIC,"4096,16384;8192,16384",INT8;INT8,ND;ND,"4096,8192",DT_BF16,ND,2357.98,w8a8_dynamic
dynamic,MIX_AIC,"4096,256;12288,256",INT8;INT8,ND;ND,"4096,12288",DT_BF16,ND,265.55,w8a8_dynamic
dynamic,MIX_AIC,"4096,512;12288,512",INT8;INT8,ND;ND,"4096,12288",DT_BF16,ND,272.99,w8a8_dynamic
dynamic,MIX_AIC,"4096,1024;12288,1024",INT8;INT8,ND;ND,"4096,12288",DT_BF16,ND,300.77,w8a8_dynamic
dynamic,MIX_AIC,"4096,2048;12288,2048",INT8;INT8,ND;ND,"4096,12288",DT_BF16,ND,490.49,w8a8_dynamic
dynamic,MIX_AIC,"4096,4096;12288,4096",INT8;INT8,ND;ND,"4096,12288",DT_BF16,ND,913.18,w8a8_dynamic
dynamic,MIX_AIC,"4096,7168;12288,7168",INT8;INT8,ND;ND,"4096,12288",DT_BF16,ND,1595.61,w8a8_dynamic
dynamic,MIX_AIC,"4096,8192;12288,8192",INT8;INT8,ND;ND,"4096,12288",DT_BF16,ND,1782.03,w8a8_dynamic
dynamic,MIX_AIC,"4096,12288;12288,12288",INT8;INT8,ND;ND,"4096,12288",DT_BF16,ND,2646.04,w8a8_dynamic
dynamic,MIX_AIC,"4096,16384;12288,16384",INT8;INT8,ND;ND,"4096,12288",DT_BF16,ND,3441.96,w8a8_dynamic
dynamic,MIX_AIC,"4096,256;16384,256",INT8;INT8,ND;ND,"4096,16384",DT_BF16,ND,345.55,w8a8_dynamic
dynamic,MIX_AIC,"4096,512;16384,512",INT8;INT8,ND;ND,"4096,16384",DT_BF16,ND,356.46,w8a8_dynamic
dynamic,MIX_AIC,"4096,1024;16384,1024",INT8;INT8,ND;ND,"4096,16384",DT_BF16,ND,396.93,w8a8_dynamic
dynamic,MIX_AIC,"4096,2048;16384,2048",INT8;INT8,ND;ND,"4096,16384",DT_BF16,ND,667.27,w8a8_dynamic
dynamic,MIX_AIC,"4096,4096;16384,4096",INT8;INT8,ND;ND,"4096,16384",DT_BF16,ND,1263.58,w8a8_dynamic
dynamic,MIX_AIC,"4096,7168;16384,7168",INT8;INT8,ND;ND,"4096,16384",DT_BF16,ND,2072.75,w8a8_dynamic
dynamic,MIX_AIC,"4096,8192;16384,8192",INT8;INT8,ND;ND,"4096,16384",DT_BF16,ND,2375.89,w8a8_dynamic
dynamic,MIX_AIC,"4096,12288;16384,12288",INT8;INT8,ND;ND,"4096,16384",DT_BF16,ND,3467.50,w8a8_dynamic
dynamic,MIX_AIC,"4096,16384;16384,16384",INT8;INT8,ND;ND,"4096,16384",DT_BF16,ND,4556.96,w8a8_dynamic
dynamic,MIX_AIC,"8192,256;256,256",INT8;INT8,ND;ND,"8192,256",DT_BF16,ND,91.97,w8a8_dynamic
dynamic,MIX_AIC,"8192,512;256,512",INT8;INT8,ND;ND,"8192,256",DT_BF16,ND,89.41,w8a8_dynamic
dynamic,MIX_AIC,"8192,1024;256,1024",INT8;INT8,ND;ND,"8192,256",DT_BF16,ND,90.99,w8a8_dynamic
dynamic,MIX_AIC,"8192,2048;256,2048",INT8;INT8,ND;ND,"8192,256",DT_BF16,ND,107.91,w8a8_dynamic
dynamic,MIX_AIC,"8192,4096;256,4096",INT8;INT8,ND;ND,"8192,256",DT_BF16,ND,158.58,w8a8_dynamic
dynamic,MIX_AIC,"8192,7168;256,7168",INT8;INT8,ND;ND,"8192,256",DT_BF16,ND,231.29,w8a8_dynamic
dynamic,MIX_AIC,"8192,8192;256,8192",INT8;INT8,ND;ND,"8192,256",DT_BF16,ND,255.14,w8a8_dynamic
dynamic,MIX_AIC,"8192,12288;256,12288",INT8;INT8,ND;ND,"8192,256",DT_BF16,ND,390.26,w8a8_dynamic
dynamic,MIX_AIC,"8192,16384;256,16384",INT8;INT8,ND;ND,"8192,256",DT_BF16,ND,551.90,w8a8_dynamic
dynamic,MIX_AIC,"8192,256;512,256",INT8;INT8,ND;ND,"8192,512",DT_BF16,ND,89.64,w8a8_dynamic
dynamic,MIX_AIC,"8192,512;512,512",INT8;INT8,ND;ND,"8192,512",DT_BF16,ND,92.61,w8a8_dynamic
dynamic,MIX_AIC,"8192,1024;512,1024",INT8;INT8,ND;ND,"8192,512",DT_BF16,ND,99.09,w8a8_dynamic
dynamic,MIX_AIC,"8192,2048;512,2048",INT8;INT8,ND;ND,"8192,512",DT_BF16,ND,126.54,w8a8_dynamic
dynamic,MIX_AIC,"8192,4096;512,4096",INT8;INT8,ND;ND,"8192,512",DT_BF16,ND,185.86,w8a8_dynamic
dynamic,MIX_AIC,"8192,7168;512,7168",INT8;INT8,ND;ND,"8192,512",DT_BF16,ND,278.87,w8a8_dynamic
dynamic,MIX_AIC,"8192,8192;512,8192",INT8;INT8,ND;ND,"8192,512",DT_BF16,ND,308.94,w8a8_dynamic
dynamic,MIX_AIC,"8192,12288;512,12288",INT8;INT8,ND;ND,"8192,512",DT_BF16,ND,466.36,w8a8_dynamic
dynamic,MIX_AIC,"8192,16384;512,16384",INT8;INT8,ND;ND,"8192,512",DT_BF16,ND,659.40,w8a8_dynamic
dynamic,MIX_AIC,"8192,256;1024,256",INT8;INT8,ND;ND,"8192,1024",DT_BF16,ND,94.39,w8a8_dynamic
dynamic,MIX_AIC,"8192,512;1024,512",INT8;INT8,ND;ND,"8192,1024",DT_BF16,ND,99.56,w8a8_dynamic
dynamic,MIX_AIC,"8192,1024;1024,1024",INT8;INT8,ND;ND,"8192,1024",DT_BF16,ND,121.81,w8a8_dynamic
dynamic,MIX_AIC,"8192,2048;1024,2048",INT8;INT8,ND;ND,"8192,1024",DT_BF16,ND,156.36,w8a8_dynamic
dynamic,MIX_AIC,"8192,4096;1024,4096",INT8;INT8,ND;ND,"8192,1024",DT_BF16,ND,238.98,w8a8_dynamic
dynamic,MIX_AIC,"8192,7168;1024,7168",INT8;INT8,ND;ND,"8192,1024",DT_BF16,ND,373.10,w8a8_dynamic
dynamic,MIX_AIC,"8192,8192;1024,8192",INT8;INT8,ND;ND,"8192,1024",DT_BF16,ND,416.60,w8a8_dynamic
dynamic,MIX_AIC,"8192,12288;1024,12288",INT8;INT8,ND;ND,"8192,1024",DT_BF16,ND,646.98,w8a8_dynamic
dynamic,MIX_AIC,"8192,16384;1024,16384",INT8;INT8,ND;ND,"8192,1024",DT_BF16,ND,873.71,w8a8_dynamic
dynamic,MIX_AIC,"8192,256;2048,256",INT8;INT8,ND;ND,"8192,2048",DT_BF16,ND,130.70,w8a8_dynamic
dynamic,MIX_AIC,"8192,512;2048,512",INT8;INT8,ND;ND,"8192,2048",DT_BF16,ND,141.30,w8a8_dynamic
dynamic,MIX_AIC,"8192,1024;2048,1024",INT8;INT8,ND;ND,"8192,2048",DT_BF16,ND,171.20,w8a8_dynamic
dynamic,MIX_AIC,"8192,2048;2048,2048",INT8;INT8,ND;ND,"8192,2048",DT_BF16,ND,218.29,w8a8_dynamic
dynamic,MIX_AIC,"8192,4096;2048,4096",INT8;INT8,ND;ND,"8192,2048",DT_BF16,ND,355.32,w8a8_dynamic
dynamic,MIX_AIC,"8192,7168;2048,7168",INT8;INT8,ND;ND,"8192,2048",DT_BF16,ND,609.68,w8a8_dynamic
dynamic,MIX_AIC,"8192,8192;2048,8192",INT8;INT8,ND;ND,"8192,2048",DT_BF16,ND,721.22,w8a8_dynamic
dynamic,MIX_AIC,"8192,12288;2048,12288",INT8;INT8,ND;ND,"8192,2048",DT_BF16,ND,1071.36,w8a8_dynamic
dynamic,MIX_AIC,"8192,16384;2048,16384",INT8;INT8,ND;ND,"8192,2048",DT_BF16,ND,1414.80,w8a8_dynamic
dynamic,MIX_AIC,"8192,256;4096,256",INT8;INT8,ND;ND,"8192,4096",DT_BF16,ND,217.45,w8a8_dynamic
dynamic,MIX_AIC,"8192,512;4096,512",INT8;INT8,ND;ND,"8192,4096",DT_BF16,ND,225.26,w8a8_dynamic
dynamic,MIX_AIC,"8192,1024;4096,1024",INT8;INT8,ND;ND,"8192,4096",DT_BF16,ND,245.17,w8a8_dynamic
dynamic,MIX_AIC,"8192,2048;4096,2048",INT8;INT8,ND;ND,"8192,4096",DT_BF16,ND,342.00,w8a8_dynamic
dynamic,MIX_AIC,"8192,4096;4096,4096",INT8;INT8,ND;ND,"8192,4096",DT_BF16,ND,638.32,w8a8_dynamic
dynamic,MIX_AIC,"8192,7168;4096,7168",INT8;INT8,ND;ND,"8192,4096",DT_BF16,ND,1147.16,w8a8_dynamic
dynamic,MIX_AIC,"8192,8192;4096,8192",INT8;INT8,ND;ND,"8192,4096",DT_BF16,ND,1296.88,w8a8_dynamic
dynamic,MIX_AIC,"8192,12288;4096,12288",INT8;INT8,ND;ND,"8192,4096",DT_BF16,ND,1992.69,w8a8_dynamic
dynamic,MIX_AIC,"8192,16384;4096,16384",INT8;INT8,ND;ND,"8192,4096",DT_BF16,ND,2531.10,w8a8_dynamic
dynamic,MIX_AIC,"8192,256;7168,256",INT8;INT8,ND;ND,"8192,7168",DT_BF16,ND,337.36,w8a8_dynamic
dynamic,MIX_AIC,"8192,512;7168,512",INT8;INT8,ND;ND,"8192,7168",DT_BF16,ND,351.77,w8a8_dynamic
dynamic,MIX_AIC,"8192,1024;7168,1024",INT8;INT8,ND;ND,"8192,7168",DT_BF16,ND,362.12,w8a8_dynamic
dynamic,MIX_AIC,"8192,2048;7168,2048",INT8;INT8,ND;ND,"8192,7168",DT_BF16,ND,586.23,w8a8_dynamic
dynamic,MIX_AIC,"8192,4096;7168,4096",INT8;INT8,ND;ND,"8192,7168",DT_BF16,ND,1139.63,w8a8_dynamic
dynamic,MIX_AIC,"8192,7168;7168,7168",INT8;INT8,ND;ND,"8192,7168",DT_BF16,ND,1995.55,w8a8_dynamic
dynamic,MIX_AIC,"8192,8192;7168,8192",INT8;INT8,ND;ND,"8192,7168",DT_BF16,ND,2117.05,w8a8_dynamic
dynamic,MIX_AIC,"8192,12288;7168,12288",INT8;INT8,ND;ND,"8192,7168",DT_BF16,ND,3179.63,w8a8_dynamic
dynamic,MIX_AIC,"8192,16384;7168,16384",INT8;INT8,ND;ND,"8192,7168",DT_BF16,ND,4057.14,w8a8_dynamic
dynamic,MIX_AIC,"8192,256;8192,256",INT8;INT8,ND;ND,"8192,8192",DT_BF16,ND,376.24,w8a8_dynamic
dynamic,MIX_AIC,"8192,512;8192,512",INT8;INT8,ND;ND,"8192,8192",DT_BF16,ND,390.56,w8a8_dynamic
dynamic,MIX_AIC,"8192,1024;8192,1024",INT8;INT8,ND;ND,"8192,8192",DT_BF16,ND,401.18,w8a8_dynamic
dynamic,MIX_AIC,"8192,2048;8192,2048",INT8;INT8,ND;ND,"8192,8192",DT_BF16,ND,687.55,w8a8_dynamic
dynamic,MIX_AIC,"8192,4096;8192,4096",INT8;INT8,ND;ND,"8192,8192",DT_BF16,ND,1298.25,w8a8_dynamic
dynamic,MIX_AIC,"8192,7168;8192,7168",INT8;INT8,ND;ND,"8192,8192",DT_BF16,ND,2139.26,w8a8_dynamic
dynamic,MIX_AIC,"8192,8192;8192,8192",INT8;INT8,ND;ND,"8192,8192",DT_BF16,ND,2448.75,w8a8_dynamic
dynamic,MIX_AIC,"8192,12288;8192,12288",INT8;INT8,ND;ND,"8192,8192",DT_BF16,ND,3620.07,w8a8_dynamic
dynamic,MIX_AIC,"8192,16384;8192,16384",INT8;INT8,ND;ND,"8192,8192",DT_BF16,ND,4762.67,w8a8_dynamic
dynamic,MIX_AIC,"8192,256;12288,256",INT8;INT8,ND;ND,"8192,12288",DT_BF16,ND,402.11,w8a8_dynamic
dynamic,MIX_AIC,"8192,512;12288,512",INT8;INT8,ND;ND,"8192,12288",DT_BF16,ND,468.75,w8a8_dynamic
dynamic,MIX_AIC,"8192,1024;12288,1024",INT8;INT8,ND;ND,"8192,12288",DT_BF16,ND,639.55,w8a8_dynamic
dynamic,MIX_AIC,"8192,2048;12288,2048",INT8;INT8,ND;ND,"8192,12288",DT_BF16,ND,1069.98,w8a8_dynamic
dynamic,MIX_AIC,"8192,4096;12288,4096",INT8;INT8,ND;ND,"8192,12288",DT_BF16,ND,1969.79,w8a8_dynamic
dynamic,MIX_AIC,"8192,7168;12288,7168",INT8;INT8,ND;ND,"8192,12288",DT_BF16,ND,3193.52,w8a8_dynamic
dynamic,MIX_AIC,"8192,8192;12288,8192",INT8;INT8,ND;ND,"8192,12288",DT_BF16,ND,3580.18,w8a8_dynamic
dynamic,MIX_AIC,"8192,12288;12288,12288",INT8;INT8,ND;ND,"8192,12288",DT_BF16,ND,5328.08,w8a8_dynamic
dynamic,MIX_AIC,"8192,16384;12288,16384",INT8;INT8,ND;ND,"8192,12288",DT_BF16,ND,6972.00,w8a8_dynamic
dynamic,MIX_AIC,"8192,256;16384,256",INT8;INT8,ND;ND,"8192,16384",DT_BF16,ND,530.42,w8a8_dynamic
dynamic,MIX_AIC,"8192,512;16384,512",INT8;INT8,ND;ND,"8192,16384",DT_BF16,ND,634.69,w8a8_dynamic
dynamic,MIX_AIC,"8192,1024;16384,1024",INT8;INT8,ND;ND,"8192,16384",DT_BF16,ND,850.46,w8a8_dynamic
dynamic,MIX_AIC,"8192,2048;16384,2048",INT8;INT8,ND;ND,"8192,16384",DT_BF16,ND,1384.11,w8a8_dynamic
dynamic,MIX_AIC,"8192,4096;16384,4096",INT8;INT8,ND;ND,"8192,16384",DT_BF16,ND,2525.38,w8a8_dynamic
dynamic,MIX_AIC,"8192,7168;16384,7168",INT8;INT8,ND;ND,"8192,16384",DT_BF16,ND,4163.19,w8a8_dynamic
dynamic,MIX_AIC,"8192,8192;16384,8192",INT8;INT8,ND;ND,"8192,16384",DT_BF16,ND,4768.98,w8a8_dynamic
dynamic,MIX_AIC,"8192,12288;16384,12288",INT8;INT8,ND;ND,"8192,16384",DT_BF16,ND,7018.03,w8a8_dynamic
dynamic,MIX_AIC,"8192,16384;16384,16384",INT8;INT8,ND;ND,"8192,16384",DT_BF16,ND,9241.09,w8a8_dynamic
dynamic,MIX_AIC,"16384,256;256,256",INT8;INT8,ND;ND,"16384,256",DT_BF16,ND,122.43,w8a8_dynamic
dynamic,MIX_AIC,"16384,512;256,512",INT8;INT8,ND;ND,"16384,256",DT_BF16,ND,128.83,w8a8_dynamic
dynamic,MIX_AIC,"16384,1024;256,1024",INT8;INT8,ND;ND,"16384,256",DT_BF16,ND,148.52,w8a8_dynamic
dynamic,MIX_AIC,"16384,2048;256,2048",INT8;INT8,ND;ND,"16384,256",DT_BF16,ND,183.65,w8a8_dynamic
dynamic,MIX_AIC,"16384,4096;256,4096",INT8;INT8,ND;ND,"16384,256",DT_BF16,ND,288.42,w8a8_dynamic
dynamic,MIX_AIC,"16384,7168;256,7168",INT8;INT8,ND;ND,"16384,256",DT_BF16,ND,454.69,w8a8_dynamic
dynamic,MIX_AIC,"16384,8192;256,8192",INT8;INT8,ND;ND,"16384,256",DT_BF16,ND,510.17,w8a8_dynamic
dynamic,MIX_AIC,"16384,12288;256,12288",INT8;INT8,ND;ND,"16384,256",DT_BF16,ND,753.75,w8a8_dynamic
dynamic,MIX_AIC,"16384,16384;256,16384",INT8;INT8,ND;ND,"16384,256",DT_BF16,ND,1101.91,w8a8_dynamic
dynamic,MIX_AIC,"16384,256;512,256",INT8;INT8,ND;ND,"16384,512",DT_BF16,ND,152.17,w8a8_dynamic
dynamic,MIX_AIC,"16384,512;512,512",INT8;INT8,ND;ND,"16384,512",DT_BF16,ND,136.85,w8a8_dynamic
dynamic,MIX_AIC,"16384,1024;512,1024",INT8;INT8,ND;ND,"16384,512",DT_BF16,ND,171.44,w8a8_dynamic
dynamic,MIX_AIC,"16384,2048;512,2048",INT8;INT8,ND;ND,"16384,512",DT_BF16,ND,217.19,w8a8_dynamic
dynamic,MIX_AIC,"16384,4096;512,4096",INT8;INT8,ND;ND,"16384,512",DT_BF16,ND,336.00,w8a8_dynamic
dynamic,MIX_AIC,"16384,7168;512,7168",INT8;INT8,ND;ND,"16384,512",DT_BF16,ND,535.32,w8a8_dynamic
dynamic,MIX_AIC,"16384,8192;512,8192",INT8;INT8,ND;ND,"16384,512",DT_BF16,ND,597.69,w8a8_dynamic
dynamic,MIX_AIC,"16384,12288;512,12288",INT8;INT8,ND;ND,"16384,512",DT_BF16,ND,874.61,w8a8_dynamic
dynamic,MIX_AIC,"16384,16384;512,16384",INT8;INT8,ND;ND,"16384,512",DT_BF16,ND,1268.30,w8a8_dynamic
dynamic,MIX_AIC,"16384,256;1024,256",INT8;INT8,ND;ND,"16384,1024",DT_BF16,ND,165.77,w8a8_dynamic
dynamic,MIX_AIC,"16384,512;1024,512",INT8;INT8,ND;ND,"16384,1024",DT_BF16,ND,178.12,w8a8_dynamic
dynamic,MIX_AIC,"16384,1024;1024,1024",INT8;INT8,ND;ND,"16384,1024",DT_BF16,ND,216.12,w8a8_dynamic
dynamic,MIX_AIC,"16384,2048;1024,2048",INT8;INT8,ND;ND,"16384,1024",DT_BF16,ND,279.77,w8a8_dynamic
dynamic,MIX_AIC,"16384,4096;1024,4096",INT8;INT8,ND;ND,"16384,1024",DT_BF16,ND,458.32,w8a8_dynamic
dynamic,MIX_AIC,"16384,7168;1024,7168",INT8;INT8,ND;ND,"16384,1024",DT_BF16,ND,778.85,w8a8_dynamic
dynamic,MIX_AIC,"16384,8192;1024,8192",INT8;INT8,ND;ND,"16384,1024",DT_BF16,ND,869.93,w8a8_dynamic
dynamic,MIX_AIC,"16384,12288;1024,12288",INT8;INT8,ND;ND,"16384,1024",DT_BF16,ND,1302.94,w8a8_dynamic
dynamic,MIX_AIC,"16384,16384;1024,16384",INT8;INT8,ND;ND,"16384,1024",DT_BF16,ND,1756.25,w8a8_dynamic
dynamic,MIX_AIC,"16384,256;2048,256",INT8;INT8,ND;ND,"16384,2048",DT_BF16,ND,238.32,w8a8_dynamic
dynamic,MIX_AIC,"16384,512;2048,512",INT8;INT8,ND;ND,"16384,2048",DT_BF16,ND,250.76,w8a8_dynamic
dynamic,MIX_AIC,"16384,1024;2048,1024",INT8;INT8,ND;ND,"16384,2048",DT_BF16,ND,293.04,w8a8_dynamic
dynamic,MIX_AIC,"16384,2048;2048,2048",INT8;INT8,ND;ND,"16384,2048",DT_BF16,ND,404.49,w8a8_dynamic
dynamic,MIX_AIC,"16384,4096;2048,4096",INT8;INT8,ND;ND,"16384,2048",DT_BF16,ND,768.79,w8a8_dynamic
dynamic,MIX_AIC,"16384,7168;2048,7168",INT8;INT8,ND;ND,"16384,2048",DT_BF16,ND,1281.44,w8a8_dynamic
dynamic,MIX_AIC,"16384,8192;2048,8192",INT8;INT8,ND;ND,"16384,2048",DT_BF16,ND,1451.89,w8a8_dynamic
dynamic,MIX_AIC,"16384,12288;2048,12288",INT8;INT8,ND;ND,"16384,2048",DT_BF16,ND,2056.99,w8a8_dynamic
dynamic,MIX_AIC,"16384,16384;2048,16384",INT8;INT8,ND;ND,"16384,2048",DT_BF16,ND,2864.69,w8a8_dynamic
dynamic,MIX_AIC,"16384,256;4096,256",INT8;INT8,ND;ND,"16384,4096",DT_BF16,ND,409.33,w8a8_dynamic
dynamic,MIX_AIC,"16384,512;4096,512",INT8;INT8,ND;ND,"16384,4096",DT_BF16,ND,427.89,w8a8_dynamic
dynamic,MIX_AIC,"16384,1024;4096,1024",INT8;INT8,ND;ND,"16384,4096",DT_BF16,ND,454.15,w8a8_dynamic
dynamic,MIX_AIC,"16384,2048;4096,2048",INT8;INT8,ND;ND,"16384,4096",DT_BF16,ND,760.48,w8a8_dynamic
dynamic,MIX_AIC,"16384,4096;4096,4096",INT8;INT8,ND;ND,"16384,4096",DT_BF16,ND,1387.81,w8a8_dynamic
dynamic,MIX_AIC,"16384,7168;4096,7168",INT8;INT8,ND;ND,"16384,4096",DT_BF16,ND,2324.87,w8a8_dynamic
dynamic,MIX_AIC,"16384,8192;4096,8192",INT8;INT8,ND;ND,"16384,4096",DT_BF16,ND,2619.63,w8a8_dynamic
dynamic,MIX_AIC,"16384,12288;4096,12288",INT8;INT8,ND;ND,"16384,4096",DT_BF16,ND,3992.25,w8a8_dynamic
dynamic,MIX_AIC,"16384,16384;4096,16384",INT8;INT8,ND;ND,"16384,4096",DT_BF16,ND,5058.44,w8a8_dynamic
dynamic,MIX_AIC,"16384,256;7168,256",INT8;INT8,ND;ND,"16384,7168",DT_BF16,ND,489.04,w8a8_dynamic
dynamic,MIX_AIC,"16384,512;7168,512",INT8;INT8,ND;ND,"16384,7168",DT_BF16,ND,572.58,w8a8_dynamic
dynamic,MIX_AIC,"16384,1024;7168,1024",INT8;INT8,ND;ND,"16384,7168",DT_BF16,ND,793.14,w8a8_dynamic
dynamic,MIX_AIC,"16384,2048;7168,2048",INT8;INT8,ND;ND,"16384,7168",DT_BF16,ND,1263.35,w8a8_dynamic
dynamic,MIX_AIC,"16384,4096;7168,4096",INT8;INT8,ND;ND,"16384,7168",DT_BF16,ND,2305.58,w8a8_dynamic
dynamic,MIX_AIC,"16384,7168;7168,7168",INT8;INT8,ND;ND,"16384,7168",DT_BF16,ND,3957.01,w8a8_dynamic
dynamic,MIX_AIC,"16384,8192;7168,8192",INT8;INT8,ND;ND,"16384,7168",DT_BF16,ND,4318.46,w8a8_dynamic
dynamic,MIX_AIC,"16384,12288;7168,12288",INT8;INT8,ND;ND,"16384,7168",DT_BF16,ND,6340.91,w8a8_dynamic
dynamic,MIX_AIC,"16384,16384;7168,16384",INT8;INT8,ND;ND,"16384,7168",DT_BF16,ND,8311.33,w8a8_dynamic
dynamic,MIX_AIC,"16384,256;8192,256",INT8;INT8,ND;ND,"16384,8192",DT_BF16,ND,543.51,w8a8_dynamic
dynamic,MIX_AIC,"16384,512;8192,512",INT8;INT8,ND;ND,"16384,8192",DT_BF16,ND,647.03,w8a8_dynamic
dynamic,MIX_AIC,"16384,1024;8192,1024",INT8;INT8,ND;ND,"16384,8192",DT_BF16,ND,893.02,w8a8_dynamic
dynamic,MIX_AIC,"16384,2048;8192,2048",INT8;INT8,ND;ND,"16384,8192",DT_BF16,ND,1435.15,w8a8_dynamic
dynamic,MIX_AIC,"16384,4096;8192,4096",INT8;INT8,ND;ND,"16384,8192",DT_BF16,ND,2613.68,w8a8_dynamic
dynamic,MIX_AIC,"16384,7168;8192,7168",INT8;INT8,ND;ND,"16384,8192",DT_BF16,ND,4343.16,w8a8_dynamic
dynamic,MIX_AIC,"16384,8192;8192,8192",INT8;INT8,ND;ND,"16384,8192",DT_BF16,ND,4933.98,w8a8_dynamic
dynamic,MIX_AIC,"16384,12288;8192,12288",INT8;INT8,ND;ND,"16384,8192",DT_BF16,ND,7276.14,w8a8_dynamic
dynamic,MIX_AIC,"16384,16384;8192,16384",INT8;INT8,ND;ND,"16384,8192",DT_BF16,ND,9631.79,w8a8_dynamic
dynamic,MIX_AIC,"16384,256;12288,256",INT8;INT8,ND;ND,"16384,12288",DT_BF16,ND,766.08,w8a8_dynamic
dynamic,MIX_AIC,"16384,512;12288,512",INT8;INT8,ND;ND,"16384,12288",DT_BF16,ND,939.54,w8a8_dynamic
dynamic,MIX_AIC,"16384,1024;12288,1024",INT8;INT8,ND;ND,"16384,12288",DT_BF16,ND,1303.15,w8a8_dynamic
dynamic,MIX_AIC,"16384,2048;12288,2048",INT8;INT8,ND;ND,"16384,12288",DT_BF16,ND,2102.42,w8a8_dynamic
dynamic,MIX_AIC,"16384,4096;12288,4096",INT8;INT8,ND;ND,"16384,12288",DT_BF16,ND,3939.03,w8a8_dynamic
dynamic,MIX_AIC,"16384,7168;12288,7168",INT8;INT8,ND;ND,"16384,12288",DT_BF16,ND,6371.56,w8a8_dynamic
dynamic,MIX_AIC,"16384,8192;12288,8192",INT8;INT8,ND;ND,"16384,12288",DT_BF16,ND,7255.97,w8a8_dynamic
dynamic,MIX_AIC,"16384,12288;12288,12288",INT8;INT8,ND;ND,"16384,12288",DT_BF16,ND,10700.76,w8a8_dynamic
dynamic,MIX_AIC,"16384,16384;12288,16384",INT8;INT8,ND;ND,"16384,12288",DT_BF16,ND,13998.44,w8a8_dynamic
dynamic,MIX_AIC,"16384,256;16384,256",INT8;INT8,ND;ND,"16384,16384",DT_BF16,ND,1030.60,w8a8_dynamic
dynamic,MIX_AIC,"16384,512;16384,512",INT8;INT8,ND;ND,"16384,16384",DT_BF16,ND,1246.53,w8a8_dynamic
dynamic,MIX_AIC,"16384,1024;16384,1024",INT8;INT8,ND;ND,"16384,16384",DT_BF16,ND,1712.72,w8a8_dynamic
dynamic,MIX_AIC,"16384,2048;16384,2048",INT8;INT8,ND;ND,"16384,16384",DT_BF16,ND,2803.35,w8a8_dynamic
dynamic,MIX_AIC,"16384,4096;16384,4096",INT8;INT8,ND;ND,"16384,16384",DT_BF16,ND,5037.35,w8a8_dynamic
dynamic,MIX_AIC,"16384,7168;16384,7168",INT8;INT8,ND;ND,"16384,16384",DT_BF16,ND,8438.50,w8a8_dynamic
dynamic,MIX_AIC,"16384,8192;16384,8192",INT8;INT8,ND;ND,"16384,16384",DT_BF16,ND,9577.00,w8a8_dynamic
dynamic,MIX_AIC,"16384,12288;16384,12288",INT8;INT8,ND;ND,"16384,16384",DT_BF16,ND,13996.15,w8a8_dynamic
dynamic,MIX_AIC,"16384,16384;16384,16384",INT8;INT8,ND;ND,"16384,16384",DT_BF16,ND,18568.47,w8a8_dynamic
